Datetime,Close,High,Low,Open,Volume
2026-06-11 09:30:00-04:00,291.32000732421875,293.7850036621094,291.0400085449219,293.7200012207031,1642520
2026-06-11 09:35:00-04:00,292.05999755859375,292.05999755859375,290.3800048828125,291.3349914550781,564024
2026-06-11 09:40:00-04:00,292.04901123046875,292.29998779296875,291.4700012207031,292.0295104980469,463823
2026-06-11 09:45:00-04:00,292.739990234375,293.1400146484375,291.6400146484375,292.0450134277344,538144
2026-06-11 09:50:00-04:00,293.7799987792969,293.95001220703125,292.6199951171875,292.7300109863281,575307
2026-06-11 09:55:00-04:00,291.5950012207031,293.75,291.5,293.75,546765
2026-06-11 10:00:00-04:00,290.8800048828125,291.7799987792969,290.3299865722656,291.5950012207031,567961
2026-06-11 10:05:00-04:00,290.6099853515625,290.8900146484375,290.25,290.8550109863281,471073
2026-06-11 10:10:00-04:00,290.2200012207031,290.8031005859375,290.04998779296875,290.6199035644531,374763
2026-06-11 10:15:00-04:00,290.1400146484375,290.3500061035156,289.8500061035156,290.2200012207031,501597
2026-06-11 10:20:00-04:00,291.0799865722656,291.3299865722656,289.75,290.1300048828125,575966
2026-06-11 10:25:00-04:00,290.5799865722656,291.25,290.0199890136719,291.05999755859375,292007
2026-06-11 10:30:00-04:00,290.18499755859375,290.92999267578125,289.8800048828125,290.6099853515625,320758
2026-06-11 10:35:00-04:00,290.6700134277344,291.135009765625,290.1199951171875,290.17010498046875,414185
2026-06-11 10:40:00-04:00,290.5400085449219,290.94000244140625,290.5199890136719,290.67999267578125,681307
2026-06-11 10:45:00-04:00,290.75,290.989990234375,290.5,290.5400085449219,342471
2026-06-11 10:50:00-04:00,290.6000061035156,290.80999755859375,290.2640075683594,290.760009765625,331333
2026-06-11 10:55:00-04:00,289.8999938964844,290.6300048828125,289.6000061035156,290.6000061035156,364252
2026-06-11 11:00:00-04:00,290.4049987792969,290.55999755859375,289.7900085449219,289.9100036621094,391067
2026-06-11 11:05:00-04:00,290.82501220703125,290.93011474609375,289.95001220703125,290.3949890136719,288796
2026-06-11 11:10:00-04:00,290.79998779296875,290.95989990234375,290.58221435546875,290.82470703125,271684
2026-06-11 11:15:00-04:00,290.8699951171875,291.0899963378906,290.6003112792969,290.80999755859375,265437
2026-06-11 11:20:00-04:00,291.7200012207031,291.7200012207031,290.79998779296875,290.8500061035156,281378
2026-06-11 11:25:00-04:00,291.19000244140625,291.82000732421875,291.19000244140625,291.7200012207031,332702
2026-06-11 11:30:00-04:00,291.8949890136719,291.95001220703125,291.0614929199219,291.17999267578125,361660
2026-06-11 11:35:00-04:00,292.55999755859375,292.69000244140625,291.7900085449219,291.8699951171875,329852
2026-06-11 11:40:00-04:00,292.6700134277344,293.07000732421875,292.4750061035156,292.5799865722656,405955
2026-06-11 11:45:00-04:00,292.9700012207031,293.2699890136719,292.4100036621094,292.69000244140625,318104
2026-06-11 11:50:00-04:00,292.8699951171875,292.9700012207031,292.56988525390625,292.9700012207031,330134
2026-06-11 11:55:00-04:00,293.3949890136719,293.56500244140625,292.7349853515625,292.8800048828125,325398
2026-06-11 12:00:00-04:00,293.3900146484375,293.7799987792969,291.5044860839844,293.409912109375,338422
2026-06-11 12:05:00-04:00,293.6549987792969,293.8299865722656,293.2300109863281,293.42999267578125,238128
2026-06-11 12:10:00-04:00,293.4901123046875,293.94439697265625,293.4800109863281,293.6600036621094,317920
2026-06-11 12:15:00-04:00,293.57000732421875,293.8599853515625,293.45001220703125,293.5199890136719,255544
2026-06-11 12:20:00-04:00,292.68499755859375,293.6911926269531,292.6300048828125,293.5799865722656,267795
2026-06-11 12:25:00-04:00,292.9849853515625,293.2699890136719,292.5552062988281,292.67999267578125,353868
2026-06-11 12:30:00-04:00,293.8999938964844,293.9700012207031,292.9100036621094,292.9599914550781,296679
2026-06-11 12:35:00-04:00,293.8900146484375,294.5,293.8299865722656,293.8399963378906,465596
2026-06-11 12:40:00-04:00,293.9400939941406,294.04998779296875,293.69000244140625,293.9200134277344,184161
2026-06-11 12:45:00-04:00,293.95001220703125,294.1700134277344,293.8699951171875,293.9200134277344,184192
2026-06-11 12:50:00-04:00,293.7300109863281,294.08990478515625,293.70001220703125,293.9599914550781,203950
2026-06-11 12:55:00-04:00,293.75,293.8399963378906,293.6300048828125,293.7250061035156,169201
2026-06-11 13:00:00-04:00,293.1199951171875,293.8999938964844,293.0600891113281,293.760009765625,269269
2026-06-11 13:05:00-04:00,293.6000061035156,293.8099060058594,293.06500244140625,293.0950012207031,211516
2026-06-11 13:10:00-04:00,293.3699951171875,293.760009765625,293.32000732421875,293.6000061035156,204572
2026-06-11 13:15:00-04:00,293.17498779296875,293.5199890136719,293.1199951171875,293.3800048828125,158659
2026-06-11 13:20:00-04:00,293.3299865722656,293.4200134277344,293.1300048828125,293.1700134277344,221932
2026-06-11 13:25:00-04:00,295.9549865722656,296.0,293.32501220703125,293.3299865722656,1050179
2026-06-11 13:30:00-04:00,296.7850036621094,297.0,295.7749938964844,295.989990234375,956071
2026-06-11 13:35:00-04:00,296.1300048828125,296.9800109863281,296.010009765625,296.80999755859375,427850
2026-06-11 13:40:00-04:00,296.57049560546875,296.8599853515625,296.0799865722656,296.135009765625,458136
2026-06-11 13:45:00-04:00,295.9800109863281,296.82000732421875,295.8399963378906,296.6000061035156,271625
2026-06-11 13:50:00-04:00,295.66009521484375,295.9800109863281,295.45001220703125,295.9800109863281,256602
2026-06-11 13:55:00-04:00,295.7799987792969,295.8299865722656,295.510009765625,295.6650085449219,245385
2026-06-11 14:00:00-04:00,295.29998779296875,295.989990234375,295.2200012207031,295.7699890136719,287471
2026-06-11 14:05:00-04:00,295.5450134277344,295.69000244140625,295.1300048828125,295.29998779296875,241446
2026-06-11 14:10:00-04:00,295.7799987792969,295.8599853515625,295.42999267578125,295.5,213397
2026-06-11 14:15:00-04:00,296.3599853515625,296.3800048828125,295.7300109863281,295.7650146484375,268925
2026-06-11 14:20:00-04:00,295.7449951171875,296.45001220703125,295.6199951171875,296.3500061035156,346550
2026-06-11 14:25:00-04:00,295.5400085449219,295.8399963378906,295.45001220703125,295.7449951171875,187552
2026-06-11 14:30:00-04:00,295.5249938964844,295.7900085449219,295.4649963378906,295.54010009765625,223132
2026-06-11 14:35:00-04:00,295.260009765625,295.6300048828125,295.239990234375,295.5199890136719,181560
2026-06-11 14:40:00-04:00,295.4599914550781,295.5799865722656,295.25,295.260009765625,193682
2026-06-11 14:45:00-04:00,295.82501220703125,295.95001220703125,295.4400939941406,295.4519958496094,211187
2026-06-11 14:50:00-04:00,295.7300109863281,296.07000732421875,295.70660400390625,295.82000732421875,200051
2026-06-11 14:55:00-04:00,295.2099914550781,295.760009765625,295.1499938964844,295.7300109863281,257379
2026-06-11 15:00:00-04:00,295.3900146484375,295.4549865722656,295.1199951171875,295.20001220703125,244099
2026-06-11 15:05:00-04:00,295.3299865722656,295.44000244140625,295.0199890136719,295.3900146484375,300774
2026-06-11 15:10:00-04:00,295.3599853515625,295.5050048828125,295.18499755859375,295.3299865722656,324210
2026-06-11 15:15:00-04:00,295.44500732421875,295.6099853515625,295.3399963378906,295.3800048828125,290155
2026-06-11 15:20:00-04:00,295.2575988769531,295.5299987792969,295.110107421875,295.44500732421875,374325
2026-06-11 15:25:00-04:00,295.3999938964844,295.4599914550781,295.0899963378906,295.2550048828125,329421
2026-06-11 15:30:00-04:00,295.8900146484375,296.0299987792969,295.260009765625,295.4100036621094,555301
2026-06-11 15:35:00-04:00,295.92999267578125,296.17999267578125,295.760009765625,295.8949890136719,461260
2026-06-11 15:40:00-04:00,296.019287109375,296.1700134277344,295.8450012207031,295.9200134277344,457159
2026-06-11 15:45:00-04:00,295.5400085449219,296.0400085449219,295.3900146484375,296.0199890136719,464434
2026-06-11 15:50:00-04:00,295.760009765625,296.0299987792969,294.70001220703125,295.55999755859375,998845
2026-06-11 15:55:00-04:00,295.3599853515625,295.9599914550781,294.8450012207031,295.75,2724837
2026-06-12 09:30:00-04:00,295.3699951171875,297.1400146484375,294.8900146484375,296.0799865722656,2127644
2026-06-12 09:35:00-04:00,293.5899963378906,295.3999938964844,293.57000732421875,295.3500061035156,866800
2026-06-12 09:40:00-04:00,292.3949890136719,293.75,291.8774108886719,293.6000061035156,962832
2026-06-12 09:45:00-04:00,291.69000244140625,292.8799133300781,291.3599853515625,292.3900146484375,569956
2026-06-12 09:50:00-04:00,291.4200134277344,292.3299865722656,291.3599853515625,291.67999267578125,602146
2026-06-12 09:55:00-04:00,291.135009765625,291.8299865722656,291.0,291.44000244140625,622016
2026-06-12 10:00:00-04:00,291.4599914550781,291.69989013671875,290.6099853515625,291.1000061035156,815577
2026-06-12 10:05:00-04:00,291.45001220703125,291.9750061035156,291.1099853515625,291.4200134277344,609531
2026-06-12 10:10:00-04:00,291.95001220703125,292.2099914550781,291.3800048828125,291.4599914550781,563366
2026-06-12 10:15:00-04:00,292.8200988769531,293.2099914550781,291.9601135253906,291.9700012207031,553900
2026-06-12 10:20:00-04:00,292.20001220703125,292.8699951171875,291.9800109863281,292.8399963378906,428446
2026-06-12 10:25:00-04:00,291.9949951171875,292.3800048828125,291.7200012207031,292.19000244140625,375724
2026-06-12 10:30:00-04:00,291.82000732421875,292.3299865722656,291.3800964355469,291.9800109863281,360592
2026-06-12 10:35:00-04:00,291.42498779296875,291.8699951171875,291.4200134277344,291.82501220703125,299913
2026-06-12 10:40:00-04:00,291.1099853515625,291.70001220703125,290.8900146484375,291.42999267578125,406873
2026-06-12 10:45:00-04:00,290.260009765625,291.3599853515625,290.2099914550781,291.1199951171875,461952
2026-06-12 10:50:00-04:00,291.260009765625,291.3500061035156,290.010009765625,290.260009765625,698438
2026-06-12 10:55:00-04:00,291.739990234375,291.8399963378906,291.0299987792969,291.25,387995
2026-06-12 11:00:00-04:00,292.1960144042969,292.20989990234375,291.6000061035156,291.7449951171875,516549
2026-06-12 11:05:00-04:00,292.3949890136719,292.8699951171875,292.0799865722656,292.20001220703125,317439
2026-06-12 11:10:00-04:00,292.7650146484375,292.8800048828125,292.25,292.3800048828125,60730
2026-06-12 11:15:00-04:00,292.6499938964844,292.7850036621094,292.25,292.7650146484375,486008
2026-06-12 11:20:00-04:00,292.7900085449219,292.9800109863281,292.5400085449219,292.6400146484375,268676
2026-06-12 11:25:00-04:00,292.875,292.989990234375,292.5899963378906,292.7900085449219,272519
2026-06-12 11:30:00-04:00,292.4849853515625,292.8599853515625,292.4100036621094,292.8599853515625,260418
2026-06-12 11:35:00-04:00,291.70001220703125,292.6700134277344,291.5801086425781,292.4700012207031,518252
2026-06-12 11:40:00-04:00,291.8550109863281,292.1400146484375,291.5,291.67999267578125,441118
2026-06-12 11:45:00-04:00,291.1600036621094,291.9800109863281,291.1099853515625,291.8599853515625,259271
2026-06-12 11:50:00-04:00,291.9200134277344,292.07000732421875,291.0299987792969,291.1700134277344,261085
2026-06-12 11:55:00-04:00,291.335205078125,291.9798889160156,291.135009765625,291.9100036621094,226907
2026-06-12 12:00:00-04:00,291.2200012207031,291.91009521484375,291.010009765625,291.3349914550781,326783
2026-06-12 12:05:00-04:00,291.139892578125,291.91009521484375,290.80999755859375,291.19000244140625,275733
2026-06-12 12:10:00-04:00,291.94500732421875,292.19989013671875,290.8789978027344,291.1099853515625,434801
2026-06-12 12:15:00-04:00,291.6199951171875,292.1600036621094,291.510009765625,291.9700012207031,224477
2026-06-12 12:20:00-04:00,291.739990234375,291.8731994628906,291.4700012207031,291.6300048828125,234692
2026-06-12 12:25:00-04:00,291.5799865722656,291.8399963378906,291.54998779296875,291.7699890136719,190562
2026-06-12 12:30:00-04:00,291.32000732421875,291.7200012207031,291.25,291.57000732421875,219606
2026-06-12 12:35:00-04:00,291.0849914550781,291.3550109863281,290.8599853515625,291.30999755859375,276750
2026-06-12 12:40:00-04:00,290.9800109863281,291.465087890625,290.8399963378906,291.1000061035156,252912
2026-06-12 12:45:00-04:00,291.3399963378906,291.4100036621094,290.95001220703125,290.989990234375,296070
2026-06-12 12:50:00-04:00,291.3599853515625,291.5,291.16119384765625,291.3399963378906,199632
2026-06-12 12:55:00-04:00,291.2099914550781,291.44268798828125,290.75,291.364990234375,283405
2026-06-12 13:00:00-04:00,291.3599853515625,291.489990234375,291.125,291.17999267578125,292574
2026-06-12 13:05:00-04:00,291.38360595703125,291.7900085449219,291.30999755859375,291.3599853515625,366550
2026-06-12 13:10:00-04:00,291.510009765625,291.55999755859375,291.1499938964844,291.3999938964844,209999
2026-06-12 13:15:00-04:00,291.989990234375,292.0400085449219,291.4100036621094,291.5199890136719,227962
2026-06-12 13:20:00-04:00,291.8999938964844,292.2449951171875,291.7699890136719,292.010009765625,190816
2026-06-12 13:25:00-04:00,291.4601135253906,291.9100036621094,291.4100036621094,291.8999938964844,254326
2026-06-12 13:30:00-04:00,291.2749938964844,291.510009765625,291.2200012207031,291.4800109863281,134239
2026-06-12 13:35:00-04:00,291.20001220703125,291.389892578125,291.0799865722656,291.2799987792969,160591
2026-06-12 13:40:00-04:00,290.4100036621094,291.239990234375,290.3900146484375,291.2099914550781,313630
2026-06-12 13:45:00-04:00,290.54998779296875,290.5849914550781,290.3299865722656,290.4100036621094,304713
2026-06-12 13:50:00-04:00,290.3299865722656,290.63800048828125,290.29998779296875,290.56500244140625,223370
2026-06-12 13:55:00-04:00,289.8800048828125,290.30999755859375,289.80999755859375,290.30999755859375,414118
2026-06-12 14:00:00-04:00,289.739990234375,290.0899963378906,289.6700134277344,289.8999938964844,278719
2026-06-12 14:05:00-04:00,290.0799865722656,290.0799865722656,289.6199951171875,289.739990234375,311568
2026-06-12 14:10:00-04:00,290.2699890136719,290.5899963378906,290.0849914550781,290.0899963378906,308569
2026-06-12 14:15:00-04:00,290.07501220703125,290.3699951171875,289.9200134277344,290.2799072265625,239663
2026-06-12 14:20:00-04:00,290.2900085449219,290.30499267578125,290.04998779296875,290.07000732421875,187209
2026-06-12 14:25:00-04:00,290.2250061035156,290.3269958496094,290.1000061035156,290.2699890136719,207033
2026-06-12 14:30:00-04:00,290.4849853515625,290.5899963378906,290.2200012207031,290.2200012207031,207553
2026-06-12 14:35:00-04:00,290.5899963378906,290.68499755859375,290.3999938964844,290.489990234375,184205
2026-06-12 14:40:00-04:00,290.64019775390625,290.70001220703125,290.41009521484375,290.6000061035156,199147
2026-06-12 14:45:00-04:00,290.57000732421875,290.739990234375,290.5,290.6400146484375,198879
2026-06-12 14:50:00-04:00,290.6549987792969,290.67999267578125,290.4200134277344,290.5799865722656,211411
2026-06-12 14:55:00-04:00,290.4800109863281,290.70001220703125,290.4200134277344,290.6400146484375,296797
2026-06-12 15:00:00-04:00,290.8800048828125,290.9700012207031,290.3599853515625,290.4599914550781,265550
2026-06-12 15:05:00-04:00,290.6600036621094,290.8900146484375,290.57000732421875,290.8699951171875,245869
2026-06-12 15:10:00-04:00,290.6199951171875,290.7099914550781,290.5199890136719,290.6499938964844,280474
2026-06-12 15:15:00-04:00,290.7850036621094,290.80499267578125,290.44000244140625,290.6300048828125,398772
2026-06-12 15:20:00-04:00,290.7850036621094,290.8900146484375,290.6600036621094,290.7850036621094,264685
2026-06-12 15:25:00-04:00,290.6400146484375,290.8699951171875,290.6099853515625,290.7850036621094,289032
2026-06-12 15:30:00-04:00,290.5400085449219,290.739990234375,290.42999267578125,290.6400146484375,319929
2026-06-12 15:35:00-04:00,290.45001220703125,290.7650146484375,290.19000244140625,290.5350036621094,387619
2026-06-12 15:40:00-04:00,290.55059814453125,290.5950012207031,290.3399963378906,290.4435119628906,296442
2026-06-12 15:45:00-04:00,290.80999755859375,290.8599853515625,290.5,290.54998779296875,385145
2026-06-12 15:50:00-04:00,291.3598937988281,291.3699951171875,290.69000244140625,290.82000732421875,957750
2026-06-12 15:55:00-04:00,291.0799865722656,291.6400146484375,290.92999267578125,291.3500061035156,1676832
2026-06-15 09:30:00-04:00,293.7900085449219,294.25,291.70001220703125,294.1199951171875,3135554
2026-06-15 09:35:00-04:00,294.6300048828125,294.989990234375,293.55999755859375,293.80499267578125,1035256
2026-06-15 09:40:00-04:00,295.05999755859375,295.82000732421875,294.5903015136719,294.6700134277344,910453
2026-06-15 09:45:00-04:00,295.3800048828125,295.4100036621094,294.8949890136719,295.05999755859375,527706
2026-06-15 09:50:00-04:00,295.1199951171875,295.6000061035156,294.6600036621094,295.385009765625,604351
2026-06-15 09:55:00-04:00,295.3583068847656,295.92999267578125,294.7699890136719,295.1499938964844,578671
2026-06-15 10:00:00-04:00,295.55999755859375,295.8999938964844,295.05999755859375,295.3500061035156,558965
2026-06-15 10:05:00-04:00,295.55999755859375,295.95989990234375,295.2799987792969,295.55499267578125,398936
2026-06-15 10:10:00-04:00,295.8599853515625,296.32861328125,295.5,295.55999755859375,564588
2026-06-15 10:15:00-04:00,296.0899963378906,296.2998962402344,295.6319885253906,295.885009765625,441781
2026-06-15 10:20:00-04:00,295.510009765625,296.1600036621094,295.43499755859375,296.05999755859375,496888
2026-06-15 10:25:00-04:00,295.67999267578125,295.80999755859375,295.3800048828125,295.489990234375,373521
2026-06-15 10:30:00-04:00,296.0950012207031,296.3399963378906,295.6099853515625,295.7099914550781,484204
2026-06-15 10:35:00-04:00,295.4649963378906,296.19000244140625,295.3999938964844,296.0950012207031,379200
2026-06-15 10:40:00-04:00,296.20001220703125,296.2300109863281,295.4049987792969,295.4649963378906,337551
2026-06-15 10:45:00-04:00,296.5350036621094,296.70001220703125,296.1600036621094,296.2200012207031,381197
2026-06-15 10:50:00-04:00,296.639892578125,296.70001220703125,296.2200012207031,296.5350036621094,312054
2026-06-15 10:55:00-04:00,296.4830017089844,296.6499938964844,296.2900085449219,296.6300048828125,295564
2026-06-15 11:00:00-04:00,296.7349853515625,296.8999938964844,296.4100036621094,296.5,352338
2026-06-15 11:05:00-04:00,296.30999755859375,296.7799987792969,296.17010498046875,296.760009765625,340727
2026-06-15 11:10:00-04:00,296.30999755859375,296.489990234375,296.1700134277344,296.30999755859375,263922
2026-06-15 11:15:00-04:00,296.3699951171875,296.57000732421875,296.2900085449219,296.32000732421875,249570
2026-06-15 11:20:00-04:00,296.5400085449219,296.57000732421875,296.3500061035156,296.3599853515625,240465
2026-06-15 11:25:00-04:00,296.5299987792969,296.8500061035156,296.4700012207031,296.54998779296875,411544
2026-06-15 11:30:00-04:00,296.47088623046875,296.7349853515625,296.2200012207031,296.5400085449219,429350
2026-06-15 11:35:00-04:00,296.71490478515625,296.7799987792969,296.3699951171875,296.4750061035156,272495
2026-06-15 11:40:00-04:00,297.0299987792969,297.2099914550781,296.69000244140625,296.7099914550781,381052
2026-06-15 11:45:00-04:00,297.5350036621094,297.543701171875,297.0299987792969,297.0299987792969,428226
2026-06-15 11:50:00-04:00,297.30999755859375,297.6000061035156,297.2099914550781,297.5299987792969,455765
2026-06-15 11:55:00-04:00,297.4800109863281,297.7799987792969,297.2099914550781,297.3197937011719,267685
2026-06-15 12:00:00-04:00,297.4800109863281,297.7699890136719,297.3399963378906,297.4800109863281,331563
2026-06-15 12:05:00-04:00,297.2699890136719,297.57989501953125,297.260009765625,297.489990234375,217944
2026-06-15 12:10:00-04:00,297.07501220703125,297.3599853515625,296.8901062011719,297.2749938964844,354453
2026-06-15 12:15:00-04:00,297.06500244140625,297.1199951171875,296.8700866699219,297.07501220703125,215086
2026-06-15 12:20:00-04:00,297.239990234375,297.3500061035156,297.0199890136719,297.0707092285156,230001
2026-06-15 12:25:00-04:00,297.239990234375,297.3550109863281,297.114990234375,297.25,184174
2026-06-15 12:30:00-04:00,297.2099914550781,297.364990234375,297.07000732421875,297.2300109863281,190034
2026-06-15 12:35:00-04:00,297.05999755859375,297.2550048828125,296.94000244140625,297.2200012207031,191642
2026-06-15 12:40:00-04:00,296.9599914550781,297.1099853515625,296.8500061035156,297.05999755859375,172751
2026-06-15 12:45:00-04:00,296.7099914550781,296.9800109863281,296.69000244140625,296.9700012207031,233895
2026-06-15 12:50:00-04:00,296.69000244140625,296.8999938964844,296.55999755859375,296.70001220703125,182820
2026-06-15 12:55:00-04:00,296.94500732421875,296.9700012207031,296.56500244140625,296.69000244140625,154680
2026-06-15 13:00:00-04:00,296.5799865722656,296.9200134277344,296.25,296.9200134277344,270666
2026-06-15 13:05:00-04:00,296.5950012207031,296.70001220703125,296.25,296.5899963378906,264458
2026-06-15 13:10:00-04:00,296.70001220703125,296.7799987792969,296.56500244140625,296.5950012207031,213945
2026-06-15 13:15:00-04:00,296.7950134277344,297.1199951171875,296.6007080078125,296.69000244140625,372039
2026-06-15 13:20:00-04:00,296.8555908203125,297.2099914550781,296.7650146484375,296.7950134277344,319994
2026-06-15 13:25:00-04:00,296.6600036621094,296.95001220703125,296.54998779296875,296.8399963378906,254209
2026-06-15 13:30:00-04:00,296.5799865722656,296.79998779296875,296.3900146484375,296.6600036621094,278145
2026-06-15 13:35:00-04:00,296.92999267578125,297.0,296.5950012207031,296.5950012207031,252645
2026-06-15 13:40:00-04:00,296.5899963378906,296.9800109863281,296.5199890136719,296.92999267578125,252042
2026-06-15 13:45:00-04:00,296.3900146484375,296.6199951171875,296.2799987792969,296.5799865722656,241487
2026-06-15 13:50:00-04:00,295.9549865722656,296.3900146484375,295.95001220703125,296.3900146484375,211749
2026-06-15 13:55:00-04:00,295.760009765625,296.0,295.6300048828125,295.94000244140625,287708
2026-06-15 14:00:00-04:00,295.2301025390625,295.8263854980469,295.1600036621094,295.75,448128
2026-06-15 14:05:00-04:00,295.75,295.80999755859375,295.17999267578125,295.239990234375,381524
2026-06-15 14:10:00-04:00,295.6400146484375,295.75,295.54998779296875,295.7099914550781,175171
2026-06-15 14:15:00-04:00,295.1700134277344,295.739990234375,295.1099853515625,295.6400146484375,238798
2026-06-15 14:20:00-04:00,295.20001220703125,295.5899963378906,295.1600036621094,295.1650085449219,358379
2026-06-15 14:25:00-04:00,295.07000732421875,295.2200012207031,294.9599914550781,295.19000244140625,308690
2026-06-15 14:30:00-04:00,295.54998779296875,295.6099853515625,295.010009765625,295.07501220703125,272134
2026-06-15 14:35:00-04:00,295.8500061035156,295.8599853515625,295.3450012207031,295.5404968261719,287116
2026-06-15 14:40:00-04:00,296.2099914550781,296.2900085449219,295.80999755859375,295.8550109863281,450407
2026-06-15 14:45:00-04:00,296.2139892578125,296.34991455078125,296.16009521484375,296.20001220703125,251798
2026-06-15 14:50:00-04:00,296.1700134277344,296.3599853515625,296.1600036621094,296.2300109863281,192994
2026-06-15 14:55:00-04:00,296.3949890136719,296.4049987792969,296.1549987792969,296.1600036621094,236271
2026-06-15 15:00:00-04:00,296.375,296.4200134277344,296.239990234375,296.3900146484375,252423
2026-06-15 15:05:00-04:00,296.29058837890625,296.4649963378906,296.1600036621094,296.360107421875,202104
2026-06-15 15:10:00-04:00,296.3949890136719,296.45001220703125,296.2099914550781,296.30999755859375,211848
2026-06-15 15:15:00-04:00,296.0199890136719,296.489990234375,295.9700012207031,296.3807067871094,236914
2026-06-15 15:20:00-04:00,296.18011474609375,296.2049865722656,295.9800109863281,296.0299987792969,246209
2026-06-15 15:25:00-04:00,296.5,296.6099853515625,296.1400146484375,296.19000244140625,367813
2026-06-15 15:30:00-04:00,296.3800048828125,296.6700134277344,296.3399963378906,296.4949951171875,449598
2026-06-15 15:35:00-04:00,296.1600036621094,296.4100036621094,295.8700866699219,296.3800048828125,377890
2026-06-15 15:40:00-04:00,296.3200988769531,296.3949890136719,296.0,296.1499938964844,334037
2026-06-15 15:45:00-04:00,296.3599853515625,296.43499755859375,296.1549987792969,296.3299865722656,492679
2026-06-15 15:50:00-04:00,295.80999755859375,296.3900146484375,295.6700134277344,296.3500061035156,1008353
2026-06-15 15:55:00-04:00,296.4200134277344,296.5299987792969,295.6099853515625,295.80999755859375,15539827
2026-06-16 09:30:00-04:00,296.260009765625,296.2799987792969,294.32000732421875,295.2449951171875,1602940
2026-06-16 09:35:00-04:00,294.63189697265625,296.4800109863281,294.6199951171875,296.2650146484375,485631
2026-06-16 09:40:00-04:00,295.3999938964844,295.3999938964844,293.9700012207031,294.625,582233
2026-06-16 09:45:00-04:00,295.7699890136719,295.9596862792969,295.25,295.40008544921875,381292
2026-06-16 09:50:00-04:00,297.4750061035156,297.5199890136719,295.7401123046875,295.7900085449219,566454
2026-06-16 09:55:00-04:00,297.0799865722656,297.95001220703125,297.07000732421875,297.4750061035156,530131
2026-06-16 10:00:00-04:00,297.4898986816406,297.7799987792969,296.864990234375,297.0849914550781,476918
2026-06-16 10:05:00-04:00,297.25,297.5398864746094,297.1000061035156,297.489990234375,260208
2026-06-16 10:10:00-04:00,297.4200134277344,297.79998779296875,297.19000244140625,297.25,530169
2026-06-16 10:15:00-04:00,297.6549987792969,298.0,297.36090087890625,297.43499755859375,401151
2026-06-16 10:20:00-04:00,297.5,297.95001220703125,297.1600036621094,297.6400146484375,477366
2026-06-16 10:25:00-04:00,297.5350036621094,297.659912109375,296.7099914550781,297.56500244140625,453527
2026-06-16 10:30:00-04:00,297.1499938964844,297.8900146484375,297.1178894042969,297.5350036621094,527017
2026-06-16 10:35:00-04:00,297.42999267578125,297.5199890136719,296.95001220703125,297.1650085449219,366712
2026-06-16 10:40:00-04:00,297.3299865722656,297.7300109863281,297.2099914550781,297.4100036621094,412720
2026-06-16 10:45:00-04:00,297.7699890136719,297.9599914550781,297.2699890136719,297.2699890136719,411774
2026-06-16 10:50:00-04:00,297.8699951171875,297.9700012207031,297.4700927734375,297.7262878417969,335388
2026-06-16 10:55:00-04:00,297.54998779296875,298.0,297.4599914550781,297.8800048828125,351919
2026-06-16 11:00:00-04:00,297.7799987792969,297.8599853515625,297.489990234375,297.5400085449219,226362
2026-06-16 11:05:00-04:00,298.1199951171875,298.2300109863281,297.67999267578125,297.7749938964844,482993
2026-06-16 11:10:00-04:00,298.1300048828125,298.19000244140625,297.82501220703125,298.114990234375,302532
2026-06-16 11:15:00-04:00,297.5,298.1099853515625,297.4949951171875,298.1099853515625,258936
2026-06-16 11:20:00-04:00,298.07501220703125,298.1000061035156,297.2049865722656,297.5,545222
2026-06-16 11:25:00-04:00,298.20001220703125,298.45001220703125,297.95001220703125,298.0899963378906,376093
2026-06-16 11:30:00-04:00,297.7900085449219,298.2799987792969,297.57000732421875,298.2200012207031,246844
2026-06-16 11:35:00-04:00,298.42498779296875,298.43701171875,297.5,297.79998779296875,243446
2026-06-16 11:40:00-04:00,298.0849914550781,298.42999267578125,298.0,298.4100036621094,323358
2026-06-16 11:45:00-04:00,298.3949890136719,298.3949890136719,298.0,298.0849914550781,374748
2026-06-16 11:50:00-04:00,298.239990234375,298.57000732421875,298.0299987792969,298.3949890136719,325830
2026-06-16 11:55:00-04:00,298.1700134277344,298.3949890136719,298.0400085449219,298.25,269489
2026-06-16 12:00:00-04:00,298.2799987792969,298.739990234375,298.05999755859375,298.1700134277344,535345
2026-06-16 12:05:00-04:00,298.510009765625,298.53009033203125,298.0400085449219,298.2699890136719,208311
2026-06-16 12:10:00-04:00,299.0950012207031,299.20001220703125,298.4700012207031,298.510009765625,679063
2026-06-16 12:15:00-04:00,299.0264892578125,299.2749938964844,298.8900146484375,299.090087890625,311694
2026-06-16 12:20:00-04:00,299.04998779296875,299.1700134277344,298.875,299.0400085449219,239508
2026-06-16 12:25:00-04:00,298.94000244140625,299.18499755859375,298.7300109863281,299.04998779296875,188443
2026-06-16 12:30:00-04:00,298.9599914550781,299.260009765625,298.8041076660156,298.94000244140625,279778
2026-06-16 12:35:00-04:00,299.1199035644531,299.20001220703125,298.92010498046875,298.9700012207031,220607
2026-06-16 12:40:00-04:00,299.0799865722656,299.1499938964844,298.81500244140625,299.1199951171875,314529
2026-06-16 12:45:00-04:00,299.5899963378906,299.6499938964844,299.0299987792969,299.06500244140625,297894
2026-06-16 12:50:00-04:00,299.3699951171875,299.7699890136719,299.239990234375,299.5899963378906,262559
2026-06-16 12:55:00-04:00,299.4700012207031,299.55999755859375,299.239990234375,299.3599853515625,218359
2026-06-16 13:00:00-04:00,299.2099914550781,299.4800109863281,299.0899963378906,299.45001220703125,178554
2026-06-16 13:05:00-04:00,299.4800109863281,299.5199890136719,299.1600036621094,299.18011474609375,226791
2026-06-16 13:10:00-04:00,299.6650085449219,299.70001220703125,299.4700012207031,299.489990234375,205421
2026-06-16 13:15:00-04:00,300.1600036621094,300.4800109863281,299.6700134277344,299.6700134277344,1090696
2026-06-16 13:20:00-04:00,300.1549987792969,300.3500061035156,300.0150146484375,300.1600036621094,313326
2026-06-16 13:25:00-04:00,300.2749938964844,300.3800048828125,300.1449890136719,300.1600036621094,190110
2026-06-16 13:30:00-04:00,300.17999267578125,300.4599914550781,300.1300048828125,300.260009765625,197115
2026-06-16 13:35:00-04:00,299.8999938964844,300.2699890136719,299.82000732421875,300.17999267578125,245800
2026-06-16 13:40:00-04:00,299.8399963378906,300.0799865722656,299.8399963378906,299.9049987792969,256579
2026-06-16 13:45:00-04:00,299.8999938964844,299.9200134277344,299.6300048828125,299.8399963378906,238850
2026-06-16 13:50:00-04:00,299.6549987792969,299.95001220703125,299.3500061035156,299.8999938964844,214535
2026-06-16 13:55:00-04:00,299.6000061035156,299.7799987792969,299.5400085449219,299.6449890136719,202289
2026-06-16 14:00:00-04:00,299.5101013183594,299.6300048828125,299.3999938964844,299.5899963378906,216365
2026-06-16 14:05:00-04:00,299.2799987792969,299.760009765625,299.2250061035156,299.5249938964844,225237
2026-06-16 14:10:00-04:00,298.9901123046875,299.29998779296875,298.9100036621094,299.2749938964844,212017
2026-06-16 14:15:00-04:00,298.8599853515625,299.07989501953125,298.8299865722656,298.9700012207031,223658
2026-06-16 14:20:00-04:00,298.67999267578125,298.89599609375,298.5679931640625,298.8500061035156,164418
2026-06-16 14:25:00-04:00,298.7250061035156,298.9798889160156,298.6300048828125,298.6700134277344,181832
2026-06-16 14:30:00-04:00,298.7149963378906,298.79998779296875,298.6300048828125,298.7200927734375,189418
2026-06-16 14:35:00-04:00,299.45001220703125,299.4999084472656,298.70001220703125,298.7099914550781,266390
2026-06-16 14:40:00-04:00,299.53509521484375,299.63031005859375,299.4100036621094,299.45001220703125,293517
2026-06-16 14:45:00-04:00,299.4100036621094,299.57000732421875,299.364990234375,299.5400085449219,181727
2026-06-16 14:50:00-04:00,299.30499267578125,299.5400085449219,299.2799987792969,299.4200134277344,492783
2026-06-16 14:55:00-04:00,299.17559814453125,299.5199890136719,299.1650085449219,299.29998779296875,216555
2026-06-16 15:00:00-04:00,298.8699035644531,299.25,298.8299865722656,299.17498779296875,269817
2026-06-16 15:05:00-04:00,298.9725036621094,299.0,298.7200012207031,298.8599853515625,249903
2026-06-16 15:10:00-04:00,298.9200134277344,299.05999755859375,298.8399963378906,298.989990234375,256948
2026-06-16 15:15:00-04:00,298.9200134277344,299.1300048828125,298.67498779296875,298.92999267578125,375244
2026-06-16 15:20:00-04:00,298.47369384765625,298.92999267578125,298.4700012207031,298.9200134277344,348196
2026-06-16 15:25:00-04:00,298.3399963378906,298.739990234375,298.2200012207031,298.4750061035156,287039
2026-06-16 15:30:00-04:00,298.3949890136719,298.54998779296875,298.2300109863281,298.3299865722656,275311
2026-06-16 15:35:00-04:00,298.56500244140625,298.59991455078125,298.3500061035156,298.3999938964844,262941
2026-06-16 15:40:00-04:00,298.57000732421875,298.7149963378906,298.489990234375,298.55999755859375,264710
2026-06-16 15:45:00-04:00,299.010009765625,299.010009765625,298.54998779296875,298.57000732421875,717068
2026-06-16 15:50:00-04:00,299.2799987792969,299.30999755859375,298.69500732421875,299.010009765625,769361
2026-06-16 15:55:00-04:00,299.25,299.489990234375,298.8999938964844,299.260009765625,2173131
2026-06-17 09:30:00-04:00,300.3399963378906,302.07000732421875,299.5201110839844,300.8450012207031,1784592
2026-06-17 09:35:00-04:00,300.75,300.8900146484375,299.8999938964844,300.3399963378906,559876
2026-06-17 09:40:00-04:00,301.25,301.7900085449219,300.4750061035156,300.78021240234375,559855
2026-06-17 09:45:00-04:00,299.8500061035156,301.32000732421875,299.80999755859375,301.2300109863281,517263
2026-06-17 09:50:00-04:00,300.55499267578125,300.625,299.22198486328125,299.79998779296875,594356
2026-06-17 09:55:00-04:00,300.29998779296875,300.739990234375,300.29998779296875,300.55999755859375,416864
2026-06-17 10:00:00-04:00,299.614990234375,300.5150146484375,299.3700866699219,300.3399963378906,380132
2026-06-17 10:05:00-04:00,300.25,300.3599853515625,299.54998779296875,299.5799865722656,429479
2026-06-17 10:10:00-04:00,300.45001220703125,300.4599914550781,300.0,300.2300109863281,252705
2026-06-17 10:15:00-04:00,300.3599853515625,300.6000061035156,299.92999267578125,300.45001220703125,321724
2026-06-17 10:20:00-04:00,300.6099853515625,300.6700134277344,299.989990234375,300.3599853515625,352078
2026-06-17 10:25:00-04:00,300.45001220703125,300.9674987792969,300.4049987792969,300.6199951171875,267172
2026-06-17 10:30:00-04:00,299.793212890625,300.53948974609375,299.6499938964844,300.45001220703125,349113
2026-06-17 10:35:00-04:00,298.9200134277344,299.7799987792969,298.8599853515625,299.76190185546875,396092
2026-06-17 10:40:00-04:00,299.6000061035156,299.7398986816406,298.67999267578125,298.9100036621094,534585
2026-06-17 10:45:00-04:00,299.3299865722656,299.8500061035156,298.760009765625,299.5799865722656,418255
2026-06-17 10:50:00-04:00,298.6300048828125,299.32501220703125,298.5849914550781,299.32501220703125,353178
2026-06-17 10:55:00-04:00,298.5400085449219,298.7799987792969,298.3500061035156,298.6099853515625,302524
2026-06-17 11:00:00-04:00,297.5199890136719,298.69000244140625,297.4800109863281,298.54998779296875,413809
2026-06-17 11:05:00-04:00,297.2699890136719,297.6700134277344,297.239990234375,297.54998779296875,332477
2026-06-17 11:10:00-04:00,297.45001220703125,297.6000061035156,297.0899963378906,297.2799987792969,242592
2026-06-17 11:15:00-04:00,297.80999755859375,298.1400146484375,297.44500732421875,297.44500732421875,321187
2026-06-17 11:20:00-04:00,298.0050048828125,298.0199890136719,297.69000244140625,297.82000732421875,180300
2026-06-17 11:25:00-04:00,297.42999267578125,298.010009765625,297.20001220703125,297.989990234375,212682
2026-06-17 11:30:00-04:00,297.3999938964844,297.44000244140625,297.1000061035156,297.42999267578125,278832
2026-06-17 11:35:00-04:00,297.0799865722656,297.4599914550781,297.0,297.3949890136719,260733
2026-06-17 11:40:00-04:00,296.82000732421875,297.2699890136719,296.6700134277344,297.0849914550781,353522
2026-06-17 11:45:00-04:00,297.31500244140625,297.4049987792969,296.6400146484375,296.8330078125,305255
2026-06-17 11:50:00-04:00,297.8599853515625,297.8599853515625,297.30999755859375,297.32000732421875,314759
2026-06-17 11:55:00-04:00,298.55499267578125,298.7699890136719,297.80999755859375,297.864990234375,298511
2026-06-17 12:00:00-04:00,298.9150085449219,299.1600036621094,298.5400085449219,298.55999755859375,313427
2026-06-17 12:05:00-04:00,298.25750732421875,299.0299987792969,298.2300109863281,298.9100036621094,859454
2026-06-17 12:10:00-04:00,298.42999267578125,298.55999755859375,298.1499938964844,298.2550048828125,343032
2026-06-17 12:15:00-04:00,298.7300109863281,298.7489929199219,298.4093017578125,298.44000244140625,145790
2026-06-17 12:20:00-04:00,298.66009521484375,298.7699890136719,298.33099365234375,298.7200927734375,145897
2026-06-17 12:25:00-04:00,298.614990234375,298.8760070800781,298.6000061035156,298.6700134277344,131032
2026-06-17 12:30:00-04:00,298.6300048828125,298.69989013671875,298.41009521484375,298.6297912597656,195264
2026-06-17 12:35:00-04:00,298.4200134277344,298.7449951171875,298.2300109863281,298.625,193981
2026-06-17 12:40:00-04:00,298.4599914550781,298.55999755859375,298.260009765625,298.4200134277344,187683
2026-06-17 12:45:00-04:00,298.3999938964844,298.4700012207031,298.1321105957031,298.4700012207031,149360
2026-06-17 12:50:00-04:00,298.4100036621094,298.489990234375,298.2200012207031,298.3999938964844,155009
2026-06-17 12:55:00-04:00,298.20001220703125,298.5299987792969,298.0950012207031,298.3999938964844,159946
2026-06-17 13:00:00-04:00,297.2699890136719,298.2099914550781,297.2300109863281,298.2099914550781,334978
2026-06-17 13:05:00-04:00,296.8699951171875,297.2850036621094,296.5899963378906,297.25,322300
2026-06-17 13:10:00-04:00,296.7049865722656,297.0994873046875,296.6449890136719,296.8599853515625,288685
2026-06-17 13:15:00-04:00,297.0199890136719,297.0400085449219,296.5719909667969,296.70001220703125,248136
2026-06-17 13:20:00-04:00,296.8100891113281,297.239990234375,296.8100891113281,297.0199890136719,191325
2026-06-17 13:25:00-04:00,296.80999755859375,296.9700012207031,296.57000732421875,296.82501220703125,186534
2026-06-17 13:30:00-04:00,296.4750061035156,296.79998779296875,296.42999267578125,296.79998779296875,216496
2026-06-17 13:35:00-04:00,297.0400085449219,297.1099853515625,296.4599914550781,296.4800109863281,172260
2026-06-17 13:40:00-04:00,296.8500061035156,297.1050109863281,296.8299865722656,297.07000732421875,150954
2026-06-17 13:45:00-04:00,297.2101135253906,297.2300109863281,296.8500061035156,296.8599853515625,132348
2026-06-17 13:50:00-04:00,297.45001220703125,297.6000061035156,297.1600036621094,297.2099914550781,187748
2026-06-17 13:55:00-04:00,297.54998779296875,297.54998779296875,297.2200012207031,297.44000244140625,141405
2026-06-17 14:00:00-04:00,296.2850036621094,297.5299987792969,296.25,297.5299987792969,530052
2026-06-17 14:05:00-04:00,296.2550048828125,296.5400085449219,295.69000244140625,296.260009765625,508804
2026-06-17 14:10:00-04:00,295.8299865722656,296.3800048828125,295.6499938964844,296.260009765625,535079
2026-06-17 14:15:00-04:00,296.3599853515625,296.5299987792969,295.8599853515625,295.8599853515625,264960
2026-06-17 14:20:00-04:00,295.6700134277344,296.3800048828125,295.6000061035156,296.3500061035156,233115
2026-06-17 14:25:00-04:00,295.8349914550781,295.8699951171875,295.3299865722656,295.6400146484375,266660
2026-06-17 14:30:00-04:00,295.2900085449219,296.3299865722656,295.2073059082031,295.82000732421875,483458
2026-06-17 14:35:00-04:00,295.55999755859375,295.989990234375,295.20001220703125,295.2900085449219,313201
2026-06-17 14:40:00-04:00,296.29998779296875,296.4200134277344,295.5,295.5799865722656,371508
2026-06-17 14:45:00-04:00,295.510009765625,296.32000732421875,295.5,296.2799987792969,317015
2026-06-17 14:50:00-04:00,295.2699890136719,295.6499938964844,295.2500915527344,295.5050048828125,279333
2026-06-17 14:55:00-04:00,294.5899963378906,295.2699890136719,294.3800048828125,295.2699890136719,418722
2026-06-17 15:00:00-04:00,294.9649963378906,295.0899963378906,294.3900146484375,294.5899963378906,434234
2026-06-17 15:05:00-04:00,295.00579833984375,295.32000732421875,294.8900146484375,294.9549865722656,346443
2026-06-17 15:10:00-04:00,295.5400085449219,295.8399963378906,294.7799987792969,295.0,371119
2026-06-17 15:15:00-04:00,295.090087890625,295.6549987792969,295.0899963378906,295.5299987792969,285053
2026-06-17 15:20:00-04:00,295.0799865722656,295.3800048828125,294.82501220703125,295.1199951171875,339972
2026-06-17 15:25:00-04:00,295.18499755859375,295.45001220703125,295.0199890136719,295.0799865722656,355738
2026-06-17 15:30:00-04:00,295.1199951171875,295.3500061035156,294.86749267578125,295.1600036621094,560180
2026-06-17 15:35:00-04:00,295.05999755859375,295.44000244140625,294.885009765625,295.12298583984375,385182
2026-06-17 15:40:00-04:00,294.94000244140625,295.25,294.6000061035156,295.04998779296875,592494
2026-06-17 15:45:00-04:00,295.1499938964844,295.2900085449219,294.79998779296875,294.92999267578125,397795
2026-06-17 15:50:00-04:00,295.385009765625,295.739990234375,294.5899963378906,295.0899963378906,820852
2026-06-17 15:55:00-04:00,295.8800048828125,296.2200012207031,295.3399963378906,295.3970031738281,1680932
2026-06-18 09:30:00-04:00,298.0899963378906,300.45989990234375,298.07000732421875,298.44000244140625,12767171
2026-06-18 09:35:00-04:00,296.364990234375,298.1799011230469,295.6199951171875,298.0899963378906,1237649
2026-06-18 09:40:00-04:00,297.69000244140625,297.6979064941406,295.6900939941406,296.4100036621094,944313
2026-06-18 09:45:00-04:00,298.0299072265625,298.04998779296875,297.1499938964844,297.70001220703125,578365
2026-06-18 09:50:00-04:00,298.1099853515625,298.625,297.56500244140625,297.9800109863281,2463222
2026-06-18 09:55:00-04:00,298.2749938964844,298.70001220703125,297.8599853515625,298.1499938964844,558458
2026-06-18 10:00:00-04:00,298.8900146484375,299.159912109375,298.0199890136719,298.30999755859375,993202
2026-06-18 10:05:00-04:00,299.2699890136719,299.42999267578125,298.4800109863281,298.8299865722656,4306661
2026-06-18 10:10:00-04:00,298.989990234375,299.3900146484375,298.75,299.2699890136719,546734
2026-06-18 10:15:00-04:00,299.2650146484375,299.4700012207031,298.54998779296875,298.9649963378906,765304
2026-06-18 10:20:00-04:00,299.1400146484375,299.30999755859375,298.2200012207031,299.2900085449219,466066
2026-06-18 10:25:00-04:00,299.6099853515625,299.6300048828125,298.6700134277344,299.1499938964844,562550
2026-06-18 10:30:00-04:00,298.8699951171875,299.75,298.5,299.614990234375,617625
2026-06-18 10:35:00-04:00,299.4200134277344,299.4549865722656,298.67999267578125,298.8900146484375,352174
2026-06-18 10:40:00-04:00,299.7099914550781,299.760009765625,299.1642150878906,299.42999267578125,328007
2026-06-18 10:45:00-04:00,300.3800048828125,300.57000732421875,299.6099853515625,299.69000244140625,730320
2026-06-18 10:50:00-04:00,299.4599914550781,300.3900146484375,299.3800048828125,300.3900146484375,1056478
2026-06-18 10:55:00-04:00,299.17999267578125,299.8599853515625,299.13018798828125,299.4599914550781,786590
2026-06-18 11:00:00-04:00,298.2701110839844,299.2300109863281,297.92999267578125,299.2300109863281,569476
2026-06-18 11:05:00-04:00,298.3500061035156,298.57000732421875,297.8699951171875,298.29998779296875,400227
2026-06-18 11:10:00-04:00,298.07000732421875,298.7200012207031,298.0400085449219,298.3800048828125,818621
2026-06-18 11:15:00-04:00,297.3699951171875,298.1600036621094,297.2300109863281,298.0899963378906,801245
2026-06-18 11:20:00-04:00,297.2749938964844,297.5299987792969,297.1400146484375,297.3700866699219,269364
2026-06-18 11:25:00-04:00,297.1099853515625,297.489990234375,296.9599914550781,297.2900085449219,1410520
2026-06-18 11:30:00-04:00,297.17498779296875,297.2799987792969,296.8500061035156,297.1000061035156,0
2026-06-18 11:35:00-04:00,297.0799865722656,297.3900146484375,296.75,297.1650085449219,350700
2026-06-18 11:40:00-04:00,296.19000244140625,297.0400085449219,296.1400146484375,297.0400085449219,371785
2026-06-18 11:45:00-04:00,296.2950134277344,296.32000732421875,295.95001220703125,296.19000244140625,643314
2026-06-18 11:50:00-04:00,297.30999755859375,297.32000732421875,296.2699890136719,296.28009033203125,374887
2026-06-18 11:55:00-04:00,297.3800048828125,297.6199951171875,297.260009765625,297.29998779296875,589681
2026-06-18 12:00:00-04:00,297.0,297.7300109863281,296.94000244140625,297.3999938964844,294726
2026-06-18 12:05:00-04:00,296.79998779296875,297.2499084472656,296.739990234375,297.010009765625,265444
2026-06-18 12:10:00-04:00,297.0849914550781,297.1400146484375,296.69000244140625,296.82000732421875,1188851
2026-06-18 12:15:00-04:00,297.3299865722656,297.4200134277344,296.94000244140625,297.0849914550781,692055
2026-06-18 12:20:00-04:00,297.20001220703125,297.5198974609375,297.1400146484375,297.3399963378906,156108
2026-06-18 12:25:00-04:00,297.489990234375,297.5199890136719,297.0450134277344,297.19500732421875,209581
2026-06-18 12:30:00-04:00,297.17999267578125,297.489990234375,297.0306091308594,297.4849853515625,230499
2026-06-18 12:35:00-04:00,297.6099853515625,297.69000244140625,297.1099853515625,297.1700134277344,481667
2026-06-18 12:40:00-04:00,297.489990234375,297.6199951171875,297.1300048828125,297.6050109863281,199108
2026-06-18 12:45:00-04:00,297.29998779296875,297.5,297.1300048828125,297.4949951171875,288166
2026-06-18 12:50:00-04:00,297.05499267578125,297.29998779296875,297.0199890136719,297.2900085449219,185066
2026-06-18 12:55:00-04:00,297.1300048828125,297.1600036621094,296.8399963378906,297.05999755859375,219814
2026-06-18 13:00:00-04:00,297.864990234375,297.92999267578125,297.0299987792969,297.1300048828125,231955
2026-06-18 13:05:00-04:00,297.82000732421875,298.10919189453125,297.79998779296875,297.875,231546
2026-06-18 13:10:00-04:00,298.19500732421875,298.23199462890625,297.79998779296875,297.81500244140625,152726
2026-06-18 13:15:00-04:00,298.2200012207031,298.3598937988281,298.05108642578125,298.20001220703125,403388
2026-06-18 13:20:00-04:00,297.7200012207031,298.25,297.7200012207031,298.2300109863281,532852
2026-06-18 13:25:00-04:00,297.82000732421875,297.8999938964844,297.5799865722656,297.7300109863281,162842
2026-06-18 13:30:00-04:00,297.81988525390625,297.9849853515625,297.79180908203125,297.82501220703125,273892
2026-06-18 13:35:00-04:00,297.79998779296875,297.9295959472656,297.6910095214844,297.80999755859375,164403
2026-06-18 13:40:00-04:00,297.55999755859375,297.8299865722656,297.5,297.7900085449219,175400
2026-06-18 13:45:00-04:00,297.69500732421875,297.7550048828125,297.3500061035156,297.56048583984375,261735
2026-06-18 13:50:00-04:00,297.7349853515625,297.8599853515625,297.5799865722656,297.7149963378906,130944
2026-06-18 13:55:00-04:00,297.5700988769531,297.739990234375,297.3699951171875,297.739990234375,166187
2026-06-18 14:00:00-04:00,297.29998779296875,297.6199951171875,297.25,297.57501220703125,162139
2026-06-18 14:05:00-04:00,297.1600036621094,297.489990234375,297.1499938964844,297.2900085449219,192556
2026-06-18 14:10:00-04:00,297.55999755859375,297.6300048828125,297.0199890136719,297.1700134277344,269497
2026-06-18 14:15:00-04:00,297.6000061035156,297.67999267578125,297.29998779296875,297.55999755859375,153111
2026-06-18 14:20:00-04:00,297.3299865722656,297.6199951171875,297.2959899902344,297.5849914550781,148988
2026-06-18 14:25:00-04:00,297.1099853515625,297.375,297.010009765625,297.3200988769531,285861
2026-06-18 14:30:00-04:00,297.3900146484375,297.5799865722656,297.0600891113281,297.1400146484375,386519
2026-06-18 14:35:00-04:00,297.3999938964844,297.6199951171875,297.31060791015625,297.3450012207031,211191
2026-06-18 14:40:00-04:00,297.6449890136719,297.6499938964844,297.32000732421875,297.3800048828125,153924
2026-06-18 14:45:00-04:00,297.9750061035156,298.05999755859375,297.6449890136719,297.6449890136719,237922
2026-06-18 14:50:00-04:00,297.92999267578125,298.07000732421875,297.8800048828125,297.97100830078125,186565
2026-06-18 14:55:00-04:00,297.70001220703125,297.989990234375,297.5899963378906,297.9150085449219,165235
2026-06-18 15:00:00-04:00,297.5899963378906,297.760009765625,297.510009765625,297.7099914550781,226339
2026-06-18 15:05:00-04:00,297.3399963378906,297.70001220703125,297.3399963378906,297.5849914550781,34117
2026-06-18 15:10:00-04:00,297.1099853515625,297.3500061035156,297.05999755859375,297.3500061035156,224844
2026-06-18 15:15:00-04:00,297.29998779296875,297.30999755859375,297.04010009765625,297.1099853515625,482029
2026-06-18 15:20:00-04:00,297.2049865722656,297.4100036621094,297.1700134277344,297.2799987792969,229810
2026-06-18 15:25:00-04:00,297.3800048828125,297.5,297.2004089355469,297.2099914550781,234836
2026-06-18 15:30:00-04:00,297.2799987792969,297.3599853515625,297.05999755859375,297.3599853515625,331765
2026-06-18 15:35:00-04:00,297.4649963378906,297.5400085449219,297.239990234375,297.2699890136719,249239
2026-06-18 15:40:00-04:00,297.54998779296875,297.68499755859375,297.3500061035156,297.4800109863281,314704
2026-06-18 15:45:00-04:00,297.6499938964844,297.8299865722656,297.5199890136719,297.5400085449219,350930
2026-06-18 15:50:00-04:00,298.05999755859375,299.2394104003906,297.5201110839844,297.6600036621094,1743167
2026-06-18 15:55:00-04:00,297.8900146484375,298.5400085449219,297.8800048828125,298.0,2260716
2026-06-22 09:30:00-04:00,298.42999267578125,300.3299865722656,297.42999267578125,297.5,2285365
2026-06-22 09:35:00-04:00,301.2101135253906,301.2799987792969,298.2699890136719,298.42999267578125,844690
2026-06-22 09:40:00-04:00,301.5899963378906,301.9800109863281,300.84600830078125,301.24029541015625,863434
2026-06-22 09:45:00-04:00,301.3699951171875,301.75,300.5899963378906,301.625,541992
2026-06-22 09:50:00-04:00,301.2250061035156,302.05999755859375,300.57000732421875,301.3399963378906,682478
2026-06-22 09:55:00-04:00,301.739990234375,301.79998779296875,300.5,301.25,314352
2026-06-22 10:00:00-04:00,301.8399963378906,302.0899963378906,301.6400146484375,301.7449951171875,573442
2026-06-22 10:05:00-04:00,302.3699951171875,302.4200134277344,301.5199890136719,301.8399963378906,426371
2026-06-22 10:10:00-04:00,301.8500061035156,302.4100036621094,301.7340087890625,302.3500061035156,926062
2026-06-22 10:15:00-04:00,301.5098876953125,301.92498779296875,300.8800048828125,301.8500061035156,451777
2026-06-22 10:20:00-04:00,301.30499267578125,301.5400085449219,301.0199890136719,301.4949951171875,366888
2026-06-22 10:25:00-04:00,301.20001220703125,301.6499938964844,301.05999755859375,301.2900085449219,391916
2026-06-22 10:30:00-04:00,300.4800109863281,301.2300109863281,300.43499755859375,301.2099914550781,545103
2026-06-22 10:35:00-04:00,300.0400085449219,300.4750061035156,299.55999755859375,300.4599914550781,484821
2026-06-22 10:40:00-04:00,299.70001220703125,300.3080139160156,299.6199951171875,300.05999755859375,306676
2026-06-22 10:45:00-04:00,299.8450012207031,300.1300048828125,299.6400146484375,299.6700134277344,346071
2026-06-22 10:50:00-04:00,299.6400146484375,299.9700012207031,299.3699951171875,299.8299865722656,315633
2026-06-22 10:55:00-04:00,299.79998779296875,300.07000732421875,299.4100036621094,299.635009765625,283247
2026-06-22 11:00:00-04:00,299.82000732421875,300.389892578125,299.760009765625,299.80499267578125,356466
2026-06-22 11:05:00-04:00,299.18499755859375,299.8599853515625,299.0350036621094,299.8299865722656,293300
2026-06-22 11:10:00-04:00,300.1098937988281,300.2300109863281,299.1499938964844,299.18499755859375,291313
2026-06-22 11:15:00-04:00,299.94500732421875,300.235107421875,299.7900085449219,300.0950012207031,385350
2026-06-22 11:20:00-04:00,300.125,300.1400146484375,299.20001220703125,299.94000244140625,462169
2026-06-22 11:25:00-04:00,299.94000244140625,300.2300109863281,299.6000061035156,300.125,241497
2026-06-22 11:30:00-04:00,300.1700134277344,300.3099060058594,299.75,299.94000244140625,265292
2026-06-22 11:35:00-04:00,300.7149963378906,300.7398986816406,300.18499755859375,300.20989990234375,201457
2026-06-22 11:40:00-04:00,301.04998779296875,301.260009765625,300.70001220703125,300.7200012207031,305190
2026-06-22 11:45:00-04:00,300.29998779296875,301.4299011230469,300.260009765625,301.0899963378906,271094
2026-06-22 11:50:00-04:00,300.5799865722656,300.7377014160156,300.3500061035156,300.3599853515625,192750
2026-06-22 11:55:00-04:00,300.8900146484375,300.92999267578125,300.5299987792969,300.6000061035156,247584
2026-06-22 12:00:00-04:00,300.4068908691406,300.9590148925781,300.32000732421875,300.885009765625,250177
2026-06-22 12:05:00-04:00,300.760009765625,300.92999267578125,300.3800048828125,300.3949890136719,305104
2026-06-22 12:10:00-04:00,300.7903137207031,300.8500061035156,300.5,300.760009765625,255846
2026-06-22 12:15:00-04:00,300.69500732421875,300.82000732421875,300.5199890136719,300.7900085449219,178816
2026-06-22 12:20:00-04:00,300.510009765625,300.95001220703125,300.42999267578125,300.70001220703125,273287
2026-06-22 12:25:00-04:00,300.5398864746094,300.6199951171875,300.1499938964844,300.5177001953125,204625
2026-06-22 12:30:00-04:00,300.3299865722656,300.67999267578125,300.2699890136719,300.5199890136719,194652
2026-06-22 12:35:00-04:00,300.17999267578125,300.3999938964844,300.114990234375,300.3299865722656,216044
2026-06-22 12:40:00-04:00,300.17498779296875,300.3900146484375,299.9100036621094,300.19000244140625,405209
2026-06-22 12:45:00-04:00,300.2499084472656,300.4700012207031,300.0199890136719,300.19000244140625,273528
2026-06-22 12:50:00-04:00,300.2099914550781,300.4800109863281,300.090087890625,300.2200012207031,194652
2026-06-22 12:55:00-04:00,299.9200134277344,300.3500061035156,299.9150085449219,300.2099914550781,190077
2026-06-22 13:00:00-04:00,299.93499755859375,300.04998779296875,299.65008544921875,299.92999267578125,219393
2026-06-22 13:05:00-04:00,299.67999267578125,299.9599914550781,299.56500244140625,299.94000244140625,180689
2026-06-22 13:10:00-04:00,299.6050109863281,299.7699890136719,299.45001220703125,299.69000244140625,252227
2026-06-22 13:15:00-04:00,299.8599853515625,299.89990234375,299.6199951171875,299.6199951171875,156955
2026-06-22 13:20:00-04:00,299.8999938964844,300.1300048828125,299.80999755859375,299.875,195575
2026-06-22 13:25:00-04:00,299.80999755859375,299.95001220703125,299.67498779296875,299.8949890136719,211788
2026-06-22 13:30:00-04:00,299.6700134277344,299.82000732421875,299.5199890136719,299.81500244140625,153066
2026-06-22 13:35:00-04:00,299.5199890136719,299.6600036621094,299.30499267578125,299.6600036621094,206940
2026-06-22 13:40:00-04:00,299.3301086425781,299.8599853515625,299.25,299.5,323656
2026-06-22 13:45:00-04:00,299.6300048828125,299.7300109863281,299.25,299.3299865722656,220110
2026-06-22 13:50:00-04:00,299.3550109863281,299.81988525390625,299.32501220703125,299.6199951171875,167635
2026-06-22 13:55:00-04:00,299.30999755859375,299.54998779296875,299.30499267578125,299.3399963378906,164408
2026-06-22 14:00:00-04:00,298.70001220703125,299.3265075683594,298.6600036621094,299.30999755859375,259698
2026-06-22 14:05:00-04:00,298.75,298.8500061035156,298.6099853515625,298.67999267578125,191438
2026-06-22 14:10:00-04:00,298.69500732421875,298.760009765625,298.5830078125,298.75,174668
2026-06-22 14:15:00-04:00,298.864990234375,298.9750061035156,298.6300048828125,298.697509765625,209707
2026-06-22 14:20:00-04:00,298.94720458984375,299.20001220703125,298.8599853515625,298.8599853515625,243399
2026-06-22 14:25:00-04:00,298.9200134277344,299.010009765625,298.8299865722656,298.95001220703125,140666
2026-06-22 14:30:00-04:00,298.7449951171875,299.0199890136719,298.590087890625,298.9200134277344,176685
2026-06-22 14:35:00-04:00,298.8399963378906,298.92999267578125,298.7099914550781,298.760009765625,149654
2026-06-22 14:40:00-04:00,298.8599853515625,299.0400085449219,298.82000732421875,298.8500061035156,176342
2026-06-22 14:45:00-04:00,299.1050109863281,299.239990234375,298.8399963378906,298.875,212928
2026-06-22 14:50:00-04:00,298.8999938964844,299.1401062011719,298.660400390625,299.1050109863281,186192
2026-06-22 14:55:00-04:00,299.07000732421875,299.1000061035156,298.8399963378906,298.8800048828125,179270
2026-06-22 15:00:00-04:00,299.1499938964844,299.3399963378906,298.92999267578125,299.0899963378906,274850
2026-06-22 15:05:00-04:00,299.0299987792969,299.2001037597656,298.885009765625,299.1600036621094,390693
2026-06-22 15:10:00-04:00,299.0899963378906,299.239990234375,298.9700012207031,299.0299987792969,214477
2026-06-22 15:15:00-04:00,299.1000061035156,299.2699890136719,299.0799865722656,299.0899963378906,330840
2026-06-22 15:20:00-04:00,299.0450134277344,299.29998779296875,298.9100036621094,299.114990234375,373072
2026-06-22 15:25:00-04:00,299.05999755859375,299.1300048828125,298.9599914550781,299.05999755859375,261455
2026-06-22 15:30:00-04:00,297.69000244140625,299.0899963378906,297.44000244140625,299.05999755859375,843724
2026-06-22 15:35:00-04:00,297.1600036621094,297.70001220703125,296.9599914550781,297.67498779296875,673681
2026-06-22 15:40:00-04:00,297.2699890136719,297.32000732421875,296.989990234375,297.1600036621094,598907
2026-06-22 15:45:00-04:00,297.0849914550781,297.5400085449219,296.8399963378906,297.2799987792969,619667
2026-06-22 15:50:00-04:00,297.55499267578125,297.6099853515625,296.9100036621094,297.1099853515625,1002574
2026-06-22 15:55:00-04:00,296.7900085449219,297.67999267578125,296.7900085449219,297.57501220703125,2360538
2026-06-23 09:30:00-04:00,297.04998779296875,298.30999755859375,295.17999267578125,297.5379943847656,2685201
2026-06-23 09:35:00-04:00,298.9150085449219,299.19000244140625,296.20001220703125,296.9800109863281,869374
2026-06-23 09:40:00-04:00,300.510009765625,300.5776062011719,298.7300109863281,298.9324951171875,857998
2026-06-23 09:45:00-04:00,300.4049987792969,301.6400146484375,300.1700134277344,300.4700012207031,785038
2026-06-23 09:50:00-04:00,298.3699951171875,300.5299987792969,298.1600036621094,300.3599853515625,737700
2026-06-23 09:55:00-04:00,299.1099853515625,299.3299865722656,298.15850830078125,298.3599853515625,454203
2026-06-23 10:00:00-04:00,299.385009765625,299.6499938964844,298.7950134277344,299.0849914550781,434804
2026-06-23 10:05:00-04:00,299.6300048828125,299.75,298.8599853515625,299.3500061035156,563973
2026-06-23 10:10:00-04:00,299.42999267578125,299.989990234375,299.3800048828125,299.6300048828125,475005
2026-06-23 10:15:00-04:00,299.5400085449219,299.8699951171875,299.30999755859375,299.42999267578125,383251
2026-06-23 10:20:00-04:00,299.5799865722656,299.7099914550781,298.8999938964844,299.5199890136719,477630
2026-06-23 10:25:00-04:00,300.506591796875,300.55999755859375,299.4200134277344,299.54998779296875,536304
2026-06-23 10:30:00-04:00,300.4200134277344,300.8800048828125,300.010009765625,300.5199890136719,512859
2026-06-23 10:35:00-04:00,299.6499938964844,300.5,299.60430908203125,300.44000244140625,400633
2026-06-23 10:40:00-04:00,300.3500061035156,300.4599914550781,299.55999755859375,299.6499938964844,297843
2026-06-23 10:45:00-04:00,300.0398864746094,300.4800109863281,299.8450012207031,300.3699951171875,373941
2026-06-23 10:50:00-04:00,300.1000061035156,300.239990234375,299.614990234375,300.010009765625,334302
2026-06-23 10:55:00-04:00,300.0899963378906,300.2499084472656,299.5400085449219,300.0950012207031,358393
2026-06-23 11:00:00-04:00,299.7300109863281,300.32000732421875,299.45001220703125,300.0899963378906,370644
2026-06-23 11:05:00-04:00,299.70001220703125,299.739990234375,299.2200012207031,299.7200012207031,377127
2026-06-23 11:10:00-04:00,299.1477966308594,299.9800109863281,299.1000061035156,299.69000244140625,402198
2026-06-23 11:15:00-04:00,298.6465148925781,299.2900085449219,298.5199890136719,299.1300048828125,357196
2026-06-23 11:20:00-04:00,298.6600036621094,298.9700012207031,298.5201110839844,298.6700134277344,317002
2026-06-23 11:25:00-04:00,298.54998779296875,298.80999755859375,298.3999938964844,298.625,386468
2026-06-23 11:30:00-04:00,297.8999938964844,298.5899963378906,297.8299865722656,298.5450134277344,405688
2026-06-23 11:35:00-04:00,297.55999755859375,298.2799987792969,297.3500061035156,297.95001220703125,375897
2026-06-23 11:40:00-04:00,297.760009765625,297.8900146484375,297.5,297.57000732421875,301152
2026-06-23 11:45:00-04:00,297.8699951171875,297.9800109863281,297.4599914550781,297.7699890136719,240707
2026-06-23 11:50:00-04:00,297.9150085449219,298.0950012207031,297.7300109863281,297.875,409022
2026-06-23 11:55:00-04:00,298.06500244140625,298.2349853515625,297.70001220703125,297.9150085449219,269370
2026-06-23 12:00:00-04:00,298.3351135253906,298.3999938964844,297.95001220703125,298.07000732421875,354356
2026-06-23 12:05:00-04:00,298.5439147949219,298.6300048828125,298.30999755859375,298.3399963378906,251455
2026-06-23 12:10:00-04:00,298.17999267578125,298.7699890136719,298.1300048828125,298.55999755859375,294714
2026-06-23 12:15:00-04:00,298.8599853515625,298.885009765625,298.19000244140625,298.19000244140625,287754
2026-06-23 12:20:00-04:00,298.67999267578125,298.8500061035156,298.5199890136719,298.8500061035156,328618
2026-06-23 12:25:00-04:00,298.6199035644531,298.875,298.5199890136719,298.67999267578125,313397
2026-06-23 12:30:00-04:00,298.45001220703125,298.6600036621094,298.19500732421875,298.5849914550781,269817
2026-06-23 12:35:00-04:00,298.635009765625,298.6400146484375,298.2300109863281,298.45001220703125,231490
2026-06-23 12:40:00-04:00,298.5799865722656,298.8500061035156,298.54998779296875,298.635009765625,292888
2026-06-23 12:45:00-04:00,298.67999267578125,298.8599853515625,298.4200134277344,298.5799865722656,278635
2026-06-23 12:50:00-04:00,298.8900146484375,298.9800109863281,298.5,298.68499755859375,358271
2026-06-23 12:55:00-04:00,298.989990234375,299.2799987792969,298.8500061035156,298.8999938964844,286158
2026-06-23 13:00:00-04:00,298.0249938964844,299.010009765625,297.8800048828125,299.010009765625,409947
2026-06-23 13:05:00-04:00,298.760009765625,298.7699890136719,298.02410888671875,298.0299987792969,272427
2026-06-23 13:10:00-04:00,299.0400085449219,299.3949890136719,298.7650146484375,298.7699890136719,256080
2026-06-23 13:15:00-04:00,299.0,299.1199951171875,298.9100036621094,299.04998779296875,195497
2026-06-23 13:20:00-04:00,299.32501220703125,299.3900146484375,299.0050048828125,299.010009765625,252659
2026-06-23 13:25:00-04:00,299.3949890136719,299.4700012207031,299.20001220703125,299.32501220703125,260809
2026-06-23 13:30:00-04:00,299.69000244140625,299.7300109863281,299.2799987792969,299.3949890136719,294987
2026-06-23 13:35:00-04:00,299.43499755859375,299.79998779296875,299.2449951171875,299.70001220703125,252258
2026-06-23 13:40:00-04:00,299.3399963378906,299.4599914550781,299.0400085449219,299.42498779296875,215888
2026-06-23 13:45:00-04:00,299.9150085449219,300.0849914550781,299.2900085449219,299.3299865722656,374641
2026-06-23 13:50:00-04:00,299.3500061035156,299.94000244140625,299.3299865722656,299.9150085449219,305353
2026-06-23 13:55:00-04:00,298.9599914550781,299.46990966796875,298.8900146484375,299.3500061035156,237533
2026-06-23 14:00:00-04:00,298.9599914550781,299.3800048828125,298.8900146484375,298.989990234375,281170
2026-06-23 14:05:00-04:00,298.739990234375,299.0199890136719,298.55999755859375,298.9700012207031,275459
2026-06-23 14:10:00-04:00,298.760009765625,298.86981201171875,298.45001220703125,298.739990234375,248897
2026-06-23 14:15:00-04:00,298.510009765625,298.8599853515625,298.3399963378906,298.7699890136719,285090
2026-06-23 14:20:00-04:00,298.5199890136719,298.8599853515625,298.4049987792969,298.5050048828125,291885
2026-06-23 14:25:00-04:00,298.5199890136719,298.6300048828125,298.3699951171875,298.5400085449219,284912
2026-06-23 14:30:00-04:00,298.2300109863281,298.635009765625,298.1449890136719,298.5249938964844,335772
2026-06-23 14:35:00-04:00,298.05010986328125,298.2803955078125,297.7250061035156,298.2250061035156,294721
2026-06-23 14:40:00-04:00,297.8999938964844,298.1000061035156,297.75,298.07000732421875,285186
2026-06-23 14:45:00-04:00,297.8999938964844,298.0299987792969,297.7349853515625,297.8949890136719,374748
2026-06-23 14:50:00-04:00,297.6099853515625,298.2200012207031,297.45001220703125,297.9100036621094,341540
2026-06-23 14:55:00-04:00,297.5199890136719,297.8349914550781,297.4750061035156,297.6199951171875,358820
2026-06-23 15:00:00-04:00,297.5799865722656,298.86761474609375,297.3999938964844,297.5199890136719,387228
2026-06-23 15:05:00-04:00,297.17498779296875,297.8800048828125,296.8900146484375,297.6099853515625,429779
2026-06-23 15:10:00-04:00,296.8689880371094,297.5799865722656,296.7900085449219,297.17999267578125,463500
2026-06-23 15:15:00-04:00,295.6700134277344,296.8800048828125,295.30999755859375,296.8599853515625,791202
2026-06-23 15:20:00-04:00,296.2349853515625,296.239990234375,295.6099853515625,295.6400146484375,541932
2026-06-23 15:25:00-04:00,295.840087890625,296.4800109863281,295.8399963378906,296.239990234375,492539
2026-06-23 15:30:00-04:00,296.010009765625,296.0400085449219,295.6199951171875,295.8399963378906,421545
2026-06-23 15:35:00-04:00,296.11749267578125,296.4200134277344,295.7099914550781,296.0199890136719,502012
2026-06-23 15:40:00-04:00,295.70001220703125,296.2099914550781,295.4849853515625,296.1099853515625,709819
2026-06-23 15:45:00-04:00,295.8330078125,296.1400146484375,295.45001220703125,295.7300109863281,743259
2026-06-23 15:50:00-04:00,296.4200134277344,296.5,295.7900085449219,295.8500061035156,1110473
2026-06-23 15:55:00-04:00,294.2799987792969,296.4599914550781,294.2120056152344,296.42999267578125,4318239
2026-06-24 09:30:00-04:00,295.7300109863281,296.4599914550781,293.20001220703125,295.375,1881418
2026-06-24 09:35:00-04:00,295.44500732421875,296.1499938964844,294.8299865722656,295.7200012207031,427621
2026-06-24 09:40:00-04:00,295.67999267578125,295.989990234375,294.9800109863281,295.4700012207031,572260
2026-06-24 09:45:00-04:00,295.82501220703125,296.2799987792969,295.3500061035156,295.69000244140625,438433
2026-06-24 09:50:00-04:00,296.0801086425781,296.2300109863281,295.55999755859375,295.82000732421875,413123
2026-06-24 09:55:00-04:00,294.7699890136719,296.072509765625,294.4800109863281,296.07000732421875,461018
2026-06-24 10:00:00-04:00,294.5899963378906,295.0,294.2300109863281,294.7200012207031,345954
2026-06-24 10:05:00-04:00,294.79998779296875,294.94000244140625,294.44000244140625,294.5849914550781,272847
2026-06-24 10:10:00-04:00,294.875,295.5,294.55499267578125,294.7850036621094,414204
2026-06-24 10:15:00-04:00,295.29998779296875,295.489990234375,294.7250061035156,294.8999938964844,297171
2026-06-24 10:20:00-04:00,295.56500244140625,296.20941162109375,295.1099853515625,295.2699890136719,341931
2026-06-24 10:25:00-04:00,295.4649963378906,295.82000732421875,295.2200012207031,295.56500244140625,252467
2026-06-24 10:30:00-04:00,295.6000061035156,295.8099060058594,295.3399963378906,295.4599914550781,272661
2026-06-24 10:35:00-04:00,295.54998779296875,295.6899108886719,295.1099853515625,295.6000061035156,308197
2026-06-24 10:40:00-04:00,296.4849853515625,296.6000061035156,295.54998779296875,295.54998779296875,255673
2026-06-24 10:45:00-04:00,296.9049987792969,297.0799865722656,296.45001220703125,296.4700012207031,341116
2026-06-24 10:50:00-04:00,296.8999938964844,297.260009765625,296.8599853515625,296.9200134277344,307796
2026-06-24 10:55:00-04:00,297.0799865722656,297.1400146484375,296.8599853515625,296.9049987792969,279283
2026-06-24 11:00:00-04:00,297.2349853515625,297.510009765625,296.8500061035156,297.1099853515625,327864
2026-06-24 11:05:00-04:00,296.7449951171875,297.42999267578125,296.7300109863281,297.2349853515625,317141
2026-06-24 11:10:00-04:00,297.4800109863281,297.5899963378906,296.6499938964844,296.75,324439
2026-06-24 11:15:00-04:00,297.4849853515625,297.6000061035156,297.1129150390625,297.4700012207031,198761
2026-06-24 11:20:00-04:00,297.93499755859375,298.3500061035156,297.2300109863281,297.4849853515625,532365
2026-06-24 11:25:00-04:00,298.7850036621094,298.8800048828125,297.510009765625,297.93499755859375,636118
2026-06-24 11:30:00-04:00,299.0799865722656,299.25,298.7099914550781,298.760009765625,493137
2026-06-24 11:35:00-04:00,299.07000732421875,299.5,298.92999267578125,299.0882873535156,304970
2026-06-24 11:40:00-04:00,298.1700134277344,299.1199951171875,298.1610107421875,299.05999755859375,519323
2026-06-24 11:45:00-04:00,299.0050048828125,299.08990478515625,298.0799865722656,298.2300109863281,301524
2026-06-24 11:50:00-04:00,299.4549865722656,299.6600036621094,299.0199890136719,299.0199890136719,341932
2026-06-24 11:55:00-04:00,299.4750061035156,299.70001220703125,299.2799987792969,299.44500732421875,212454
2026-06-24 12:00:00-04:00,298.8999938964844,299.5,298.7699890136719,299.4649963378906,258079
2026-06-24 12:05:00-04:00,298.8599853515625,299.0400085449219,298.7200012207031,298.8999938964844,217141
2026-06-24 12:10:00-04:00,298.7300109863281,299.04998779296875,298.5899963378906,298.8450012207031,302119
2026-06-24 12:15:00-04:00,298.3703918457031,298.8999938964844,298.3699951171875,298.75,236272
2026-06-24 12:20:00-04:00,298.3550109863281,298.42999267578125,297.839599609375,298.3699951171875,400770
2026-06-24 12:25:00-04:00,298.07000732421875,298.3399963378906,298.0002136230469,298.3399963378906,203751
2026-06-24 12:30:00-04:00,297.7300109863281,298.04998779296875,297.5199890136719,298.04998779296875,291456
2026-06-24 12:35:00-04:00,297.55999755859375,297.9649963378906,297.3200988769531,297.7301025390625,287013
2026-06-24 12:40:00-04:00,297.31500244140625,297.6700134277344,297.2200012207031,297.5400085449219,298306
2026-06-24 12:45:00-04:00,297.4700012207031,297.53179931640625,297.0108947753906,297.2749938964844,242328
2026-06-24 12:50:00-04:00,297.0199890136719,297.6000061035156,297.0,297.44000244140625,245001
2026-06-24 12:55:00-04:00,297.3450012207031,297.45001220703125,296.8699951171875,297.0199890136719,293613
2026-06-24 13:00:00-04:00,297.32501220703125,297.385009765625,297.1499938964844,297.3599853515625,168902
2026-06-24 13:05:00-04:00,296.45001220703125,297.31500244140625,296.3121032714844,297.31500244140625,264746
2026-06-24 13:10:00-04:00,296.6099853515625,296.8500061035156,296.45001220703125,296.45001220703125,243818
2026-06-24 13:15:00-04:00,296.29998779296875,296.6600036621094,295.94000244140625,296.6099853515625,351825
2026-06-24 13:20:00-04:00,296.3699951171875,296.4798889160156,295.79998779296875,296.29998779296875,338871
2026-06-24 13:25:00-04:00,296.4200134277344,296.94000244140625,296.17999267578125,296.375,378009
2026-06-24 13:30:00-04:00,296.3349914550781,296.6300048828125,295.8399963378906,296.4100036621094,326139
2026-06-24 13:35:00-04:00,296.6099853515625,296.8644104003906,296.32000732421875,296.3450012207031,473940
2026-06-24 13:40:00-04:00,295.8999938964844,296.7049865722656,295.760009765625,296.626708984375,274679
2026-06-24 13:45:00-04:00,296.2099914550781,296.32000732421875,295.7699890136719,295.9161071777344,283147
2026-06-24 13:50:00-04:00,296.0400085449219,296.29998779296875,295.92999267578125,296.19000244140625,261850
2026-06-24 13:55:00-04:00,295.6099853515625,296.24249267578125,295.5899963378906,296.04998779296875,275578
2026-06-24 14:00:00-04:00,296.30999755859375,296.4700012207031,295.590087890625,295.6099853515625,419590
2026-06-24 14:05:00-04:00,295.93499755859375,296.4949951171875,295.8399963378906,296.2950134277344,391655
2026-06-24 14:10:00-04:00,295.57000732421875,295.9399108886719,295.3800048828125,295.92999267578125,306178
2026-06-24 14:15:00-04:00,295.92999267578125,296.2099914550781,295.56500244140625,295.57000732421875,329000
2026-06-24 14:20:00-04:00,296.1099853515625,296.1099853515625,295.7799987792969,295.9200134277344,256033
2026-06-24 14:25:00-04:00,296.0,296.2099914550781,295.8500061035156,296.1099853515625,371324
2026-06-24 14:30:00-04:00,296.125,296.17999267578125,295.8900146484375,296.0,395006
2026-06-24 14:35:00-04:00,295.42999267578125,296.1099853515625,295.2900085449219,296.1000061035156,418865
2026-06-24 14:40:00-04:00,295.20001220703125,295.5299987792969,294.8800048828125,295.43499755859375,494502
2026-06-24 14:45:00-04:00,294.5299987792969,295.25,294.4200134277344,295.19000244140625,486710
2026-06-24 14:50:00-04:00,294.45001220703125,294.57501220703125,294.1600036621094,294.5350036621094,538740
2026-06-24 14:55:00-04:00,295.1700134277344,295.19000244140625,294.26611328125,294.45001220703125,523658
2026-06-24 15:00:00-04:00,295.3900146484375,295.42999267578125,294.8399963378906,295.19000244140625,426481
2026-06-24 15:05:00-04:00,295.2149963378906,295.44000244140625,294.7900085449219,295.4049987792969,390843
2026-06-24 15:10:00-04:00,295.0400085449219,295.2369079589844,294.94000244140625,295.2149963378906,408929
2026-06-24 15:15:00-04:00,295.05999755859375,295.2200012207031,294.80999755859375,295.0299987792969,380163
2026-06-24 15:20:00-04:00,294.9800109863281,295.1600036621094,294.9100036621094,295.05999755859375,381534
2026-06-24 15:25:00-04:00,294.9400939941406,295.239990234375,294.8999938964844,294.989990234375,339984
2026-06-24 15:30:00-04:00,294.9599914550781,295.1300048828125,294.7300109863281,294.92999267578125,526138
2026-06-24 15:35:00-04:00,294.6499938964844,294.9800109863281,294.4700012207031,294.9519958496094,801265
2026-06-24 15:40:00-04:00,295.0350036621094,295.1400146484375,294.5199890136719,294.6400146484375,573362
2026-06-24 15:45:00-04:00,294.9700012207031,295.3699951171875,294.82000732421875,295.04998779296875,567818
2026-06-24 15:50:00-04:00,295.25,295.2900085449219,294.0799865722656,294.989990234375,1283560
2026-06-24 15:55:00-04:00,293.260009765625,295.25,292.94000244140625,295.239990234375,3863726
2026-06-25 09:30:00-04:00,285.69000244140625,288.79998779296875,284.7300109863281,287.510009765625,3957272
2026-06-25 09:35:00-04:00,281.1499938964844,285.8399963378906,281.0799865722656,285.6199951171875,2546987
2026-06-25 09:40:00-04:00,278.1600036621094,281.2799987792969,277.8800048828125,281.1199951171875,3073932
2026-06-25 09:45:00-04:00,279.760009765625,279.92999267578125,278.07000732421875,278.1199951171875,2379377
2026-06-25 09:50:00-04:00,278.1300048828125,279.94000244140625,278.1199951171875,279.7799987792969,1869356
2026-06-25 09:55:00-04:00,278.9700012207031,279.3399963378906,277.6700134277344,278.1400146484375,1319750
2026-06-25 10:00:00-04:00,279.95001220703125,280.1798095703125,278.8299865722656,278.94500732421875,1486808
2026-06-25 10:05:00-04:00,279.57000732421875,280.06988525390625,279.010009765625,279.95001220703125,974399
2026-06-25 10:10:00-04:00,278.4599914550781,279.92498779296875,277.9599914550781,279.5799865722656,1408253
2026-06-25 10:15:00-04:00,279.1449890136719,279.19000244140625,277.4599914550781,278.44500732421875,1345736
2026-06-25 10:20:00-04:00,278.04998779296875,279.7799987792969,277.92999267578125,279.1549987792969,1336111
2026-06-25 10:25:00-04:00,279.6300048828125,279.739990234375,278.0350036621094,278.0350036621094,1045861
2026-06-25 10:30:00-04:00,279.54998779296875,280.0899963378906,279.0199890136719,279.635009765625,856979
2026-06-25 10:35:00-04:00,279.75,280.0,279.05499267578125,279.5350036621094,642344
2026-06-25 10:40:00-04:00,279.7300109863281,280.0899963378906,278.5899963378906,279.7550048828125,971805
2026-06-25 10:45:00-04:00,279.0299987792969,279.989990234375,278.93499755859375,279.7300109863281,892981
2026-06-25 10:50:00-04:00,279.02850341796875,279.5,278.4100036621094,279.0199890136719,740451
2026-06-25 10:55:00-04:00,277.6050109863281,279.2099914550781,277.4599914550781,279.0,843606
2026-06-25 11:00:00-04:00,277.55999755859375,278.1000061035156,277.239990234375,277.6099853515625,816258
2026-06-25 11:05:00-04:00,277.82501220703125,277.8299865722656,276.779296875,277.55999755859375,918053
2026-06-25 11:10:00-04:00,277.0199890136719,277.81988525390625,276.80999755859375,277.79998779296875,745947
2026-06-25 11:15:00-04:00,276.8550109863281,277.1000061035156,276.5199890136719,277.0199890136719,949002
2026-06-25 11:20:00-04:00,276.8699951171875,277.17999267578125,276.44000244140625,276.8599853515625,984169
2026-06-25 11:25:00-04:00,277.6400146484375,278.0,276.44000244140625,276.8599853515625,751906
2026-06-25 11:30:00-04:00,278.42999267578125,278.8699951171875,277.5899963378906,277.6600036621094,753522
2026-06-25 11:35:00-04:00,278.5849914550781,279.25,278.44000244140625,278.44000244140625,670606
2026-06-25 11:40:00-04:00,279.25,279.4700012207031,278.1300048828125,278.5801086425781,666354
2026-06-25 11:45:00-04:00,279.13958740234375,279.6449890136719,278.989990234375,279.25,560601
2026-06-25 11:50:00-04:00,278.3900146484375,279.1499938964844,278.1099853515625,279.1199951171875,504493
2026-06-25 11:55:00-04:00,277.8550109863281,278.7699890136719,277.6300048828125,278.3800048828125,714375
2026-06-25 12:00:00-04:00,277.9800109863281,278.19000244140625,277.6000061035156,277.8900146484375,530324
2026-06-25 12:05:00-04:00,277.69000244140625,278.1369934082031,277.4700012207031,277.989990234375,505230
2026-06-25 12:10:00-04:00,276.4750061035156,277.9200134277344,276.30450439453125,277.7049865722656,1135641
2026-06-25 12:15:00-04:00,275.56500244140625,276.6499938964844,275.5400085449219,276.4800109863281,1037055
2026-06-25 12:20:00-04:00,275.0950012207031,276.20001220703125,274.8599853515625,275.56500244140625,1266710
2026-06-25 12:25:00-04:00,274.56500244140625,275.3900146484375,274.4599914550781,275.1050109863281,813395
2026-06-25 12:30:00-04:00,274.6600036621094,274.79998779296875,274.1300048828125,274.56500244140625,995586
2026-06-25 12:35:00-04:00,274.2850036621094,275.0,273.75,274.6650085449219,1193426
2026-06-25 12:40:00-04:00,274.7449951171875,275.0,273.9700012207031,274.2850036621094,854933
2026-06-25 12:45:00-04:00,274.510009765625,274.8699951171875,274.1199951171875,274.7749938964844,1143185
2026-06-25 12:50:00-04:00,274.6449890136719,275.0799865722656,274.1700134277344,274.5,848692
2026-06-25 12:55:00-04:00,275.1199951171875,275.1600036621094,274.4599914550781,274.6600036621094,1148503
2026-06-25 13:00:00-04:00,276.44000244140625,276.7149963378906,275.1099853515625,275.135009765625,1134982
2026-06-25 13:05:00-04:00,277.07000732421875,277.1991882324219,276.239990234375,276.4599914550781,1980351
2026-06-25 13:10:00-04:00,277.1700134277344,277.5398864746094,277.010009765625,277.09991455078125,845625
2026-06-25 13:15:00-04:00,277.44000244140625,277.989990234375,277.1899108886719,277.1899108886719,902159
2026-06-25 13:20:00-04:00,277.2799072265625,277.7699890136719,277.239990234375,277.44000244140625,745405
2026-06-25 13:25:00-04:00,278.0400085449219,278.3900146484375,277.0199890136719,277.2701110839844,1791318
2026-06-25 13:30:00-04:00,277.7799987792969,278.1099853515625,277.70001220703125,278.04998779296875,527201
2026-06-25 13:35:00-04:00,277.23150634765625,277.906005859375,276.9800109863281,277.7900085449219,509984
2026-06-25 13:40:00-04:00,277.06500244140625,277.6300048828125,277.02099609375,277.2300109863281,591826
2026-06-25 13:45:00-04:00,276.75,277.07000732421875,276.239990234375,277.05999755859375,922689
2026-06-25 13:50:00-04:00,276.2449951171875,276.7900085449219,276.19000244140625,276.739990234375,646395
2026-06-25 13:55:00-04:00,276.7882080078125,276.79998779296875,276.2300109863281,276.239990234375,861509
2026-06-25 14:00:00-04:00,276.760009765625,276.92999267578125,276.2200012207031,276.7950134277344,706216
2026-06-25 14:05:00-04:00,278.42999267578125,278.5,276.6199951171875,276.760009765625,728324
2026-06-25 14:10:00-04:00,278.2900085449219,278.8599853515625,278.1099853515625,278.42999267578125,752863
2026-06-25 14:15:00-04:00,279.94000244140625,280.0400085449219,278.07000732421875,278.2799987792969,746643
2026-06-25 14:20:00-04:00,279.69000244140625,280.17999267578125,279.40008544921875,279.94500732421875,750304
2026-06-25 14:25:00-04:00,279.3450012207031,279.67999267578125,279.0173034667969,279.6600036621094,699538
2026-06-25 14:30:00-04:00,279.5799865722656,279.6499938964844,278.80999755859375,279.3500061035156,768276
2026-06-25 14:35:00-04:00,279.8699951171875,280.2200927734375,279.3599853515625,279.55999755859375,676647
2026-06-25 14:40:00-04:00,279.7699890136719,280.20001220703125,279.7099914550781,279.8800048828125,445580
2026-06-25 14:45:00-04:00,279.5557861328125,279.75,279.2799987792969,279.739990234375,451135
2026-06-25 14:50:00-04:00,279.3699951171875,279.58990478515625,279.0299987792969,279.5400085449219,439693
2026-06-25 14:55:00-04:00,279.42498779296875,279.4949951171875,279.1199951171875,279.3699951171875,505875
2026-06-25 15:00:00-04:00,279.0,279.42999267578125,278.8399963378906,279.42999267578125,764896
2026-06-25 15:05:00-04:00,278.5299987792969,279.0199890136719,278.1499938964844,279.0,847629
2026-06-25 15:10:00-04:00,276.5299987792969,278.5400085449219,276.29998779296875,278.5400085449219,1369196
2026-06-25 15:15:00-04:00,276.739990234375,277.18798828125,276.30999755859375,276.5299987792969,1250966
2026-06-25 15:20:00-04:00,277.5799865722656,278.07000732421875,276.0400085449219,276.7300109863281,1031366
2026-06-25 15:25:00-04:00,276.7250061035156,277.8550109863281,276.7099914550781,277.5299987792969,819936
2026-06-25 15:30:00-04:00,276.5899963378906,277.05999755859375,276.0400085449219,276.70001220703125,1810840
2026-06-25 15:35:00-04:00,275.8599853515625,276.6000061035156,275.61199951171875,276.5899963378906,1415978
2026-06-25 15:40:00-04:00,275.375,275.9700012207031,275.3299865722656,275.8599853515625,1205106
2026-06-25 15:45:00-04:00,275.1700134277344,275.6099853515625,274.57000732421875,275.3599853515625,1715887
2026-06-25 15:50:00-04:00,276.8900146484375,277.45001220703125,275.20001220703125,275.260009765625,2770461
2026-06-25 15:55:00-04:00,275.04998779296875,276.95001220703125,273.8999938964844,276.94000244140625,6706736
2026-06-26 09:30:00-04:00,276.92999267578125,278.0,274.2099914550781,275.0,4456818
2026-06-26 09:35:00-04:00,276.80999755859375,277.5799865722656,276.1499938964844,276.94000244140625,1398066
2026-06-26 09:40:00-04:00,276.8999938964844,278.17999267578125,276.25,276.82940673828125,1528109
2026-06-26 09:45:00-04:00,276.3800048828125,277.0199890136719,276.0199890136719,276.9200134277344,1197907
2026-06-26 09:50:00-04:00,276.3900146484375,276.82000732421875,275.6449890136719,276.375,1340998
2026-06-26 09:55:00-04:00,275.70001220703125,277.25,275.44000244140625,276.3999938964844,1291954
2026-06-26 10:00:00-04:00,277.1000061035156,277.24969482421875,275.4599914550781,275.7369079589844,1218079
2026-06-26 10:05:00-04:00,277.8900146484375,278.3500061035156,277.07000732421875,277.1099853515625,1067058
2026-06-26 10:10:00-04:00,278.19000244140625,278.33990478515625,277.75,277.8800048828125,853233
2026-06-26 10:15:00-04:00,277.4599914550781,278.3399963378906,277.4461975097656,278.2099914550781,824821
2026-06-26 10:20:00-04:00,277.635009765625,277.9049987792969,276.94000244140625,277.5,871730
2026-06-26 10:25:00-04:00,278.260009765625,278.92999267578125,277.3599853515625,277.6449890136719,978031
2026-06-26 10:30:00-04:00,279.6899108886719,279.95001220703125,278.0799865722656,278.2799987792969,1281905
2026-06-26 10:35:00-04:00,279.3299865722656,279.79998779296875,278.5,279.69000244140625,1036036
2026-06-26 10:40:00-04:00,279.3550109863281,280.0,278.6400146484375,279.30999755859375,919266
2026-06-26 10:45:00-04:00,279.739990234375,279.8999938964844,278.9200134277344,279.3699951171875,652614
2026-06-26 10:50:00-04:00,279.7349853515625,279.9200134277344,279.20001220703125,279.760009765625,605372
2026-06-26 10:55:00-04:00,279.849609375,280.2200012207031,279.635009765625,279.739990234375,1163529
2026-06-26 11:00:00-04:00,280.32000732421875,280.4700012207031,279.7900085449219,279.8500061035156,757695
2026-06-26 11:05:00-04:00,279.8699951171875,280.4100036621094,279.67120361328125,280.32000732421875,780251
2026-06-26 11:10:00-04:00,279.5899963378906,280.0299987792969,279.1700134277344,279.8800048828125,773154
2026-06-26 11:15:00-04:00,279.9200134277344,279.9200134277344,279.2300109863281,279.5899963378906,694379
2026-06-26 11:20:00-04:00,279.2699890136719,280.0,278.3599853515625,279.9200134277344,921397
2026-06-26 11:25:00-04:00,279.0299987792969,279.277099609375,278.6499938964844,279.260009765625,798892
2026-06-26 11:30:00-04:00,278.1099853515625,279.45001220703125,277.760009765625,279.0259094238281,2144170
2026-06-26 11:35:00-04:00,278.4800109863281,278.6600036621094,278.0799865722656,278.1050109863281,677089
2026-06-26 11:40:00-04:00,278.125,278.6300048828125,277.56500244140625,278.5249938964844,1201160
2026-06-26 11:45:00-04:00,278.125,278.2149963378906,277.6400146484375,278.1300048828125,746742
2026-06-26 11:50:00-04:00,277.260009765625,278.3699951171875,277.0,278.1300048828125,1335170
2026-06-26 11:55:00-04:00,277.1650085449219,277.6000061035156,277.0199890136719,277.2633056640625,800889
2026-06-26 12:00:00-04:00,276.3999938964844,277.32000732421875,276.32000732421875,277.17999267578125,894476
2026-06-26 12:05:00-04:00,275.8900146484375,276.54998779296875,275.82000732421875,276.4200134277344,825793
2026-06-26 12:10:00-04:00,276.0050048828125,276.2799987792969,275.55999755859375,275.8900146484375,946919
2026-06-26 12:15:00-04:00,275.6000061035156,276.1650085449219,275.42999267578125,276.0050048828125,883655
2026-06-26 12:20:00-04:00,275.79998779296875,276.1099853515625,275.25,275.57000732421875,1448845
2026-06-26 12:25:00-04:00,275.8999938964844,276.6000061035156,275.4200134277344,275.7900085449219,1325345
2026-06-26 12:30:00-04:00,277.42999267578125,277.42999267578125,275.8999938964844,275.8999938964844,559356
2026-06-26 12:35:00-04:00,277.2449951171875,277.54998779296875,276.80999755859375,277.42999267578125,748812
2026-06-26 12:40:00-04:00,278.1199951171875,278.1600036621094,277.2449951171875,277.2449951171875,738813
2026-06-26 12:45:00-04:00,278.635009765625,278.8371887207031,277.92999267578125,278.1050109863281,1189062
2026-06-26 12:50:00-04:00,278.95001220703125,279.3699951171875,278.54998779296875,278.6400146484375,615561
2026-06-26 12:55:00-04:00,278.9100036621094,279.1099853515625,278.69000244140625,278.94000244140625,640455
2026-06-26 13:00:00-04:00,278.53009033203125,279.05999755859375,278.42999267578125,278.9100036621094,588458
2026-06-26 13:05:00-04:00,279.1300964355469,279.1700134277344,278.510009765625,278.5249938964844,549097
2026-06-26 13:10:00-04:00,278.8599853515625,279.3699951171875,278.60009765625,279.1300048828125,536817
2026-06-26 13:15:00-04:00,278.68499755859375,279.1000061035156,278.5,278.8699951171875,626486
2026-06-26 13:20:00-04:00,278.8800048828125,279.07000732421875,278.6000061035156,278.70001220703125,591618
2026-06-26 13:25:00-04:00,279.19500732421875,279.29998779296875,278.7900085449219,278.885009765625,586834
2026-06-26 13:30:00-04:00,279.5,279.5899963378906,279.0199890136719,279.17999267578125,546051
2026-06-26 13:35:00-04:00,279.3349914550781,279.5199890136719,279.1099853515625,279.4700012207031,486851
2026-06-26 13:40:00-04:00,279.4200134277344,279.8599853515625,279.2217102050781,279.3500061035156,452952
2026-06-26 13:45:00-04:00,278.7799987792969,279.7200012207031,278.75,279.4371032714844,524595
2026-06-26 13:50:00-04:00,279.0299987792969,279.1050109863281,278.64080810546875,278.760009765625,532148
2026-06-26 13:55:00-04:00,279.19500732421875,279.29998779296875,278.75,279.0400085449219,512502
2026-06-26 14:00:00-04:00,280.29998779296875,280.3299865722656,278.8900146484375,279.2099914550781,1063735
2026-06-26 14:05:00-04:00,280.6000061035156,280.67999267578125,280.010009765625,280.2799987792969,1097182
2026-06-26 14:10:00-04:00,281.05010986328125,281.29998779296875,280.6000061035156,280.6000061035156,679402
2026-06-26 14:15:00-04:00,280.8599853515625,281.2998962402344,280.6499938964844,281.05999755859375,656073
2026-06-26 14:20:00-04:00,280.17999267578125,280.9657897949219,279.92999267578125,280.8599853515625,930771
2026-06-26 14:25:00-04:00,280.19000244140625,280.29998779296875,279.5,280.1449890136719,774986
2026-06-26 14:30:00-04:00,281.7193908691406,281.80999755859375,280.0899963378906,280.19500732421875,1113070
2026-06-26 14:35:00-04:00,280.8500061035156,281.82000732421875,280.7799987792969,281.7200012207031,1072544
2026-06-26 14:40:00-04:00,281.1700134277344,281.55999755859375,280.82000732421875,280.8299865722656,1033655
2026-06-26 14:45:00-04:00,280.7900085449219,281.3299865722656,280.57000732421875,281.1650085449219,1390553
2026-06-26 14:50:00-04:00,280.4700012207031,280.90008544921875,280.260009765625,280.7850036621094,1072312
2026-06-26 14:55:00-04:00,280.7200012207031,280.8299865722656,280.3599853515625,280.4700012207031,821833
2026-06-26 15:00:00-04:00,280.9599914550781,281.3999938964844,280.6300048828125,280.7149963378906,1289053
2026-06-26 15:05:00-04:00,281.1393127441406,281.32000732421875,280.3699951171875,280.9700012207031,1255384
2026-06-26 15:10:00-04:00,281.45001220703125,281.8299865722656,280.95001220703125,281.1449890136719,1289345
2026-06-26 15:15:00-04:00,281.69500732421875,281.82000732421875,281.0,281.44500732421875,1429564
2026-06-26 15:20:00-04:00,280.45001220703125,281.69000244140625,279.4100036621094,281.69000244140625,2387878
2026-06-26 15:25:00-04:00,280.1499938964844,280.8900146484375,280.010009765625,280.5,1414879
2026-06-26 15:30:00-04:00,281.1650085449219,281.35101318359375,280.1199951171875,280.1499938964844,1826604
2026-06-26 15:35:00-04:00,280.6000061035156,281.2550048828125,280.0799865722656,281.1650085449219,1685233
2026-06-26 15:40:00-04:00,281.260009765625,281.4200134277344,280.0,280.6000061035156,2002831
2026-06-26 15:45:00-04:00,281.25,281.6700134277344,281.010009765625,281.25,2068421
2026-06-26 15:50:00-04:00,285.2598876953125,285.82000732421875,281.2300109863281,281.260009765625,6064315
2026-06-26 15:55:00-04:00,281.20001220703125,285.95001220703125,281.20001220703125,285.2149963378906,9875623
2026-06-29 09:30:00-04:00,286.260009765625,288.36968994140625,285.79998779296875,286.8599853515625,2674869
2026-06-29 09:35:00-04:00,285.68499755859375,286.29998779296875,284.4049987792969,286.260009765625,778379
2026-06-29 09:40:00-04:00,284.0150146484375,286.0199890136719,283.7349853515625,285.739990234375,753369
2026-06-29 09:45:00-04:00,283.9849853515625,285.19000244140625,283.55999755859375,284.0400085449219,1064055
2026-06-29 09:50:00-04:00,284.2950134277344,285.239990234375,283.7799987792969,284.010009765625,893189
2026-06-29 09:55:00-04:00,283.9599914550781,284.5,283.5220031738281,284.3500061035156,695507
2026-06-29 10:00:00-04:00,283.7449951171875,284.0400085449219,283.4800109863281,283.9750061035156,540497
2026-06-29 10:05:00-04:00,282.69000244140625,283.94000244140625,282.5,283.739990234375,614220
2026-06-29 10:10:00-04:00,281.82501220703125,282.8399963378906,281.7250061035156,282.70001220703125,718953
2026-06-29 10:15:00-04:00,282.05999755859375,282.375,281.6600036621094,281.79998779296875,626694
2026-06-29 10:20:00-04:00,281.3349914550781,282.0899963378906,281.30999755859375,282.0899963378906,550364
2026-06-29 10:25:00-04:00,280.8699951171875,281.5299987792969,280.45001220703125,281.3399963378906,719363
2026-06-29 10:30:00-04:00,281.79998779296875,281.80999755859375,280.3299865722656,280.8800048828125,1223753
2026-06-29 10:35:00-04:00,281.4800109863281,282.2900085449219,281.3399963378906,281.7699890136719,985375
2026-06-29 10:40:00-04:00,281.5249938964844,281.7799987792969,280.9750061035156,281.4649963378906,662451
2026-06-29 10:45:00-04:00,281.94000244140625,282.1400146484375,281.2699890136719,281.5400085449219,644771
2026-06-29 10:50:00-04:00,282.5199890136719,282.8299865722656,281.8999938964844,281.92999267578125,561241
2026-06-29 10:55:00-04:00,281.81500244140625,282.5150146484375,281.81500244140625,282.510009765625,602312
2026-06-29 11:00:00-04:00,281.69500732421875,282.1400146484375,281.57000732421875,281.82000732421875,494674
2026-06-29 11:05:00-04:00,281.80499267578125,281.8399963378906,281.3500061035156,281.70001220703125,566481
2026-06-29 11:10:00-04:00,281.95001220703125,282.19970703125,280.7099914550781,281.80999755859375,1005906
2026-06-29 11:15:00-04:00,282.2799987792969,282.42498779296875,281.92498779296875,281.95001220703125,355356
2026-06-29 11:20:00-04:00,281.7799987792969,282.3900146484375,281.5799865722656,282.2699890136719,328907
2026-06-29 11:25:00-04:00,282.3301086425781,282.385009765625,281.7250061035156,281.7799987792969,434747
2026-06-29 11:30:00-04:00,281.9100036621094,282.5498962402344,281.8500061035156,282.3424987792969,558029
2026-06-29 11:35:00-04:00,282.25,282.45001220703125,281.8999938964844,281.94000244140625,385002
2026-06-29 11:40:00-04:00,282.67999267578125,282.75,281.8999938964844,282.239990234375,726498
2026-06-29 11:45:00-04:00,282.42999267578125,282.69500732421875,282.2250061035156,282.67999267578125,907157
2026-06-29 11:50:00-04:00,282.494384765625,283.03448486328125,282.3800048828125,282.42498779296875,607044
2026-06-29 11:55:00-04:00,281.5050048828125,282.489990234375,281.4700927734375,282.4800109863281,532180
2026-06-29 12:00:00-04:00,281.29998779296875,281.54998779296875,280.8800964355469,281.5299987792969,443817
2026-06-29 12:05:00-04:00,280.8800048828125,281.6199951171875,280.7601013183594,281.30999755859375,539455
2026-06-29 12:10:00-04:00,280.4100036621094,281.0,280.3500061035156,280.875,726199
2026-06-29 12:15:00-04:00,280.4800109863281,280.8500061035156,280.2200012207031,280.4200134277344,1172810
2026-06-29 12:20:00-04:00,280.7699890136719,281.5,280.4224853515625,280.4700012207031,427526
2026-06-29 12:25:00-04:00,280.55999755859375,280.93499755859375,280.510009765625,280.760009765625,378412
2026-06-29 12:30:00-04:00,280.2799987792969,280.7598876953125,280.1499938964844,280.55999755859375,353059
2026-06-29 12:35:00-04:00,280.5299987792969,280.5799865722656,279.92999267578125,280.2900085449219,477212
2026-06-29 12:40:00-04:00,280.1600036621094,280.79998779296875,280.1300048828125,280.53009033203125,358277
2026-06-29 12:45:00-04:00,279.989990234375,280.32501220703125,279.875,280.17999267578125,513315
2026-06-29 12:50:00-04:00,280.4700012207031,280.760009765625,279.94000244140625,279.9800109863281,481987
2026-06-29 12:55:00-04:00,280.30999755859375,280.4800109863281,280.1957092285156,280.4599914550781,373728
2026-06-29 13:00:00-04:00,280.20001220703125,280.489990234375,280.1300048828125,280.32000732421875,361157
2026-06-29 13:05:00-04:00,280.1099853515625,280.4700012207031,280.0350036621094,280.2099914550781,405803
2026-06-29 13:10:00-04:00,280.1000061035156,280.2099914550781,279.8500061035156,280.1199951171875,570942
2026-06-29 13:15:00-04:00,281.1499938964844,281.17999267578125,280.1099853515625,280.1099853515625,549310
2026-06-29 13:20:00-04:00,281.489990234375,281.5400085449219,281.05999755859375,281.1549987792969,329516
2026-06-29 13:25:00-04:00,281.4800109863281,281.5400085449219,281.1199951171875,281.489990234375,450210
2026-06-29 13:30:00-04:00,281.78009033203125,281.8800048828125,281.32000732421875,281.4700012207031,425172
2026-06-29 13:35:00-04:00,281.5899963378906,281.8900146484375,281.360107421875,281.7850036621094,298866
2026-06-29 13:40:00-04:00,281.5,281.6400146484375,281.375,281.5799865722656,315934
2026-06-29 13:45:00-04:00,282.1300048828125,282.2099914550781,281.45001220703125,281.5,674571
2026-06-29 13:50:00-04:00,281.69000244140625,282.29998779296875,281.67999267578125,282.1300048828125,377149
2026-06-29 13:55:00-04:00,282.0199890136719,282.17999267578125,281.5899963378906,281.69000244140625,320148
2026-06-29 14:00:00-04:00,281.44500732421875,282.0299987792969,281.4200134277344,282.0299987792969,332100
2026-06-29 14:05:00-04:00,281.1650085449219,281.5150146484375,281.0,281.44500732421875,338439
2026-06-29 14:10:00-04:00,281.42999267578125,281.55999755859375,281.1099853515625,281.1700134277344,216629
2026-06-29 14:15:00-04:00,281.42999267578125,281.67999267578125,281.2699890136719,281.42999267578125,201027
2026-06-29 14:20:00-04:00,281.3078918457031,281.6199951171875,280.8599853515625,281.4200134277344,327548
2026-06-29 14:25:00-04:00,281.54998779296875,281.6199951171875,281.25,281.30999755859375,378940
2026-06-29 14:30:00-04:00,282.135009765625,282.34991455078125,281.489990234375,281.54998779296875,620898
2026-06-29 14:35:00-04:00,281.92999267578125,282.2699890136719,281.8699951171875,282.135009765625,371366
2026-06-29 14:40:00-04:00,282.1499938964844,282.19000244140625,281.67999267578125,281.94500732421875,563503
2026-06-29 14:45:00-04:00,281.6400146484375,282.2622985839844,281.5006103515625,282.1499938964844,378448
2026-06-29 14:50:00-04:00,281.67999267578125,281.7749938964844,281.4549865722656,281.6400146484375,357873
2026-06-29 14:55:00-04:00,282.07000732421875,282.1099853515625,281.6700134277344,281.6700134277344,449997
2026-06-29 15:00:00-04:00,282.80499267578125,283.0775146484375,281.94000244140625,282.07501220703125,591002
2026-06-29 15:05:00-04:00,282.7799987792969,282.9100036621094,282.5,282.8200988769531,443582
2026-06-29 15:10:00-04:00,282.6499938964844,282.8900146484375,282.55999755859375,282.7799987792969,376149
2026-06-29 15:15:00-04:00,282.6050109863281,282.80999755859375,282.29998779296875,282.6499938964844,542606
2026-06-29 15:20:00-04:00,282.56500244140625,282.68499755859375,282.44000244140625,282.5950012207031,501272
2026-06-29 15:25:00-04:00,282.67999267578125,282.8900146484375,282.5,282.57000732421875,457713
2026-06-29 15:30:00-04:00,282.010009765625,282.739990234375,281.8599853515625,282.7099914550781,625017
2026-06-29 15:35:00-04:00,282.2950134277344,282.32000732421875,281.7699890136719,282.010009765625,1488353
2026-06-29 15:40:00-04:00,281.7900085449219,282.3500061035156,281.6499938964844,282.2900085449219,587718
2026-06-29 15:45:00-04:00,282.0400085449219,282.1499938964844,281.6000061035156,281.79998779296875,698936
2026-06-29 15:50:00-04:00,282.1000061035156,282.4200134277344,281.79998779296875,282.04998779296875,868875
2026-06-29 15:55:00-04:00,281.6300048828125,282.19000244140625,281.4700012207031,282.1050109863281,2275852
2026-06-30 09:30:00-04:00,283.2099914550781,283.5,280.69500732421875,281.1700134277344,2197293
2026-06-30 09:35:00-04:00,284.3450012207031,284.84930419921875,282.6099853515625,283.2300109863281,1018938
2026-06-30 09:40:00-04:00,283.2698974609375,284.760009765625,283.1300048828125,284.3450012207031,553198
2026-06-30 09:45:00-04:00,284.2900085449219,284.70001220703125,282.82000732421875,283.2699890136719,791479
2026-06-30 09:50:00-04:00,284.98919677734375,285.239990234375,284.2149963378906,284.29998779296875,741681
2026-06-30 09:55:00-04:00,285.30999755859375,285.34368896484375,284.75,285.0299987792969,486377
2026-06-30 10:00:00-04:00,285.6510009765625,285.92498779296875,285.1099853515625,285.30999755859375,630869
2026-06-30 10:05:00-04:00,285.17999267578125,285.9700012207031,285.0899963378906,285.6400146484375,596533
2026-06-30 10:10:00-04:00,285.8550109863281,285.9800109863281,284.739990234375,285.20001220703125,591817
2026-06-30 10:15:00-04:00,285.9800109863281,286.20001220703125,285.6199951171875,285.8500061035156,514974
2026-06-30 10:20:00-04:00,286.1400146484375,286.239990234375,285.5,285.9800109863281,525045
2026-06-30 10:25:00-04:00,286.0249938964844,286.2898864746094,285.79010009765625,286.1449890136719,458393
2026-06-30 10:30:00-04:00,286.1499938964844,286.260009765625,285.95001220703125,286.010009765625,331211
2026-06-30 10:35:00-04:00,285.80999755859375,286.20001220703125,285.57000732421875,286.1600036621094,394884
2026-06-30 10:40:00-04:00,285.5707092285156,285.8450012207031,285.260009765625,285.82000732421875,342191
2026-06-30 10:45:00-04:00,285.5299987792969,285.82000732421875,285.4100036621094,285.5899963378906,339954
2026-06-30 10:50:00-04:00,286.57000732421875,286.9200134277344,285.4150085449219,285.53009033203125,816642
2026-06-30 10:55:00-04:00,286.9700012207031,287.0799865722656,286.1311950683594,286.5799865722656,858620
2026-06-30 11:00:00-04:00,287.3299865722656,287.3399963378906,286.6400146484375,286.9800109863281,502972
2026-06-30 11:05:00-04:00,287.010009765625,287.3299865722656,286.7300109863281,287.32501220703125,293578
2026-06-30 11:10:00-04:00,286.9599914550781,287.34991455078125,286.82000732421875,287.010009765625,340089
2026-06-30 11:15:00-04:00,287.67498779296875,287.739990234375,286.6199035644531,286.9599914550781,457395
2026-06-30 11:20:00-04:00,288.4599914550781,288.5849914550781,287.614990234375,287.6700134277344,678030
2026-06-30 11:25:00-04:00,288.2699890136719,288.6600036621094,288.07000732421875,288.4750061035156,414036
2026-06-30 11:30:00-04:00,288.75,288.8500061035156,288.1600036621094,288.2799987792969,416604
2026-06-30 11:35:00-04:00,289.0450134277344,289.05999755859375,288.510009765625,288.739990234375,403974
2026-06-30 11:40:00-04:00,288.45001220703125,289.159912109375,288.30999755859375,289.0299987792969,507920
2026-06-30 11:45:00-04:00,289.31500244140625,289.3500061035156,288.45001220703125,288.45001220703125,370887
2026-06-30 11:50:00-04:00,288.7699890136719,289.3800048828125,288.75,289.31500244140625,582875
2026-06-30 11:55:00-04:00,288.73980712890625,288.9800109863281,288.5799865722656,288.7799987792969,329727
2026-06-30 12:00:00-04:00,288.9599914550781,289.20001220703125,288.739990234375,288.739990234375,346928
2026-06-30 12:05:00-04:00,288.4599914550781,288.989990234375,288.1700134277344,288.9700012207031,362645
2026-06-30 12:10:00-04:00,288.260009765625,288.6400146484375,287.80999755859375,288.4750061035156,378321
2026-06-30 12:15:00-04:00,288.239990234375,288.5,288.0799865722656,288.260009765625,285544
2026-06-30 12:20:00-04:00,288.1400146484375,288.2799987792969,287.94171142578125,288.25,203216
2026-06-30 12:25:00-04:00,288.1449890136719,288.45001220703125,287.947509765625,288.1600036621094,235871
2026-06-30 12:30:00-04:00,288.44000244140625,288.5899963378906,288.125,288.1600036621094,250322
2026-06-30 12:35:00-04:00,288.5799865722656,288.6199951171875,288.32000732421875,288.42999267578125,231641
2026-06-30 12:40:00-04:00,288.7074890136719,288.75,288.3743896484375,288.55010986328125,308281
2026-06-30 12:45:00-04:00,288.9200134277344,288.9800109863281,288.6199951171875,288.7099914550781,283418
2026-06-30 12:50:00-04:00,289.07000732421875,289.1400146484375,288.69000244140625,288.9599914550781,351632
2026-06-30 12:55:00-04:00,289.18499755859375,289.2200012207031,288.8399963378906,289.07000732421875,284084
2026-06-30 13:00:00-04:00,289.5950012207031,289.6600036621094,289.1499938964844,289.20001220703125,392067
2026-06-30 13:05:00-04:00,289.1549987792969,289.6000061035156,289.0404052734375,289.5950012207031,227280
2026-06-30 13:10:00-04:00,289.0,289.45001220703125,288.9150085449219,289.1400146484375,316862
2026-06-30 13:15:00-04:00,288.3999938964844,288.9800109863281,288.32000732421875,288.9800109863281,254536
2026-06-30 13:20:00-04:00,288.79998779296875,288.8599853515625,288.3399963378906,288.3900146484375,243109
2026-06-30 13:25:00-04:00,288.42999267578125,288.92498779296875,288.42041015625,288.82000732421875,229837
2026-06-30 13:30:00-04:00,288.40008544921875,288.57501220703125,288.2250061035156,288.44500732421875,260793
2026-06-30 13:35:00-04:00,288.3599853515625,288.54998779296875,288.2349853515625,288.4200134277344,250089
2026-06-30 13:40:00-04:00,288.375,288.55999755859375,288.2900085449219,288.3599853515625,246955
2026-06-30 13:45:00-04:00,288.5199890136719,288.5199890136719,288.2550048828125,288.3900146484375,221980
2026-06-30 13:50:00-04:00,288.3599853515625,288.7200012207031,288.2099914550781,288.510009765625,251869
2026-06-30 13:55:00-04:00,288.4200134277344,288.54998779296875,288.1600036621094,288.3599853515625,219363
2026-06-30 14:00:00-04:00,288.8099060058594,289.19000244140625,288.0899963378906,288.4200134277344,661493
2026-06-30 14:05:00-04:00,288.5426025390625,288.92999267578125,288.4649963378906,288.8125,303949
2026-06-30 14:10:00-04:00,288.94000244140625,288.95001220703125,288.5400085449219,288.5400085449219,233418
2026-06-30 14:15:00-04:00,288.8999938964844,288.9599914550781,288.6199951171875,288.92999267578125,216779
2026-06-30 14:20:00-04:00,288.760009765625,289.0,288.7449951171875,288.94000244140625,276892
2026-06-30 14:25:00-04:00,288.0899963378906,288.82000732421875,287.8550109863281,288.7650146484375,356469
2026-06-30 14:30:00-04:00,287.30499267578125,288.17999267578125,287.2799987792969,288.0849914550781,381744
2026-06-30 14:35:00-04:00,287.3900146484375,287.6400146484375,287.1400146484375,287.31988525390625,406751
2026-06-30 14:40:00-04:00,287.4549865722656,287.56988525390625,287.29998779296875,287.3999938964844,224188
2026-06-30 14:45:00-04:00,287.17999267578125,287.510009765625,287.085205078125,287.4501037597656,234406
2026-06-30 14:50:00-04:00,286.7699890136719,287.17999267578125,286.739990234375,287.17999267578125,297630
2026-06-30 14:55:00-04:00,286.9849853515625,287.0199890136719,286.67999267578125,286.7699890136719,299872
2026-06-30 15:00:00-04:00,287.45001220703125,287.5799865722656,286.9700012207031,286.9700012207031,392937
2026-06-30 15:05:00-04:00,287.5450134277344,287.55999755859375,287.05999755859375,287.44000244140625,354152
2026-06-30 15:10:00-04:00,287.55059814453125,287.7099914550781,287.3999938964844,287.54998779296875,428008
2026-06-30 15:15:00-04:00,287.364990234375,287.67498779296875,287.32000732421875,287.55999755859375,398231
2026-06-30 15:20:00-04:00,287.69500732421875,287.989990234375,287.2749938964844,287.364990234375,469801
2026-06-30 15:25:00-04:00,287.5299987792969,288.1400146484375,287.3800048828125,287.69000244140625,456821
2026-06-30 15:30:00-04:00,287.7900085449219,287.989990234375,287.5,287.5299987792969,440375
2026-06-30 15:35:00-04:00,287.8399963378906,287.9649963378906,287.6000061035156,287.7850036621094,445272
2026-06-30 15:40:00-04:00,287.9100036621094,288.07000732421875,287.79998779296875,287.8399963378906,552565
2026-06-30 15:45:00-04:00,287.57000732421875,287.9700012207031,287.5400085449219,287.9100036621094,550936
2026-06-30 15:50:00-04:00,288.1199951171875,288.45001220703125,287.4200134277344,287.55999755859375,985998
2026-06-30 15:55:00-04:00,289.0899963378906,289.9100036621094,288.1400146484375,288.1400146484375,5399769
2026-07-01 09:30:00-04:00,292.1300048828125,293.3949890136719,290.3299865722656,293.3299865722656,2463629
2026-07-01 09:35:00-04:00,291.9800109863281,292.8299865722656,290.94000244140625,292.2300109863281,780672
2026-07-01 09:40:00-04:00,291.1199951171875,292.260009765625,290.9419860839844,291.9649963378906,695164
2026-07-01 09:45:00-04:00,290.375,291.1099853515625,289.19500732421875,291.0,659774
2026-07-01 09:50:00-04:00,291.2749938964844,291.2799987792969,290.0,290.3800048828125,595263
2026-07-01 09:55:00-04:00,292.5,292.64990234375,291.114990234375,291.2900085449219,688934
2026-07-01 10:00:00-04:00,292.0350036621094,292.80999755859375,291.6343994140625,292.510009765625,503450
2026-07-01 10:05:00-04:00,292.55999755859375,293.1600036621094,292.0199890136719,292.04901123046875,641046
2026-07-01 10:10:00-04:00,292.95001220703125,293.19000244140625,292.1499938964844,292.5450134277344,342683
2026-07-01 10:15:00-04:00,292.7980041503906,293.1600036621094,292.5,292.9400939941406,341917
2026-07-01 10:20:00-04:00,292.5237121582031,292.8800048828125,291.94000244140625,292.82501220703125,438940
2026-07-01 10:25:00-04:00,293.05999755859375,293.4798889160156,292.0400085449219,292.5,603950
2026-07-01 10:30:00-04:00,293.1199951171875,293.5299987792969,292.7300109863281,293.05999755859375,486452
2026-07-01 10:35:00-04:00,293.57000732421875,293.6400146484375,293.0400085449219,293.125,433550
2026-07-01 10:40:00-04:00,294.8299865722656,294.8399963378906,293.45001220703125,293.5799865722656,639176
2026-07-01 10:45:00-04:00,294.8900146484375,294.8900146484375,294.0,294.82000732421875,723923
2026-07-01 10:50:00-04:00,294.489990234375,295.010009765625,294.3599853515625,294.8500061035156,659702
2026-07-01 10:55:00-04:00,294.6400146484375,295.0799865722656,294.1400146484375,294.5,816644
2026-07-01 11:00:00-04:00,294.8699951171875,295.1000061035156,294.4200134277344,294.635009765625,381904
2026-07-01 11:05:00-04:00,294.7049865722656,295.3500061035156,294.5199890136719,294.8616943359375,373548
2026-07-01 11:10:00-04:00,294.6099853515625,295.0390930175781,294.2850036621094,294.70001220703125,344486
2026-07-01 11:15:00-04:00,295.6449890136719,295.67999267578125,294.510009765625,294.6099853515625,547204
2026-07-01 11:20:00-04:00,296.3599853515625,296.5299072265625,295.5801086425781,295.6600036621094,642790
2026-07-01 11:25:00-04:00,295.751708984375,296.5899963378906,295.5199890136719,296.3599853515625,716561
2026-07-01 11:30:00-04:00,294.989990234375,295.7900085449219,294.80999755859375,295.7799987792969,435499
2026-07-01 11:35:00-04:00,294.7500915527344,295.07000732421875,294.7250061035156,294.989990234375,333890
2026-07-01 11:40:00-04:00,294.94000244140625,295.2900085449219,294.739990234375,294.7699890136719,366180
2026-07-01 11:45:00-04:00,295.20001220703125,295.25,294.8399963378906,294.94000244140625,291676
2026-07-01 11:50:00-04:00,295.19000244140625,295.4200134277344,294.9464111328125,295.2200012207031,278874
2026-07-01 11:55:00-04:00,295.239990234375,295.3999938964844,294.6300048828125,295.17999267578125,300443
2026-07-01 12:00:00-04:00,295.4150085449219,295.5799865722656,295.0400085449219,295.25,220931
2026-07-01 12:05:00-04:00,295.4800109863281,295.7099914550781,295.2749938964844,295.4150085449219,292066
2026-07-01 12:10:00-04:00,295.2850036621094,295.6700134277344,295.1300048828125,295.489990234375,228805
2026-07-01 12:15:00-04:00,295.2300109863281,295.32000732421875,294.9200134277344,295.2699890136719,220846
2026-07-01 12:20:00-04:00,295.2699890136719,295.3699951171875,295.0899963378906,295.239990234375,193329
2026-07-01 12:25:00-04:00,294.94500732421875,295.4649963378906,294.92999267578125,295.2699890136719,242391
2026-07-01 12:30:00-04:00,294.45001220703125,295.0599060058594,294.2701110839844,294.94500732421875,300769
2026-07-01 12:35:00-04:00,294.5350036621094,294.7550048828125,294.3599853515625,294.45989990234375,265041
2026-07-01 12:40:00-04:00,294.6000061035156,294.7099914550781,294.3301086425781,294.5350036621094,219409
2026-07-01 12:45:00-04:00,294.4649963378906,294.69000244140625,294.3900146484375,294.6000061035156,196233
2026-07-01 12:50:00-04:00,294.55120849609375,294.8500061035156,294.3699951171875,294.4700012207031,236954
2026-07-01 12:55:00-04:00,294.2300109863281,294.5799865722656,294.1099853515625,294.5799865722656,542805
2026-07-01 13:00:00-04:00,294.0950012207031,294.3599853515625,293.9200134277344,294.2300109863281,383246
2026-07-01 13:05:00-04:00,294.32000732421875,294.6099853515625,293.9200134277344,294.04998779296875,423921
2026-07-01 13:10:00-04:00,294.44500732421875,294.45001220703125,293.9750061035156,294.32501220703125,252299
2026-07-01 13:15:00-04:00,293.989990234375,294.44500732421875,293.989990234375,294.44500732421875,242069
2026-07-01 13:20:00-04:00,294.1549987792969,294.4200134277344,293.94000244140625,294.0,248401
2026-07-01 13:25:00-04:00,294.0899963378906,294.25,293.9700012207031,294.1549987792969,255278
2026-07-01 13:30:00-04:00,294.2149963378906,294.2300109863281,293.9200134277344,294.0799865722656,235411
2026-07-01 13:35:00-04:00,294.32000732421875,294.6000061035156,294.1400146484375,294.2200012207031,230022
2026-07-01 13:40:00-04:00,294.1050109863281,294.42999267578125,294.07000732421875,294.31988525390625,194366
2026-07-01 13:45:00-04:00,294.2200012207031,294.3349914550781,293.9599914550781,294.1099853515625,243077
2026-07-01 13:50:00-04:00,294.92999267578125,294.989990234375,294.0350036621094,294.2099914550781,355547
2026-07-01 13:55:00-04:00,293.7149963378906,294.9396057128906,293.1099853515625,294.9396057128906,1413612
2026-07-01 14:00:00-04:00,293.5849914550781,294.19000244140625,292.70001220703125,293.7300109863281,661993
2026-07-01 14:05:00-04:00,294.6199951171875,294.8399963378906,292.9200134277344,293.5849914550781,689056
2026-07-01 14:10:00-04:00,294.54998779296875,294.7799987792969,294.32000732421875,294.6199951171875,486218
2026-07-01 14:15:00-04:00,295.0150146484375,295.1000061035156,294.31500244140625,294.57501220703125,373514
2026-07-01 14:20:00-04:00,294.55999755859375,295.04998779296875,294.5000915527344,295.010009765625,306581
2026-07-01 14:25:00-04:00,294.80499267578125,294.9800109863281,294.510009765625,294.56500244140625,312933
2026-07-01 14:30:00-04:00,294.9649963378906,295.20001220703125,294.7799987792969,294.80999755859375,391459
2026-07-01 14:35:00-04:00,294.8800048828125,295.2200012207031,294.7200012207031,294.9599914550781,316008
2026-07-01 14:40:00-04:00,295.3699951171875,295.5299987792969,294.8800048828125,294.8800048828125,450916
2026-07-01 14:45:00-04:00,295.3699951171875,295.4599914550781,295.1499938964844,295.3599853515625,402069
2026-07-01 14:50:00-04:00,294.9649963378906,295.4100036621094,294.94000244140625,295.3699951171875,351315
2026-07-01 14:55:00-04:00,294.7200012207031,295.19000244140625,294.67999267578125,294.9649963378906,278828
2026-07-01 15:00:00-04:00,294.70001220703125,294.8900146484375,294.5799865722656,294.7300109863281,263170
2026-07-01 15:05:00-04:00,294.489990234375,294.94000244140625,294.42010498046875,294.7200012207031,407594
2026-07-01 15:10:00-04:00,294.55999755859375,294.70001220703125,294.4200134277344,294.4800109863281,317692
2026-07-01 15:15:00-04:00,294.5899963378906,294.8396911621094,294.489990234375,294.57000732421875,300942
2026-07-01 15:20:00-04:00,294.4100036621094,294.6300048828125,294.16009521484375,294.5899963378906,468327
2026-07-01 15:25:00-04:00,294.0151062011719,294.4700012207031,294.0,294.42999267578125,458424
2026-07-01 15:30:00-04:00,294.0299987792969,294.3399963378906,293.95001220703125,294.0,581497
2026-07-01 15:35:00-04:00,294.25,294.3500061035156,293.989990234375,294.0119934082031,397579
2026-07-01 15:40:00-04:00,294.2099914550781,294.29998779296875,294.0,294.2497863769531,531344
2026-07-01 15:45:00-04:00,293.8800048828125,294.3699951171875,293.760009765625,294.20001220703125,626202
2026-07-01 15:50:00-04:00,294.6700134277344,295.54998779296875,293.7500915527344,293.9200134277344,1181069
2026-07-01 15:55:00-04:00,294.25,295.30999755859375,294.0299987792969,294.6860046386719,2913962
2026-07-02 09:30:00-04:00,298.20001220703125,299.82000732421875,293.67999267578125,294.0849914550781,2271367
2026-07-02 09:35:00-04:00,300.1300048828125,300.1600036621094,298.1252136230469,298.1813049316406,1174858
2026-07-02 09:40:00-04:00,300.3500061035156,301.1400146484375,299.7799987792969,300.1300048828125,1189676
2026-07-02 09:45:00-04:00,302.1700134277344,302.3546142578125,300.3800048828125,300.3800048828125,1165432
2026-07-02 09:50:00-04:00,301.7550048828125,302.67999267578125,301.4700012207031,302.1499938964844,2694861
2026-07-02 09:55:00-04:00,302.80999755859375,302.80999755859375,301.4700927734375,301.75,878216
2026-07-02 10:00:00-04:00,303.01031494140625,303.3900146484375,302.6188049316406,302.8500061035156,1048957
2026-07-02 10:05:00-04:00,303.5350036621094,303.57000732421875,302.7101135253906,303.07000732421875,900555
2026-07-02 10:10:00-04:00,303.7300109863281,304.5199890136719,303.1099853515625,303.54998779296875,1305867
2026-07-02 10:15:00-04:00,304.3699951171875,304.5090026855469,303.5899963378906,303.7449951171875,765521
2026-07-02 10:20:00-04:00,304.5617980957031,305.1099853515625,304.239990234375,304.3949890136719,1274302
2026-07-02 10:25:00-04:00,305.04998779296875,305.32000732421875,304.1289978027344,304.6064147949219,918664
2026-07-02 10:30:00-04:00,305.7099914550781,306.6398010253906,304.8500061035156,305.04400634765625,1300318
2026-07-02 10:35:00-04:00,305.3800048828125,305.8500061035156,304.8800048828125,305.7200012207031,1036529
2026-07-02 10:40:00-04:00,306.4200134277344,306.4200134277344,305.35009765625,305.3900146484375,882024
2026-07-02 10:45:00-04:00,305.5199890136719,306.7749938964844,305.5199890136719,306.4200134277344,1073473
2026-07-02 10:50:00-04:00,306.30999755859375,306.5,305.30010986328125,305.5199890136719,745128
2026-07-02 10:55:00-04:00,306.87799072265625,307.0400085449219,306.30999755859375,306.30999755859375,966849
2026-07-02 11:00:00-04:00,306.635009765625,307.82000732421875,306.5899963378906,306.8999938964844,1020017
2026-07-02 11:05:00-04:00,306.8999938964844,306.8999938964844,305.4100036621094,306.6300964355469,1126022
2026-07-02 11:10:00-04:00,307.41448974609375,307.7900085449219,306.3500061035156,306.9200134277344,971580
2026-07-02 11:15:00-04:00,307.0400085449219,307.44000244140625,306.0700988769531,307.44000244140625,764922
2026-07-02 11:20:00-04:00,307.2550048828125,307.30999755859375,306.67999267578125,307.0849914550781,658790
2026-07-02 11:25:00-04:00,305.4150085449219,307.2900085449219,305.2799987792969,307.2850036621094,775704
2026-07-02 11:30:00-04:00,306.2349853515625,306.7900085449219,305.4200134277344,305.4200134277344,571668
2026-07-02 11:35:00-04:00,306.5299987792969,306.8999938964844,306.1199951171875,306.2699890136719,576470
2026-07-02 11:40:00-04:00,305.67498779296875,306.6000061035156,305.6499938964844,306.54998779296875,471829
2026-07-02 11:45:00-04:00,305.80999755859375,306.1199951171875,305.3299865722656,305.7300109863281,429660
2026-07-02 11:50:00-04:00,305.95001220703125,306.0899963378906,305.2799987792969,305.7200927734375,412428
2026-07-02 11:55:00-04:00,305.625,306.04998779296875,305.5150146484375,305.9501037597656,463021
2026-07-02 12:00:00-04:00,306.69500732421875,306.7101135253906,305.6105041503906,305.6400146484375,580437
2026-07-02 12:05:00-04:00,306.6400146484375,306.94989013671875,306.4599914550781,306.70989990234375,516624
2026-07-02 12:10:00-04:00,307.0544128417969,307.0849914550781,306.54998779296875,306.6199951171875,547807
2026-07-02 12:15:00-04:00,307.7301025390625,307.9200134277344,306.95001220703125,307.0450134277344,1296443
2026-07-02 12:20:00-04:00,307.79998779296875,307.9100036621094,307.3550109863281,307.739990234375,572703
2026-07-02 12:25:00-04:00,308.0899963378906,308.45001220703125,307.69000244140625,307.80999755859375,761556
2026-07-02 12:30:00-04:00,308.45001220703125,308.4800109863281,307.739990234375,308.0899963378906,561092
2026-07-02 12:35:00-04:00,308.1099853515625,308.42999267578125,307.9200134277344,308.4200134277344,661621
2026-07-02 12:40:00-04:00,307.45001220703125,308.1700134277344,307.04998779296875,308.1300048828125,631397
2026-07-02 12:45:00-04:00,307.7799987792969,307.8699951171875,306.6700134277344,307.4501037597656,530506
2026-07-02 12:50:00-04:00,308.2650146484375,308.447998046875,307.5,307.80999755859375,652028
2026-07-02 12:55:00-04:00,308.30999755859375,308.5299072265625,307.9599914550781,308.260009765625,577975
2026-07-02 13:00:00-04:00,307.3699951171875,308.45001220703125,307.2049865722656,308.29998779296875,774202
2026-07-02 13:05:00-04:00,308.2799987792969,308.30999755859375,307.0899963378906,307.3500061035156,419790
2026-07-02 13:10:00-04:00,308.2099914550781,308.32000732421875,307.8699951171875,308.29998779296875,571015
2026-07-02 13:15:00-04:00,307.75,308.31988525390625,307.6499938964844,308.2099914550781,585396
2026-07-02 13:20:00-04:00,307.8599853515625,307.9898986816406,307.6512145996094,307.7799987792969,388306
2026-07-02 13:25:00-04:00,307.80499267578125,307.9100036621094,307.260009765625,307.8599853515625,301371
2026-07-02 13:30:00-04:00,307.5400085449219,308.1000061035156,307.4700012207031,307.80499267578125,436023
2026-07-02 13:35:00-04:00,307.8299865722656,308.0299987792969,307.4200134277344,307.5,436431
2026-07-02 13:40:00-04:00,308.17999267578125,308.17999267578125,307.6400146484375,307.8299865722656,433568
2026-07-02 13:45:00-04:00,307.9800109863281,308.29998779296875,307.4800109863281,308.1700134277344,634561
2026-07-02 13:50:00-04:00,307.79998779296875,308.1000061035156,307.67999267578125,307.9800109863281,567303
2026-07-02 13:55:00-04:00,307.32000732421875,307.82000732421875,307.10009765625,307.7200012207031,374797
2026-07-02 14:00:00-04:00,307.6449890136719,307.7998962402344,307.1449890136719,307.3500061035156,518178
2026-07-02 14:05:00-04:00,307.510009765625,307.82000732421875,307.2200012207031,307.6449890136719,429988
2026-07-02 14:10:00-04:00,307.6400146484375,307.7099914550781,307.4700012207031,307.5050048828125,388889
2026-07-02 14:15:00-04:00,307.1004943847656,307.79998779296875,306.8200988769531,307.65008544921875,555907
2026-07-02 14:20:00-04:00,307.25,307.5899963378906,307.1000061035156,307.1099853515625,375274
2026-07-02 14:25:00-04:00,307.3299865722656,307.5299987792969,307.114990234375,307.2449951171875,399231
2026-07-02 14:30:00-04:00,307.53009033203125,307.8999938964844,307.2699890136719,307.3399963378906,450404
2026-07-02 14:35:00-04:00,307.3599853515625,307.7799987792969,307.32000732421875,307.54998779296875,290162
2026-07-02 14:40:00-04:00,307.54998779296875,307.69000244140625,307.1300048828125,307.32000732421875,831973
2026-07-02 14:45:00-04:00,307.4200134277344,307.6499938964844,307.3500061035156,307.54998779296875,235300
2026-07-02 14:50:00-04:00,307.57000732421875,307.80999755859375,307.3900146484375,307.4200134277344,411267
2026-07-02 14:55:00-04:00,307.6449890136719,308.1000061035156,307.55999755859375,307.57000732421875,471888
2026-07-02 15:00:00-04:00,307.42999267578125,308.17999267578125,307.3800048828125,307.6449890136719,455018
2026-07-02 15:05:00-04:00,308.0899963378906,308.2300109863281,307.44000244140625,307.44000244140625,466342
2026-07-02 15:10:00-04:00,307.7900085449219,308.30999755859375,307.6499938964844,308.0799865722656,410866
2026-07-02 15:15:00-04:00,307.92999267578125,308.04998779296875,307.45001220703125,307.7799987792969,453979
2026-07-02 15:20:00-04:00,307.625,307.9700012207031,307.4700012207031,307.92999267578125,485864
2026-07-02 15:25:00-04:00,307.42498779296875,307.6400146484375,307.2601013183594,307.6300048828125,487512
2026-07-02 15:30:00-04:00,308.0450134277344,308.1499938964844,307.31500244140625,307.44000244140625,603764
2026-07-02 15:35:00-04:00,308.260009765625,308.510009765625,307.9599914550781,308.04998779296875,712773
2026-07-02 15:40:00-04:00,307.9800109863281,308.4599914550781,307.7799987792969,308.260009765625,824470
2026-07-02 15:45:00-04:00,307.5299987792969,308.0299987792969,307.2099914550781,307.9800109863281,740810
2026-07-02 15:50:00-04:00,308.0400085449219,308.54998779296875,307.5400085449219,307.5400085449219,1515795
2026-07-02 15:55:00-04:00,308.2200012207031,309.4200134277344,308.0400085449219,308.0400085449219,4263000
2026-07-06 09:30:00-04:00,308.79998779296875,308.9800109863281,307.010009765625,307.67999267578125,2848644
2026-07-06 09:35:00-04:00,309.4339904785156,309.4800109863281,308.2349853515625,308.7699890136719,830577
2026-07-06 09:40:00-04:00,309.2900085449219,309.9100036621094,308.0899963378906,309.4132080078125,617772
2026-07-06 09:45:00-04:00,309.3999938964844,309.95001220703125,308.9949951171875,309.3399963378906,611169
2026-07-06 09:50:00-04:00,309.19000244140625,309.9200134277344,308.3999938964844,309.42999267578125,561861
2026-07-06 09:55:00-04:00,309.6300048828125,309.7699890136719,308.8399963378906,309.18499755859375,600273
2026-07-06 10:00:00-04:00,309.3900146484375,309.6400146484375,309.0,309.6300048828125,462989
2026-07-06 10:05:00-04:00,309.57000732421875,309.760009765625,309.0400085449219,309.3699951171875,609922
2026-07-06 10:10:00-04:00,309.8599853515625,309.9898986816406,308.8699951171875,309.55999755859375,569883
2026-07-06 10:15:00-04:00,310.8905029296875,310.9100036621094,309.4800109863281,309.8699951171875,1117480
2026-07-06 10:20:00-04:00,311.0899963378906,311.3900146484375,310.5299987792969,310.8999938964844,683625
2026-07-06 10:25:00-04:00,311.7300109863281,311.75,311.04998779296875,311.07501220703125,698680
2026-07-06 10:30:00-04:00,311.2701110839844,311.82000732421875,311.2101135253906,311.70001220703125,662319
2026-07-06 10:35:00-04:00,311.67999267578125,311.8399963378906,311.239990234375,311.239990234375,531010
2026-07-06 10:40:00-04:00,311.3999938964844,311.7699890136719,311.25,311.69000244140625,528230
2026-07-06 10:45:00-04:00,312.0150146484375,312.32000732421875,311.260009765625,311.3999938964844,560258
2026-07-06 10:50:00-04:00,312.25,312.4100036621094,312.0,312.0150146484375,435824
2026-07-06 10:55:00-04:00,312.5201110839844,312.5799865722656,312.0603942871094,312.2200012207031,412586
2026-07-06 11:00:00-04:00,312.7900085449219,312.94000244140625,312.5,312.54998779296875,467498
2026-07-06 11:05:00-04:00,312.6400146484375,312.9100036621094,312.4599914550781,312.7900085449219,395779
2026-07-06 11:10:00-04:00,312.875,313.2099914550781,312.5566101074219,312.6400146484375,585875
2026-07-06 11:15:00-04:00,313.2799987792969,313.3900146484375,312.6610107421875,312.8699951171875,468645
2026-07-06 11:20:00-04:00,312.9794921875,313.5,312.94000244140625,313.2699890136719,606217
2026-07-06 11:25:00-04:00,313.5799865722656,313.6000061035156,312.95001220703125,312.9750061035156,596087
2026-07-06 11:30:00-04:00,313.6199951171875,313.7099914550781,313.3599853515625,313.5849914550781,413091
2026-07-06 11:35:00-04:00,313.8299865722656,314.05999755859375,313.56500244140625,313.6199951171875,503402
2026-07-06 11:40:00-04:00,314.0899963378906,314.1199951171875,313.7200012207031,313.8900146484375,411233
2026-07-06 11:45:00-04:00,313.5799865722656,314.20001220703125,313.42010498046875,314.1050109863281,428602
2026-07-06 11:50:00-04:00,313.4599914550781,313.9200134277344,313.44000244140625,313.5799865722656,367306
2026-07-06 11:55:00-04:00,313.70001220703125,313.70001220703125,313.3800048828125,313.4599914550781,328032
2026-07-06 12:00:00-04:00,313.4700012207031,313.7900085449219,313.31201171875,313.6400146484375,496113
2026-07-06 12:05:00-04:00,312.8500061035156,313.4800109863281,312.82000732421875,313.4800109863281,421369
2026-07-06 12:10:00-04:00,313.010009765625,313.1400146484375,312.82000732421875,312.8599853515625,603653
2026-07-06 12:15:00-04:00,312.7919921875,313.0199890136719,312.375,313.0150146484375,362367
2026-07-06 12:20:00-04:00,312.610107421875,312.8500061035156,312.3800048828125,312.7998962402344,265730
2026-07-06 12:25:00-04:00,312.25,312.6300048828125,312.2300109863281,312.625,216517
2026-07-06 12:30:00-04:00,312.3599853515625,312.5400085449219,311.8500061035156,312.2449951171875,374800
2026-07-06 12:35:00-04:00,312.07000732421875,312.3599853515625,311.9100036621094,312.3599853515625,3186745
2026-07-06 12:40:00-04:00,312.57000732421875,312.75,312.0199890136719,312.0696105957031,595131
2026-07-06 12:45:00-04:00,312.9599914550781,312.9800109863281,312.4830017089844,312.55999755859375,293417
2026-07-06 12:50:00-04:00,312.6400146484375,312.9599914550781,312.44000244140625,312.9599914550781,200221
2026-07-06 12:55:00-04:00,312.5400085449219,312.7900085449219,312.5199890136719,312.6400146484375,218325
2026-07-06 13:00:00-04:00,312.81988525390625,312.82000732421875,312.4801025390625,312.5350036621094,240496
2026-07-06 13:05:00-04:00,312.4649963378906,312.8999938964844,312.3299865722656,312.7900085449219,228504
2026-07-06 13:10:00-04:00,312.7305908203125,312.7749938964844,312.45001220703125,312.5,189895
2026-07-06 13:15:00-04:00,312.7101135253906,312.9100036621094,312.5299987792969,312.7301025390625,222629
2026-07-06 13:20:00-04:00,312.6499938964844,312.8800048828125,312.5,312.7349853515625,351377
2026-07-06 13:25:00-04:00,312.3800048828125,312.7149963378906,312.360107421875,312.6199951171875,171233
2026-07-06 13:30:00-04:00,312.3399963378906,312.5799865722656,312.1099853515625,312.3876037597656,211361
2026-07-06 13:35:00-04:00,312.4549865722656,312.5849914550781,312.260009765625,312.33990478515625,322683
2026-07-06 13:40:00-04:00,312.3999938964844,312.5299987792969,312.29998779296875,312.44000244140625,165220
2026-07-06 13:45:00-04:00,312.5400085449219,312.70001220703125,312.29998779296875,312.3900146484375,198045
2026-07-06 13:50:00-04:00,312.3800048828125,312.7349853515625,312.3599853515625,312.552490234375,176482
2026-07-06 13:55:00-04:00,312.7200927734375,312.7300109863281,312.3900146484375,312.3900146484375,161992
2026-07-06 14:00:00-04:00,312.5799865722656,312.8299865722656,312.4100036621094,312.7300109863281,222629
2026-07-06 14:05:00-04:00,312.7250061035156,312.8599853515625,312.5600891113281,312.6000061035156,201208
2026-07-06 14:10:00-04:00,312.9200134277344,312.9599914550781,312.5299987792969,312.7200012207031,175106
2026-07-06 14:15:00-04:00,312.9849853515625,313.139892578125,312.8399963378906,312.92498779296875,293082
2026-07-06 14:20:00-04:00,313.0,313.0450134277344,312.7749938964844,312.9901123046875,173832
2026-07-06 14:25:00-04:00,313.07000732421875,313.14990234375,312.8299865722656,313.010009765625,199604
2026-07-06 14:30:00-04:00,313.2699890136719,313.4750061035156,313.07501220703125,313.0799865722656,305406
2026-07-06 14:35:00-04:00,312.9649963378906,313.2900085449219,312.9100036621094,313.2699890136719,249404
2026-07-06 14:40:00-04:00,313.2799987792969,313.3900146484375,312.9750061035156,312.9750061035156,278884
2026-07-06 14:45:00-04:00,313.20001220703125,313.32000732421875,313.0450134277344,313.2850036621094,271766
2026-07-06 14:50:00-04:00,313.3800964355469,313.46881103515625,313.17999267578125,313.20001220703125,227024
2026-07-06 14:55:00-04:00,313.2900085449219,313.3900146484375,313.19000244140625,313.3800048828125,204061
2026-07-06 15:00:00-04:00,313.114990234375,313.3500061035156,312.989990234375,313.29998779296875,282319
2026-07-06 15:05:00-04:00,313.2099914550781,313.389892578125,313.114990234375,313.114990234375,300596
2026-07-06 15:10:00-04:00,313.20001220703125,313.3900146484375,313.1549987792969,313.2149963378906,359449
2026-07-06 15:15:00-04:00,313.2300109863281,313.3299865722656,313.0199890136719,313.2049865722656,320787
2026-07-06 15:20:00-04:00,313.3793029785156,313.4700012207031,313.20001220703125,313.2099914550781,312821
2026-07-06 15:25:00-04:00,313.3999938964844,313.55999755859375,313.30999755859375,313.3800048828125,339366
2026-07-06 15:30:00-04:00,313.510009765625,313.659912109375,313.3500061035156,313.4150085449219,368319
2026-07-06 15:35:00-04:00,313.6000061035156,313.69989013671875,313.44500732421875,313.5271911621094,272196
2026-07-06 15:40:00-04:00,313.614990234375,313.739990234375,313.5400085449219,313.5950012207031,383488
2026-07-06 15:45:00-04:00,312.93499755859375,313.69000244140625,312.8999938964844,313.61090087890625,554322
2026-07-06 15:50:00-04:00,312.625,313.0799865722656,312.04998779296875,312.95001220703125,838462
2026-07-06 15:55:00-04:00,312.80999755859375,313.0,312.3399963378906,312.6400146484375,2571604
2026-07-07 09:30:00-04:00,312.9800109863281,315.4800109863281,312.79998779296875,315.2900085449219,2352152
2026-07-07 09:35:00-04:00,311.2699890136719,313.45001220703125,310.1499938964844,312.92010498046875,1071661
2026-07-07 09:40:00-04:00,312.0899963378906,312.739990234375,311.2099914550781,311.2489929199219,614511
2026-07-07 09:45:00-04:00,311.8699951171875,312.2900085449219,311.5199890136719,312.07000732421875,435468
2026-07-07 09:50:00-04:00,311.510009765625,312.8299865722656,311.5,311.8399963378906,434799
2026-07-07 09:55:00-04:00,311.5799865722656,311.6600036621094,311.1000061035156,311.55999755859375,475055
2026-07-07 10:00:00-04:00,311.5,311.7300109863281,311.1099853515625,311.6000061035156,473491
2026-07-07 10:05:00-04:00,312.1099853515625,312.3299865722656,311.45001220703125,311.5249938964844,497084
2026-07-07 10:10:00-04:00,311.8699951171875,312.5498962402344,311.3500061035156,312.1199951171875,844915
2026-07-07 10:15:00-04:00,311.6600036621094,312.2650146484375,311.510009765625,311.860107421875,506917
2026-07-07 10:20:00-04:00,311.25,312.1059875488281,311.25,311.659912109375,579816
2026-07-07 10:25:00-04:00,311.45001220703125,311.8500061035156,311.20001220703125,311.30999755859375,659361
2026-07-07 10:30:00-04:00,312.3450012207031,312.3599853515625,310.989990234375,311.45001220703125,628770
2026-07-07 10:35:00-04:00,313.010009765625,313.3800048828125,312.2099914550781,312.3299865722656,783350
2026-07-07 10:40:00-04:00,312.57000732421875,313.42999267578125,312.239990234375,313.010009765625,763937
2026-07-07 10:45:00-04:00,312.61151123046875,313.0199890136719,312.1700134277344,312.5799865722656,336475
2026-07-07 10:50:00-04:00,312.364990234375,312.95001220703125,312.010009765625,312.6000061035156,305063
2026-07-07 10:55:00-04:00,312.7799987792969,313.0,312.26190185546875,312.3599853515625,261445
2026-07-07 11:00:00-04:00,313.06109619140625,313.2200012207031,312.67498779296875,312.80499267578125,275281
2026-07-07 11:05:00-04:00,313.239990234375,313.8800048828125,313.010009765625,313.05499267578125,397500
2026-07-07 11:10:00-04:00,313.32000732421875,313.5350036621094,313.0480041503906,313.2300109863281,230324
2026-07-07 11:15:00-04:00,313.6099853515625,313.6499938964844,313.1401062011719,313.32501220703125,276329
2026-07-07 11:20:00-04:00,313.739990234375,314.1300048828125,313.5799865722656,313.6199951171875,626336
2026-07-07 11:25:00-04:00,314.0799865722656,314.1000061035156,313.44000244140625,313.7255859375,319961
2026-07-07 11:30:00-04:00,313.96600341796875,314.1499938964844,313.739990234375,314.1025085449219,329713
2026-07-07 11:35:00-04:00,314.07220458984375,314.239990234375,313.8999938964844,313.9700012207031,879241
2026-07-07 11:40:00-04:00,314.3900146484375,314.4200134277344,314.0199890136719,314.0799865722656,371084
2026-07-07 11:45:00-04:00,314.3450012207031,314.7300109863281,314.3299865722656,314.3700866699219,360673
2026-07-07 11:50:00-04:00,314.2699890136719,314.6400146484375,314.25,314.3399963378906,268909
2026-07-07 11:55:00-04:00,314.2900085449219,314.5050048828125,314.1400146484375,314.2650146484375,1194702
2026-07-07 12:00:00-04:00,314.25,314.364990234375,313.875,314.2699890136719,339947
2026-07-07 12:05:00-04:00,313.8399963378906,314.260009765625,313.4700012207031,314.260009765625,493108
2026-07-07 12:10:00-04:00,313.1199951171875,313.8500061035156,313.1199951171875,313.8399963378906,321732
2026-07-07 12:15:00-04:00,313.75,314.05999755859375,312.67999267578125,313.12109375,664195
2026-07-07 12:20:00-04:00,313.3299865722656,313.80999755859375,313.0,313.739990234375,471824
2026-07-07 12:25:00-04:00,313.1700134277344,313.4549865722656,313.0199890136719,313.29998779296875,241312
2026-07-07 12:30:00-04:00,312.9895935058594,313.2550048828125,312.7799987792969,313.1400146484375,272992
2026-07-07 12:35:00-04:00,313.8100891113281,313.8399963378906,312.9100036621094,312.97930908203125,223753
2026-07-07 12:40:00-04:00,313.614990234375,313.8999938964844,313.5400085449219,313.8399963378906,230415
2026-07-07 12:45:00-04:00,313.8599853515625,313.8999938964844,313.5400085449219,313.6300048828125,183185
2026-07-07 12:50:00-04:00,313.739990234375,313.9200134277344,313.7099914550781,313.8599853515625,231581
2026-07-07 12:55:00-04:00,313.6099853515625,314.010009765625,313.6099853515625,313.760009765625,201522
2026-07-07 13:00:00-04:00,313.1600036621094,313.6199951171875,313.1000061035156,313.6099853515625,236571
2026-07-07 13:05:00-04:00,312.4200134277344,313.239990234375,312.3999938964844,313.17999267578125,324378
2026-07-07 13:10:00-04:00,312.80499267578125,312.8999938964844,312.2701110839844,312.3999938964844,282592
2026-07-07 13:15:00-04:00,313.0050048828125,313.0050048828125,312.70001220703125,312.80499267578125,164945
2026-07-07 13:20:00-04:00,312.7799987792969,313.239990234375,312.7699890136719,313.0050048828125,259550
2026-07-07 13:25:00-04:00,312.8399963378906,313.0199890136719,312.75,312.78009033203125,183035
2026-07-07 13:30:00-04:00,312.79998779296875,313.0,312.67498779296875,312.82000732421875,199255
2026-07-07 13:35:00-04:00,312.75,312.8800048828125,312.625,312.79998779296875,177420
2026-07-07 13:40:00-04:00,312.7200012207031,312.8399963378906,312.55999755859375,312.75,189885
2026-07-07 13:45:00-04:00,312.56988525390625,312.93499755859375,312.54010009765625,312.7200012207031,191499
2026-07-07 13:50:00-04:00,312.260009765625,312.7449951171875,312.1600036621094,312.5444030761719,249268
2026-07-07 13:55:00-04:00,311.8800048828125,312.2898864746094,311.8699035644531,312.239990234375,154505
2026-07-07 14:00:00-04:00,312.1700134277344,312.30499267578125,311.8500061035156,311.8599853515625,258951
2026-07-07 14:05:00-04:00,312.05499267578125,312.3299865722656,312.0,312.1700134277344,326321
2026-07-07 14:10:00-04:00,312.1650085449219,312.4200134277344,312.010009765625,312.0799865722656,268625
2026-07-07 14:15:00-04:00,312.1099853515625,312.2900085449219,312.0400085449219,312.1650085449219,182538
2026-07-07 14:20:00-04:00,312.1199951171875,312.2099914550781,311.92999267578125,312.1199951171875,207398
2026-07-07 14:25:00-04:00,312.61920166015625,312.7200012207031,312.10009765625,312.1549987792969,235693
2026-07-07 14:30:00-04:00,312.5950012207031,312.7900085449219,312.30999755859375,312.6199951171875,248383
2026-07-07 14:35:00-04:00,312.7799987792969,312.8500061035156,312.5899963378906,312.5899963378906,214020
2026-07-07 14:40:00-04:00,313.0350036621094,313.17999267578125,312.5,312.7799987792969,296219
2026-07-07 14:45:00-04:00,312.860107421875,313.0799865722656,312.6199951171875,313.0400085449219,282209
2026-07-07 14:50:00-04:00,312.2099914550781,313.0,312.20001220703125,312.8794860839844,355719
2026-07-07 14:55:00-04:00,312.0050048828125,312.5899963378906,311.8599853515625,312.20001220703125,356872
2026-07-07 15:00:00-04:00,312.260009765625,312.5098876953125,311.67498779296875,312.0299987792969,374529
2026-07-07 15:05:00-04:00,311.70001220703125,312.2699890136719,311.6400146484375,312.2699890136719,409518
2026-07-07 15:10:00-04:00,311.8799133300781,311.8800048828125,311.55999755859375,311.70001220703125,379191
2026-07-07 15:15:00-04:00,311.7900085449219,311.8800048828125,311.55999755859375,311.8800048828125,358207
2026-07-07 15:20:00-04:00,312.2099914550781,312.212890625,311.7799987792969,311.7900085449219,664923
2026-07-07 15:25:00-04:00,311.8949890136719,312.2699890136719,311.82000732421875,312.2149963378906,320885
2026-07-07 15:30:00-04:00,312.1199951171875,312.32000732421875,311.8999938964844,311.8999938964844,321296
2026-07-07 15:35:00-04:00,311.8994140625,312.2900085449219,311.6900939941406,312.1050109863281,369003
2026-07-07 15:40:00-04:00,311.7250061035156,312.010009765625,311.55499267578125,311.8999938964844,316691
2026-07-07 15:45:00-04:00,311.7799072265625,312.0784912109375,311.5299987792969,311.7250061035156,356296
2026-07-07 15:50:00-04:00,311.510009765625,311.94000244140625,311.3299865722656,311.7799987792969,529868
2026-07-07 15:55:00-04:00,310.6600036621094,311.5199890136719,310.3299865722656,311.510009765625,10069419
2026-07-08 09:30:00-04:00,309.010009765625,312.0,308.8699951171875,311.6600036621094,2324180
2026-07-08 09:35:00-04:00,309.5450134277344,309.79998779296875,308.0799865722656,309.0400085449219,682955
2026-07-08 09:40:00-04:00,307.9158020019531,309.5480041503906,307.82000732421875,309.5267028808594,580471
2026-07-08 09:45:00-04:00,308.5150146484375,308.7099914550781,307.051513671875,307.9150085449219,625744
2026-07-08 09:50:00-04:00,309.1000061035156,309.6401062011719,308.510009765625,308.510009765625,417024
2026-07-08 09:55:00-04:00,309.1300048828125,309.3114013671875,308.5199890136719,309.0950012207031,367130
2026-07-08 10:00:00-04:00,308.9725036621094,309.22509765625,308.4200134277344,309.1499938964844,358822
2026-07-08 10:05:00-04:00,309.67999267578125,309.9100036621094,308.989990234375,308.9949951171875,424140
2026-07-08 10:10:00-04:00,309.92498779296875,310.239990234375,309.57000732421875,309.6700134277344,471998
2026-07-08 10:15:00-04:00,310.239990234375,310.3999938964844,309.8299865722656,309.9110107421875,350459
2026-07-08 10:20:00-04:00,310.5899963378906,310.6487121582031,310.0799865722656,310.2200012207031,446867
2026-07-08 10:25:00-04:00,308.8500061035156,310.6600036621094,308.8059997558594,310.5799865722656,552986
2026-07-08 10:30:00-04:00,309.6015930175781,309.64990234375,308.7749938964844,308.82000732421875,391738
2026-07-08 10:35:00-04:00,310.239990234375,310.3500061035156,309.260009765625,309.6300048828125,415511
2026-07-08 10:40:00-04:00,310.2699890136719,310.4609069824219,309.9700927734375,310.260009765625,293405
2026-07-08 10:45:00-04:00,310.04998779296875,310.55999755859375,309.989990234375,310.2550048828125,344689
2026-07-08 10:50:00-04:00,309.3500061035156,310.1000061035156,309.0299987792969,310.04541015625,409412
2026-07-08 10:55:00-04:00,308.8800048828125,309.46990966796875,308.70001220703125,309.3599853515625,325598
2026-07-08 11:00:00-04:00,309.32501220703125,309.42999267578125,308.760009765625,308.8800048828125,426401
2026-07-08 11:05:00-04:00,309.5050048828125,310.260009765625,309.1875,309.3369140625,346878
2026-07-08 11:10:00-04:00,309.9700012207031,310.05999755859375,309.5150146484375,309.5199890136719,213312
2026-07-08 11:15:00-04:00,310.2950134277344,310.4049987792969,309.8900146484375,309.95001220703125,253604
2026-07-08 11:20:00-04:00,310.4800109863281,310.8500061035156,310.2502136230469,310.2950134277344,369413
2026-07-08 11:25:00-04:00,310.06500244140625,310.6400146484375,309.8999938964844,310.4849853515625,359414
2026-07-08 11:30:00-04:00,309.7699890136719,310.1199951171875,309.31500244140625,310.0799865722656,315796
2026-07-08 11:35:00-04:00,309.92999267578125,310.0899963378906,309.4800109863281,309.7699890136719,275575
2026-07-08 11:40:00-04:00,309.55999755859375,310.05999755859375,309.54998779296875,309.9100036621094,189886
2026-07-08 11:45:00-04:00,309.7799987792969,310.010009765625,309.4599914550781,309.55499267578125,205023
2026-07-08 11:50:00-04:00,309.8999938964844,309.989990234375,309.6000061035156,309.7699890136719,186776
2026-07-08 11:55:00-04:00,310.2250061035156,310.45001220703125,309.8999938964844,309.9100036621094,350686
2026-07-08 12:00:00-04:00,310.75,310.9200134277344,310.0849914550781,310.25,308772
2026-07-08 12:05:00-04:00,310.8900146484375,311.2149963378906,310.4800109863281,310.7449951171875,285148
2026-07-08 12:10:00-04:00,310.4849853515625,311.0899963378906,310.41009521484375,310.8900146484375,287087
2026-07-08 12:15:00-04:00,310.875,310.885009765625,310.489990234375,310.489990234375,191435
2026-07-08 12:20:00-04:00,311.29998779296875,311.4200134277344,310.85009765625,310.8800048828125,462447
2026-07-08 12:25:00-04:00,311.6000061035156,311.7900085449219,311.1000061035156,311.31500244140625,429843
2026-07-08 12:30:00-04:00,311.5050048828125,311.7300109863281,311.3900146484375,311.6000061035156,207988
2026-07-08 12:35:00-04:00,312.095703125,312.1600036621094,311.3399963378906,311.5097961425781,498844
2026-07-08 12:40:00-04:00,312.2099914550781,312.2900085449219,311.9200134277344,312.0899963378906,392943
2026-07-08 12:45:00-04:00,312.7799987792969,312.8699951171875,312.1099853515625,312.2099914550781,388409
2026-07-08 12:50:00-04:00,313.1300048828125,313.2300109863281,312.7200012207031,312.7799987792969,466794
2026-07-08 12:55:00-04:00,313.1000061035156,313.3399963378906,313.05999755859375,313.13641357421875,317075
2026-07-08 13:00:00-04:00,313.3299865722656,313.3299865722656,313.010009765625,313.1299133300781,414833
2026-07-08 13:05:00-04:00,313.739990234375,313.7799987792969,313.260009765625,313.32000732421875,443278
2026-07-08 13:10:00-04:00,313.8900146484375,314.0799865722656,313.6499938964844,313.739990234375,429415
2026-07-08 13:15:00-04:00,313.5400085449219,313.95001220703125,313.2449951171875,313.885009765625,383125
2026-07-08 13:20:00-04:00,313.7900085449219,313.9100036621094,313.32000732421875,313.5249938964844,335002
2026-07-08 13:25:00-04:00,314.1199035644531,314.19000244140625,313.5419006347656,313.80999755859375,351343
2026-07-08 13:30:00-04:00,314.07000732421875,314.4700012207031,314.05999755859375,314.1300048828125,459531
2026-07-08 13:35:00-04:00,314.2701110839844,314.489990234375,313.9100036621094,314.04998779296875,465231
2026-07-08 13:40:00-04:00,314.4849853515625,314.57000732421875,313.9599914550781,314.2749938964844,421596
2026-07-08 13:45:00-04:00,314.29998779296875,314.5299987792969,311.150390625,314.4800109863281,399509
2026-07-08 13:50:00-04:00,314.3800048828125,314.635009765625,314.25,314.2950134277344,423460
2026-07-08 13:55:00-04:00,314.3900146484375,314.5199890136719,314.2149963378906,314.385009765625,425436
2026-07-08 14:00:00-04:00,314.69500732421875,314.79998779296875,314.20001220703125,314.3999938964844,395658
2026-07-08 14:05:00-04:00,314.69500732421875,314.80999755859375,314.29998779296875,314.70001220703125,323364
2026-07-08 14:10:00-04:00,314.55999755859375,314.7200012207031,314.43499755859375,314.69000244140625,246190
2026-07-08 14:15:00-04:00,314.5199890136719,314.6050109863281,314.3299865722656,314.57000732421875,265838
2026-07-08 14:20:00-04:00,314.4200134277344,314.625,314.3999938964844,314.5199890136719,207546
2026-07-08 14:25:00-04:00,314.125,314.5249938964844,314.1000061035156,314.3999938964844,261438
2026-07-08 14:30:00-04:00,314.0799865722656,314.2200012207031,313.8500061035156,314.125,315625
2026-07-08 14:35:00-04:00,314.1400146484375,314.20001220703125,313.94000244140625,314.0704040527344,269436
2026-07-08 14:40:00-04:00,313.95001220703125,314.1499938964844,313.739990234375,314.1199951171875,251956
2026-07-08 14:45:00-04:00,314.20001220703125,314.3299865722656,313.8800048828125,313.94000244140625,278018
2026-07-08 14:50:00-04:00,314.2250061035156,314.3999938964844,314.16009521484375,314.2300109863281,246647
2026-07-08 14:55:00-04:00,313.8949890136719,314.2550048828125,313.8399963378906,314.2300109863281,284092
2026-07-08 15:00:00-04:00,314.010009765625,314.1300048828125,313.79901123046875,313.8949890136719,260868
2026-07-08 15:05:00-04:00,314.0299987792969,314.19720458984375,313.7200012207031,314.0,317490
2026-07-08 15:10:00-04:00,313.93499755859375,314.0799865722656,313.7799987792969,314.0299987792969,356316
2026-07-08 15:15:00-04:00,313.67498779296875,314.0799865722656,313.6499938964844,313.92999267578125,322384
2026-07-08 15:20:00-04:00,313.9549865722656,314.0,313.67999267578125,313.68499755859375,273115
2026-07-08 15:25:00-04:00,313.81500244140625,314.07000732421875,313.7900085449219,313.9599914550781,302000
2026-07-08 15:30:00-04:00,313.95001220703125,314.20001220703125,313.81500244140625,313.81500244140625,341646
2026-07-08 15:35:00-04:00,313.8399963378906,314.0199890136719,313.80999755859375,313.9519958496094,360570
2026-07-08 15:40:00-04:00,313.1000061035156,313.9200134277344,313.1000061035156,313.8290100097656,460294
2026-07-08 15:45:00-04:00,313.0299987792969,313.1698913574219,312.75,313.1000061035156,547480
2026-07-08 15:50:00-04:00,313.3699951171875,313.57000732421875,313.0199890136719,313.0199890136719,644678
2026-07-08 15:55:00-04:00,313.260009765625,313.9599914550781,313.260009765625,313.3630065917969,2431840
2026-07-09 09:30:00-04:00,310.7300109863281,311.0,308.1600036621094,310.44500732421875,2212422
2026-07-09 09:35:00-04:00,311.7900085449219,312.07000732421875,310.67010498046875,310.7190856933594,828441
2026-07-09 09:40:00-04:00,310.885009765625,311.8399963378906,310.1900939941406,311.81280517578125,583583
2026-07-09 09:45:00-04:00,311.5050048828125,311.6099853515625,310.7699890136719,310.8500061035156,386131
2026-07-09 09:50:00-04:00,311.7200012207031,311.8599853515625,310.70001220703125,311.4700012207031,642962
2026-07-09 09:55:00-04:00,310.9750061035156,311.760009765625,310.65008544921875,311.7200012207031,494931
2026-07-09 10:00:00-04:00,310.3800048828125,311.3349914550781,310.1600036621094,310.9945068359375,389407
2026-07-09 10:05:00-04:00,311.3299865722656,311.6000061035156,310.2349853515625,310.3800048828125,384281
2026-07-09 10:10:00-04:00,310.8550109863281,311.94500732421875,310.7650146484375,311.3299865722656,564185
2026-07-09 10:15:00-04:00,310.92498779296875,311.0198974609375,310.3900146484375,310.8500061035156,325168
2026-07-09 10:20:00-04:00,311.55999755859375,311.8500061035156,310.9049987792969,310.92999267578125,403658
2026-07-09 10:25:00-04:00,312.0899963378906,312.29998779296875,311.5299987792969,311.5400085449219,386147
2026-07-09 10:30:00-04:00,312.1499938964844,312.3500061035156,311.739990234375,312.07000732421875,427054
2026-07-09 10:35:00-04:00,312.3500061035156,312.364013671875,311.94000244140625,312.1759948730469,317002
2026-07-09 10:40:00-04:00,311.6199951171875,312.3999938964844,311.5199890136719,312.364013671875,351000
2026-07-09 10:45:00-04:00,310.92999267578125,311.7200012207031,310.7012023925781,311.6099853515625,317377
2026-07-09 10:50:00-04:00,311.3800048828125,311.4200134277344,310.8132019042969,310.9200134277344,227803
2026-07-09 10:55:00-04:00,311.55999755859375,311.55999755859375,311.268310546875,311.3800048828125,197089
2026-07-09 11:00:00-04:00,311.760009765625,311.8699951171875,311.510009765625,311.54998779296875,280195
2026-07-09 11:05:00-04:00,311.7900085449219,312.1000061035156,311.69000244140625,311.79998779296875,232693
2026-07-09 11:10:00-04:00,312.43499755859375,312.4599914550781,311.7900085449219,311.8299865722656,318355
2026-07-09 11:15:00-04:00,313.29998779296875,313.3599853515625,312.4200134277344,312.43499755859375,368924
2026-07-09 11:20:00-04:00,314.29998779296875,314.4200134277344,313.29998779296875,313.32000732421875,639994
2026-07-09 11:25:00-04:00,314.4599914550781,314.8500061035156,314.1600036621094,314.260009765625,401478
2026-07-09 11:30:00-04:00,314.489990234375,314.8999938964844,314.29998779296875,314.46990966796875,313322
2026-07-09 11:35:00-04:00,314.9150085449219,315.0199890136719,314.4800109863281,314.510009765625,492687
2026-07-09 11:40:00-04:00,314.6050109863281,314.95001220703125,314.55999755859375,314.9150085449219,233348
2026-07-09 11:45:00-04:00,314.8550109863281,314.92999267578125,314.4700012207031,314.6199951171875,306736
2026-07-09 11:50:00-04:00,314.5899963378906,314.8900146484375,314.5799865722656,314.8550109863281,209782
2026-07-09 11:55:00-04:00,314.7699890136719,314.9093017578125,314.5799865722656,314.5799865722656,4877657
2026-07-09 12:00:00-04:00,315.0249938964844,315.07000732421875,314.6000061035156,314.7900085449219,388918
2026-07-09 12:05:00-04:00,314.7749938964844,315.2200012207031,314.6499938964844,315.0400085449219,359823
2026-07-09 12:10:00-04:00,314.5000915527344,314.8218078613281,314.239990234375,314.7699890136719,307000
2026-07-09 12:15:00-04:00,314.3599853515625,314.5899963378906,314.281494140625,314.5199890136719,227975
2026-07-09 12:20:00-04:00,314.6809997558594,314.85980224609375,314.1000061035156,314.3671875,393979
2026-07-09 12:25:00-04:00,314.8999938964844,315.2200012207031,314.6400146484375,314.6860046386719,373812
2026-07-09 12:30:00-04:00,315.1050109863281,315.42999267578125,314.8599853515625,314.90008544921875,361102
2026-07-09 12:35:00-04:00,315.1000061035156,315.5,315.0799865722656,315.1050109863281,333856
2026-07-09 12:40:00-04:00,315.0,315.2117919921875,314.8699951171875,315.1199951171875,238787
2026-07-09 12:45:00-04:00,314.6099853515625,315.1199951171875,314.5299987792969,314.989990234375,307064
2026-07-09 12:50:00-04:00,314.5,314.6400146484375,314.4200134277344,314.6199951171875,261873
2026-07-09 12:55:00-04:00,314.7099914550781,314.7699890136719,314.45001220703125,314.489990234375,727468
2026-07-09 13:00:00-04:00,314.9599914550781,315.0299987792969,314.6075134277344,314.71051025390625,1053607
2026-07-09 13:05:00-04:00,314.8999938964844,315.010009765625,314.82000732421875,314.9703063964844,179233
2026-07-09 13:10:00-04:00,315.04998779296875,315.17999267578125,314.8900146484375,314.9049987792969,261071
2026-07-09 13:15:00-04:00,314.69000244140625,315.0799865722656,314.5799865722656,315.04998779296875,316157
2026-07-09 13:20:00-04:00,314.6600036621094,314.7099914550781,314.30999755859375,314.69000244140625,307038
2026-07-09 13:25:00-04:00,314.7214050292969,314.79998779296875,314.6400146484375,314.6650085449219,205538
2026-07-09 13:30:00-04:00,314.70001220703125,314.7900085449219,314.43011474609375,314.7235107421875,1513771
2026-07-09 13:35:00-04:00,314.78070068359375,314.7900085449219,314.5400085449219,314.7099914550781,193238
2026-07-09 13:40:00-04:00,314.8599853515625,314.8599853515625,314.7099914550781,314.7900085449219,162498
2026-07-09 13:45:00-04:00,314.8299865722656,314.8900146484375,314.6099853515625,314.8599853515625,171455
2026-07-09 13:50:00-04:00,314.80999755859375,314.9200134277344,314.75079345703125,314.8299865722656,142583
2026-07-09 13:55:00-04:00,314.9800109863281,315.0799865722656,314.7300109863281,314.80499267578125,270672
2026-07-09 14:00:00-04:00,315.27880859375,315.30999755859375,314.8599853515625,314.989990234375,314853
2026-07-09 14:05:00-04:00,314.635009765625,315.31988525390625,314.6199951171875,315.2699890136719,362540
2026-07-09 14:10:00-04:00,314.7950134277344,314.9100036621094,314.4800109863281,314.635009765625,251573
2026-07-09 14:15:00-04:00,314.7650146484375,314.9049987792969,314.6700134277344,314.7799987792969,209427
2026-07-09 14:20:00-04:00,314.55999755859375,314.7699890136719,314.5199890136719,314.760009765625,216016
2026-07-09 14:25:00-04:00,314.55999755859375,314.6499938964844,314.2349853515625,314.57501220703125,279493
2026-07-09 14:30:00-04:00,314.6099853515625,314.70001220703125,314.3800048828125,314.55999755859375,328810
2026-07-09 14:35:00-04:00,314.5400085449219,314.75,314.44000244140625,314.6099853515625,208504
2026-07-09 14:40:00-04:00,314.69000244140625,314.7799987792969,314.5400085449219,314.5400085449219,233733
2026-07-09 14:45:00-04:00,314.6300048828125,314.7799987792969,314.4901123046875,314.6700134277344,205418
2026-07-09 14:50:00-04:00,314.3299865722656,314.6199951171875,314.3100891113281,314.60009765625,193442
2026-07-09 14:55:00-04:00,314.44000244140625,314.5299987792969,314.25,314.34991455078125,220623
2026-07-09 15:00:00-04:00,314.80499267578125,314.8299865722656,314.4049987792969,314.44000244140625,192047
2026-07-09 15:05:00-04:00,314.80999755859375,314.8699951171875,314.6340026855469,314.79998779296875,186995
2026-07-09 15:10:00-04:00,315.1499938964844,315.1600036621094,314.80999755859375,314.80999755859375,264500
2026-07-09 15:15:00-04:00,315.3699951171875,315.4700012207031,315.1400146484375,315.1499938964844,327425
2026-07-09 15:20:00-04:00,315.3999938964844,315.510009765625,315.30999755859375,315.3550109863281,330355
2026-07-09 15:25:00-04:00,315.4100036621094,315.69000244140625,315.3900146484375,315.4200134277344,366429
2026-07-09 15:30:00-04:00,315.7200012207031,315.8500061035156,315.3900146484375,315.4200134277344,348837
2026-07-09 15:35:00-04:00,315.82501220703125,315.8500061035156,315.4599914550781,315.7300109863281,395379
2026-07-09 15:40:00-04:00,316.1394958496094,316.19000244140625,315.75,315.82501220703125,481029
2026-07-09 15:45:00-04:00,315.7550048828125,316.1300048828125,315.75,316.1297912597656,470714
2026-07-09 15:50:00-04:00,316.2300109863281,316.3500061035156,315.67999267578125,315.75,684175
2026-07-09 15:55:00-04:00,316.17999267578125,316.5299987792969,315.8999938964844,316.2099914550781,1775690
2026-07-10 09:30:00-04:00,315.4800109863281,315.5400085449219,313.2099914550781,314.7200012207031,1807268
2026-07-10 09:35:00-04:00,315.3299865722656,316.3900146484375,315.20001220703125,315.42999267578125,767813
2026-07-10 09:40:00-04:00,314.7349853515625,315.3599853515625,314.3299865722656,315.3299865722656,502773
2026-07-10 09:45:00-04:00,314.4100036621094,314.80999755859375,314.20001220703125,314.7550048828125,361842
2026-07-10 09:50:00-04:00,314.5,314.6300048828125,314.0199890136719,314.4150085449219,418944
2026-07-10 09:55:00-04:00,314.3005065917969,315.17999267578125,314.2799987792969,314.489990234375,435569
2026-07-10 10:00:00-04:00,313.9200134277344,314.760009765625,313.82000732421875,314.29998779296875,367272
2026-07-10 10:05:00-04:00,313.489990234375,314.2300109863281,313.4150085449219,313.9100036621094,334164
2026-07-10 10:10:00-04:00,313.7699890136719,313.9649963378906,313.5350036621094,313.8949890136719,326769
2026-07-10 10:15:00-04:00,313.6300048828125,313.95001220703125,313.2099914550781,313.75,365698
2026-07-10 10:20:00-04:00,313.3999938964844,313.8399963378906,313.19000244140625,313.6199951171875,283848
2026-07-10 10:25:00-04:00,313.1300048828125,313.4700012207031,312.93011474609375,313.3999938964844,374493
2026-07-10 10:30:00-04:00,312.760009765625,313.3900146484375,312.2300109863281,313.1199951171875,706040
2026-07-10 10:35:00-04:00,312.75,312.9100036621094,312.1700134277344,312.739990234375,542749
2026-07-10 10:40:00-04:00,312.9649963378906,313.010009765625,312.30999755859375,312.7301025390625,425924
2026-07-10 10:45:00-04:00,312.8200988769531,313.17999267578125,312.6499938964844,312.94000244140625,345739
2026-07-10 10:50:00-04:00,313.760009765625,313.8500061035156,312.8299865722656,312.8500061035156,376863
2026-07-10 10:55:00-04:00,313.760009765625,313.92999267578125,313.55999755859375,313.739990234375,210156
2026-07-10 11:00:00-04:00,313.2308044433594,313.95001220703125,313.2200012207031,313.7799987792969,279703
2026-07-10 11:05:00-04:00,313.5299987792969,313.6098937988281,313.0,313.2200012207031,271801
2026-07-10 11:10:00-04:00,313.8699951171875,314.1099853515625,313.3999938964844,313.55499267578125,327513
2026-07-10 11:15:00-04:00,313.8299865722656,314.1000061035156,313.739990234375,313.885009765625,224965
2026-07-10 11:20:00-04:00,313.6260070800781,313.81878662109375,313.44000244140625,313.80999755859375,262698
2026-07-10 11:25:00-04:00,313.3399963378906,313.81500244140625,313.32000732421875,313.6300048828125,196522
2026-07-10 11:30:00-04:00,313.43499755859375,313.69500732421875,313.260009765625,313.3500061035156,320933
2026-07-10 11:35:00-04:00,313.3399963378906,313.80999755859375,313.29998779296875,313.4200134277344,204153
2026-07-10 11:40:00-04:00,313.17999267578125,313.3599853515625,312.91009521484375,313.30999755859375,258790
2026-07-10 11:45:00-04:00,312.7401123046875,313.1700134277344,312.32000732421875,313.1700134277344,244742
2026-07-10 11:50:00-04:00,313.05999755859375,313.19000244140625,312.6199951171875,312.7550048828125,288285
2026-07-10 11:55:00-04:00,313.2300109863281,313.4700012207031,313.010009765625,313.07000732421875,177068
2026-07-10 12:00:00-04:00,313.364990234375,313.5400085449219,313.2300109863281,313.25,180892
2026-07-10 12:05:00-04:00,313.489990234375,313.5400085449219,313.05999755859375,313.3800048828125,150984
2026-07-10 12:10:00-04:00,314.19158935546875,314.239990234375,313.4200134277344,313.489990234375,278762
2026-07-10 12:15:00-04:00,314.2349853515625,314.5098876953125,314.1099853515625,314.2300109863281,201880
2026-07-10 12:20:00-04:00,314.4049987792969,314.4949951171875,314.05010986328125,314.2300109863281,128513
2026-07-10 12:25:00-04:00,314.3550109863281,314.5140075683594,314.2099914550781,314.4100036621094,153247
2026-07-10 12:30:00-04:00,314.1300048828125,314.44000244140625,314.1000061035156,314.3699951171875,182933
2026-07-10 12:35:00-04:00,314.2699890136719,314.2950134277344,313.94000244140625,314.1300048828125,138996
2026-07-10 12:40:00-04:00,314.4601135253906,314.6400146484375,314.17498779296875,314.25,179037
2026-07-10 12:45:00-04:00,314.44000244140625,314.6499938964844,314.3599853515625,314.4400939941406,120452
2026-07-10 12:50:00-04:00,314.7099914550781,314.7650146484375,314.44500732421875,314.44500732421875,150050
2026-07-10 12:55:00-04:00,314.70001220703125,314.7799987792969,314.6199951171875,314.7200012207031,133789
2026-07-10 13:00:00-04:00,314.57000732421875,314.739990234375,314.44000244140625,314.7099914550781,130667
2026-07-10 13:05:00-04:00,314.4700012207031,314.6499938964844,314.44000244140625,314.5849914550781,126290
2026-07-10 13:10:00-04:00,314.2799987792969,314.510009765625,314.14990234375,314.4750061035156,145684
2026-07-10 13:15:00-04:00,314.4200134277344,314.510009765625,314.2200012207031,314.2749938964844,129366
2026-07-10 13:20:00-04:00,314.30999755859375,314.510009765625,314.2349853515625,314.44000244140625,151678
2026-07-10 13:25:00-04:00,314.4599914550781,314.54400634765625,314.2300109863281,314.30999755859375,112626
2026-07-10 13:30:00-04:00,314.25,314.55999755859375,314.20001220703125,314.4700012207031,124995
2026-07-10 13:35:00-04:00,314.2898864746094,314.3299865722656,314.1099853515625,314.2900085449219,125134
2026-07-10 13:40:00-04:00,313.9100036621094,314.3599853515625,313.8999938964844,314.3500061035156,115932
2026-07-10 13:45:00-04:00,314.0799865722656,314.19000244140625,313.8902893066406,313.8902893066406,110765
2026-07-10 13:50:00-04:00,314.28680419921875,314.4100036621094,314.0201110839844,314.1099853515625,133124
2026-07-10 13:55:00-04:00,314.1300048828125,314.4800109863281,314.1300048828125,314.29998779296875,87767
2026-07-10 14:00:00-04:00,314.19000244140625,314.25,314.010009765625,314.1700134277344,121232
2026-07-10 14:05:00-04:00,314.1199951171875,314.3599853515625,314.0199890136719,314.19000244140625,167368
2026-07-10 14:10:00-04:00,314.1700134277344,314.3699951171875,314.07000732421875,314.0899963378906,126939
2026-07-10 14:15:00-04:00,314.4649963378906,314.4999084472656,314.1600036621094,314.1600036621094,132299
2026-07-10 14:20:00-04:00,314.5201110839844,314.5899963378906,314.3299865722656,314.4751892089844,129081
2026-07-10 14:25:00-04:00,314.840087890625,314.8900146484375,314.5303039550781,314.55999755859375,156113
2026-07-10 14:30:00-04:00,314.80999755859375,314.9800109863281,314.739990234375,314.8599853515625,173762
2026-07-10 14:35:00-04:00,314.9049987792969,314.95001220703125,314.78021240234375,314.79998779296875,114357
2026-07-10 14:40:00-04:00,314.9549865722656,314.9700012207031,314.82501220703125,314.9049987792969,119973
2026-07-10 14:45:00-04:00,315.1700134277344,315.33990478515625,314.9314880371094,314.9556884765625,1009964
2026-07-10 14:50:00-04:00,315.3387145996094,315.3500061035156,315.0199890136719,315.1700134277344,149955
2026-07-10 14:55:00-04:00,315.2699890136719,315.3999938964844,315.239990234375,315.3450012207031,196910
2026-07-10 15:00:00-04:00,315.5450134277344,315.6099853515625,315.2300109863281,315.2699890136719,219465
2026-07-10 15:05:00-04:00,315.67498779296875,315.69000244140625,315.3500061035156,315.5450134277344,214626
2026-07-10 15:10:00-04:00,316.0199890136719,316.1400146484375,315.6600036621094,315.67999267578125,413212
2026-07-10 15:15:00-04:00,316.2300109863281,316.3699951171875,315.92181396484375,316.0150146484375,329030
2026-07-10 15:20:00-04:00,316.3349914550781,316.4798889160156,316.1449890136719,316.2300109863281,325099
2026-07-10 15:25:00-04:00,316.1600036621094,316.4599914550781,316.1499938964844,316.32000732421875,310031
2026-07-10 15:30:00-04:00,316.6099853515625,316.6499938964844,316.04998779296875,316.1499938964844,513908
2026-07-10 15:35:00-04:00,316.57000732421875,316.8599853515625,316.5450134277344,316.6300048828125,477199
2026-07-10 15:40:00-04:00,316.6600036621094,316.9100036621094,316.5624084472656,316.57501220703125,536290
2026-07-10 15:45:00-04:00,316.4501037597656,316.7699890136719,316.32000732421875,316.6600036621094,366829
2026-07-10 15:50:00-04:00,316.1300048828125,316.6700134277344,315.9637145996094,316.5,539738
2026-07-10 15:55:00-04:00,315.32989501953125,316.17999267578125,314.7799987792969,316.1199951171875,1555658
2026-07-13 09:30:00-04:00,320.5199890136719,320.6499938964844,316.45001220703125,317.0150146484375,3372848
2026-07-13 09:35:00-04:00,321.6499938964844,322.44000244140625,320.6650085449219,320.8973083496094,1928976
2026-07-13 09:40:00-04:00,322.42999267578125,322.4999084472656,321.0299987792969,321.625,999539
2026-07-13 09:45:00-04:00,322.9054870605469,322.9700012207031,321.7699890136719,322.42999267578125,984337
2026-07-13 09:50:00-04:00,321.5150146484375,323.45001220703125,321.2799987792969,322.92498779296875,1133927
2026-07-13 09:55:00-04:00,321.2149963378906,321.5790100097656,320.510009765625,321.5,647298
2026-07-13 10:00:00-04:00,321.489990234375,321.79998779296875,320.739990234375,321.2200012207031,704544
2026-07-13 10:05:00-04:00,321.1919860839844,321.54998779296875,320.75,321.4649963378906,376894
2026-07-13 10:10:00-04:00,321.19000244140625,321.5,320.6300048828125,321.20001220703125,445875
2026-07-13 10:15:00-04:00,320.0,321.45989990234375,319.3299865722656,321.1700134277344,857068
2026-07-13 10:20:00-04:00,320.4800109863281,320.55999755859375,319.5574951171875,319.9800109863281,403263
2026-07-13 10:25:00-04:00,320.19000244140625,320.5899963378906,319.8399963378906,320.4800109863281,301905
2026-07-13 10:30:00-04:00,319.6300048828125,320.2950134277344,319.5201110839844,320.2099914550781,333859
2026-07-13 10:35:00-04:00,318.9200134277344,319.75,318.630615234375,319.6300048828125,428763
2026-07-13 10:40:00-04:00,318.7699890136719,319.1000061035156,318.6300048828125,318.9200134277344,267755
2026-07-13 10:45:00-04:00,319.3490905761719,319.55999755859375,318.70001220703125,318.777587890625,354065
2026-07-13 10:50:00-04:00,318.7099914550781,319.44000244140625,318.5799865722656,319.3500061035156,321202
2026-07-13 10:55:00-04:00,319.07000732421875,319.1000061035156,318.3699951171875,318.7101135253906,449738
2026-07-13 11:00:00-04:00,318.7699890136719,319.2200012207031,318.7200012207031,319.1400146484375,308732
2026-07-13 11:05:00-04:00,318.239990234375,318.94879150390625,318.1499938964844,318.7500915527344,301880
2026-07-13 11:10:00-04:00,317.9200134277344,318.4849853515625,317.8900146484375,318.2200012207031,266774
2026-07-13 11:15:00-04:00,317.8262023925781,318.1600036621094,317.5899963378906,317.9200134277344,242274
2026-07-13 11:20:00-04:00,317.69000244140625,318.0,317.6600036621094,317.8299865722656,249922
2026-07-13 11:25:00-04:00,317.2200012207031,317.7200012207031,316.8500061035156,317.6700134277344,469233
2026-07-13 11:30:00-04:00,316.55999755859375,317.2300109863281,316.489990234375,317.2200012207031,347095
2026-07-13 11:35:00-04:00,316.57769775390625,316.8599853515625,316.0899963378906,316.56439208984375,428433
2026-07-13 11:40:00-04:00,316.44000244140625,316.79998779296875,316.29998779296875,316.54998779296875,256646
2026-07-13 11:45:00-04:00,316.8699951171875,317.1099853515625,316.4200134277344,316.4410095214844,342821
2026-07-13 11:50:00-04:00,317.0799865722656,317.12249755859375,316.6145935058594,316.8500061035156,281457
2026-07-13 11:55:00-04:00,317.1199951171875,317.25,316.75,317.0899963378906,295550
2026-07-13 12:00:00-04:00,317.260009765625,317.4999084472656,316.79998779296875,317.1000061035156,354457
2026-07-13 12:05:00-04:00,317.7998962402344,317.8999938964844,317.2099914550781,317.2300109863281,402485
2026-07-13 12:10:00-04:00,317.6650085449219,317.8299865722656,317.3900146484375,317.7850036621094,260403
2026-07-13 12:15:00-04:00,317.3349914550781,317.7099914550781,317.0199890136719,317.6600036621094,265834
2026-07-13 12:20:00-04:00,317.2300109863281,317.46990966796875,317.1499938964844,317.30999755859375,204700
2026-07-13 12:25:00-04:00,317.3699951171875,317.552490234375,316.8599853515625,317.2200012207031,288870
2026-07-13 12:30:00-04:00,317.16009521484375,317.44000244140625,316.9320068359375,317.3399963378906,200767
2026-07-13 12:35:00-04:00,316.5,317.20001220703125,316.3599853515625,317.1650085449219,413461
2026-07-13 12:40:00-04:00,316.4800109863281,316.8999938964844,315.92999267578125,316.4800109863281,414931
2026-07-13 12:45:00-04:00,316.739990234375,316.82000732421875,316.4230041503906,316.5150146484375,171842
2026-07-13 12:50:00-04:00,316.2898864746094,316.79998779296875,316.17999267578125,316.7699890136719,166175
2026-07-13 12:55:00-04:00,316.6000061035156,316.6700134277344,316.20001220703125,316.2900085449219,182319
2026-07-13 13:00:00-04:00,316.1300048828125,316.6650085449219,316.1099853515625,316.6650085449219,164053
2026-07-13 13:05:00-04:00,316.41668701171875,316.7300109863281,316.1199951171875,316.1300048828125,164797
2026-07-13 13:10:00-04:00,316.1000061035156,316.6700134277344,316.0199890136719,316.4049987792969,203576
2026-07-13 13:15:00-04:00,316.1199951171875,316.26251220703125,315.7799987792969,316.0950012207031,217197
2026-07-13 13:20:00-04:00,316.18499755859375,316.489990234375,316.0101013183594,316.125,472715
2026-07-13 13:25:00-04:00,316.4700012207031,316.5799865722656,316.07501220703125,316.20001220703125,843431
2026-07-13 13:30:00-04:00,316.44000244140625,316.6700134277344,316.3599853515625,316.489990234375,237381
2026-07-13 13:35:00-04:00,316.30499267578125,316.44000244140625,316.1199951171875,316.44000244140625,233621
2026-07-13 13:40:00-04:00,316.3999938964844,316.5799865722656,316.19500732421875,316.2799987792969,176004
2026-07-13 13:45:00-04:00,316.4700012207031,316.4800109863281,316.2099914550781,316.3949890136719,165124
2026-07-13 13:50:00-04:00,316.4049987792969,316.75,316.2843017578125,316.4599914550781,228549
2026-07-13 13:55:00-04:00,316.1549987792969,316.5,316.0299987792969,316.4200134277344,158850
2026-07-13 14:00:00-04:00,316.42498779296875,316.5299987792969,316.05999755859375,316.1700134277344,189313
2026-07-13 14:05:00-04:00,316.25,316.5400085449219,316.1700134277344,316.4100036621094,167916
2026-07-13 14:10:00-04:00,316.3299865722656,316.44000244140625,315.8999938964844,316.260009765625,229024
2026-07-13 14:15:00-04:00,316.239990234375,316.4599914550781,316.1499938964844,316.31500244140625,115519
2026-07-13 14:20:00-04:00,316.343994140625,316.385009765625,316.1600036621094,316.2550048828125,147492
2026-07-13 14:25:00-04:00,316.84051513671875,316.8450012207031,316.32000732421875,316.3399963378906,308247
2026-07-13 14:30:00-04:00,316.8800048828125,317.0299987792969,316.6400146484375,316.8599853515625,215926
2026-07-13 14:35:00-04:00,316.9150085449219,317.04998779296875,316.79998779296875,316.8804931640625,222082
2026-07-13 14:40:00-04:00,316.94000244140625,317.1000061035156,316.75,316.92999267578125,176700
2026-07-13 14:45:00-04:00,317.0400085449219,317.1976013183594,316.92999267578125,316.9599914550781,202489
2026-07-13 14:50:00-04:00,317.2200012207031,317.3299865722656,316.9501037597656,317.04998779296875,215624
2026-07-13 14:55:00-04:00,317.1600036621094,317.4800109863281,316.9700012207031,317.2099914550781,1272175
2026-07-13 15:00:00-04:00,317.1499938964844,317.5199890136719,316.989990234375,317.17999267578125,233804
2026-07-13 15:05:00-04:00,317.1050109863281,317.3800048828125,316.8399963378906,317.135009765625,324693
2026-07-13 15:10:00-04:00,316.2900085449219,317.1300048828125,316.1700134277344,317.1050109863281,393729
2026-07-13 15:15:00-04:00,316.7749938964844,317.1300048828125,316.239990234375,316.2699890136719,278256
2026-07-13 15:20:00-04:00,316.9800109863281,317.125,316.7200012207031,316.75,296123
2026-07-13 15:25:00-04:00,316.3299865722656,317.0199890136719,316.2300109863281,316.95001220703125,296902
2026-07-13 15:30:00-04:00,316.4100036621094,316.4599914550781,316.04998779296875,316.32501220703125,307887
2026-07-13 15:35:00-04:00,316.5849914550781,316.79998779296875,316.32000732421875,316.4200134277344,325519
2026-07-13 15:40:00-04:00,316.8500061035156,316.9100036621094,316.5,316.57000732421875,321895
2026-07-13 15:45:00-04:00,317.2699890136719,317.4049987792969,316.8399963378906,316.8399963378906,523580
2026-07-13 15:50:00-04:00,316.989990234375,317.5899963378906,316.7099914550781,317.2799987792969,853720
2026-07-13 15:55:00-04:00,317.4200134277344,317.739990234375,316.9700012207031,316.9700012207031,1693081
2026-07-14 09:30:00-04:00,313.30999755859375,314.1300048828125,311.9100036621094,313.6400146484375,2285873
2026-07-14 09:35:00-04:00,314.8500061035156,315.68499755859375,312.70001220703125,313.389892578125,711919
2026-07-14 09:40:00-04:00,314.79998779296875,314.8699951171875,313.8900146484375,314.814208984375,463347
2026-07-14 09:45:00-04:00,313.6000061035156,315.6000061035156,313.3550109863281,314.7799987792969,509831
2026-07-14 09:50:00-04:00,314.2799987792969,314.45001220703125,313.0299987792969,313.5899963378906,444111
2026-07-14 09:55:00-04:00,314.489990234375,314.8900146484375,314.2200012207031,314.2554016113281,276187
2026-07-14 10:00:00-04:00,313.9200134277344,314.5199890136719,313.0700988769531,314.4700012207031,392913
2026-07-14 10:05:00-04:00,314.1400146484375,314.29998779296875,313.510009765625,313.94000244140625,778432
2026-07-14 10:10:00-04:00,314.260009765625,314.29998779296875,313.8200988769531,314.1099853515625,222524
2026-07-14 10:15:00-04:00,313.989990234375,314.2900085449219,313.364990234375,314.260009765625,304573
2026-07-14 10:20:00-04:00,314.17999267578125,314.6000061035156,313.9100036621094,313.9700012207031,296463
2026-07-14 10:25:00-04:00,314.9419860839844,315.1499938964844,314.1650085449219,314.2099914550781,267841
2026-07-14 10:30:00-04:00,315.2799987792969,316.19000244140625,314.7099914550781,314.95001220703125,367932
2026-07-14 10:35:00-04:00,315.864990234375,316.04998779296875,315.2200012207031,315.2650146484375,1666925
2026-07-14 10:40:00-04:00,315.4849853515625,316.1499938964844,315.3500061035156,315.864990234375,301440
2026-07-14 10:45:00-04:00,314.489990234375,315.5199890136719,314.3472900390625,315.4700012207031,286742
2026-07-14 10:50:00-04:00,314.54998779296875,314.55999755859375,314.0400085449219,314.45001220703125,234623
2026-07-14 10:55:00-04:00,314.9501037597656,315.20001220703125,314.0205078125,314.510009765625,320925
2026-07-14 11:00:00-04:00,315.5400085449219,315.8500061035156,314.7900085449219,315.0,314683
2026-07-14 11:05:00-04:00,315.8599853515625,316.04998779296875,315.4100036621094,315.5299987792969,215874
2026-07-14 11:10:00-04:00,315.6600036621094,315.9849853515625,315.4859924316406,315.8699951171875,199091
2026-07-14 11:15:00-04:00,315.67999267578125,315.7178955078125,315.2699890136719,315.6600036621094,204423
2026-07-14 11:20:00-04:00,315.27099609375,315.84991455078125,315.0899963378906,315.6449890136719,249422
2026-07-14 11:25:00-04:00,314.29998779296875,315.39910888671875,314.260009765625,315.2900085449219,248916
2026-07-14 11:30:00-04:00,314.239990234375,314.5799865722656,314.1300048828125,314.32000732421875,284054
2026-07-14 11:35:00-04:00,314.7699890136719,314.7699890136719,314.0799865722656,314.2300109863281,313181
2026-07-14 11:40:00-04:00,314.45001220703125,314.8699951171875,313.79998779296875,314.760009765625,284433
2026-07-14 11:45:00-04:00,313.8699951171875,314.510009765625,313.80029296875,314.44000244140625,224718
2026-07-14 11:50:00-04:00,313.6579895019531,314.06500244140625,313.6199951171875,313.92999267578125,309715
2026-07-14 11:55:00-04:00,313.260009765625,313.6698913574219,313.20001220703125,313.6400146484375,309661
2026-07-14 12:00:00-04:00,313.2300109863281,313.3399963378906,312.8699951171875,313.2850036621094,374468
2026-07-14 12:05:00-04:00,314.1199951171875,314.239990234375,313.1499938964844,313.2099914550781,224470
2026-07-14 12:10:00-04:00,314.06500244140625,314.19500732421875,313.8705139160156,314.1700134277344,193919
2026-07-14 12:15:00-04:00,313.3800048828125,314.0799865722656,313.3500061035156,314.06500244140625,186510
2026-07-14 12:20:00-04:00,313.1199951171875,313.3999938964844,313.0,313.3599853515625,258523
2026-07-14 12:25:00-04:00,313.2699890136719,313.4800109863281,312.8699951171875,313.1600036621094,205015
2026-07-14 12:30:00-04:00,313.2699890136719,313.55999755859375,313.1099853515625,313.260009765625,234361
2026-07-14 12:35:00-04:00,313.45001220703125,313.6099853515625,313.2550048828125,313.2699890136719,184008
2026-07-14 12:40:00-04:00,313.4700012207031,313.8699951171875,313.36029052734375,313.4800109863281,220508
2026-07-14 12:45:00-04:00,313.6400146484375,313.6899108886719,313.3999938964844,313.4800109863281,205073
2026-07-14 12:50:00-04:00,313.86199951171875,313.8880920410156,313.6199951171875,313.6199951171875,272804
2026-07-14 12:55:00-04:00,314.1199951171875,314.2200012207031,313.5249938964844,313.8599853515625,212275
2026-07-14 13:00:00-04:00,313.9849853515625,314.2300109863281,313.8999938964844,314.1199951171875,245190
2026-07-14 13:05:00-04:00,314.69439697265625,314.70001220703125,313.95001220703125,313.9700012207031,309288
2026-07-14 13:10:00-04:00,314.42999267578125,314.9700012207031,314.4200134277344,314.7099914550781,235103
2026-07-14 13:15:00-04:00,314.9100036621094,314.94000244140625,314.25,314.44000244140625,210605
2026-07-14 13:20:00-04:00,314.69000244140625,314.95001220703125,314.4599914550781,314.9100036621094,156147
2026-07-14 13:25:00-04:00,314.8699951171875,314.92999267578125,314.7099914550781,314.7300109863281,161173
2026-07-14 13:30:00-04:00,314.7799987792969,314.9800109863281,314.5899963378906,314.8900146484375,164792
2026-07-14 13:35:00-04:00,314.92999267578125,314.95001220703125,314.7200012207031,314.7699890136719,147775
2026-07-14 13:40:00-04:00,314.7749938964844,315.0199890136719,314.6600036621094,314.93499755859375,176613
2026-07-14 13:45:00-04:00,314.8900146484375,314.8900146484375,314.6199951171875,314.7749938964844,155251
2026-07-14 13:50:00-04:00,314.94000244140625,315.0,314.75299072265625,314.889892578125,160907
2026-07-14 13:55:00-04:00,315.17999267578125,315.2349853515625,314.91009521484375,314.95001220703125,170683
2026-07-14 14:00:00-04:00,315.260009765625,315.2799072265625,315.0400085449219,315.20001220703125,164847
2026-07-14 14:05:00-04:00,315.27099609375,315.3900146484375,315.04998779296875,315.2699890136719,150358
2026-07-14 14:10:00-04:00,315.2550048828125,315.30999755859375,315.1300048828125,315.2749938964844,129310
2026-07-14 14:15:00-04:00,314.9700012207031,315.2699890136719,314.9200134277344,315.260009765625,159753
2026-07-14 14:20:00-04:00,315.0299987792969,315.19000244140625,314.8599853515625,314.9700012207031,159528
2026-07-14 14:25:00-04:00,315.2200012207031,315.239990234375,314.8800048828125,315.05999755859375,189301
2026-07-14 14:30:00-04:00,315.3349914550781,315.44000244140625,315.0899963378906,315.2200012207031,160350
2026-07-14 14:35:00-04:00,315.4100036621094,315.42498779296875,315.0799865722656,315.32000732421875,178452
2026-07-14 14:40:00-04:00,315.18499755859375,315.44000244140625,314.82000732421875,315.4198913574219,203916
2026-07-14 14:45:00-04:00,315.2149963378906,315.2300109863281,315.0400085449219,315.18499755859375,168302
2026-07-14 14:50:00-04:00,315.2850036621094,315.375,315.0400085449219,315.19000244140625,162237
2026-07-14 14:55:00-04:00,315.4800109863281,315.6000061035156,315.2099914550781,315.29998779296875,189147
2026-07-14 15:00:00-04:00,315.5,315.55999755859375,315.1300048828125,315.4849853515625,197591
2026-07-14 15:05:00-04:00,315.75,315.8699951171875,315.44500732421875,315.4984130859375,223230
2026-07-14 15:10:00-04:00,315.4100036621094,315.7650146484375,315.29998779296875,315.760009765625,226469
2026-07-14 15:15:00-04:00,315.4201965332031,315.5400085449219,315.32000732421875,315.4198913574219,145727
2026-07-14 15:20:00-04:00,315.7099914550781,315.7099914550781,315.3500061035156,315.42999267578125,164344
2026-07-14 15:25:00-04:00,315.7049865722656,315.8500061035156,315.6499938964844,315.7099914550781,205074
2026-07-14 15:30:00-04:00,315.3500061035156,315.760009765625,315.2250061035156,315.7049865722656,330665
2026-07-14 15:35:00-04:00,315.43499755859375,315.5950012207031,315.32000732421875,315.3599853515625,265111
2026-07-14 15:40:00-04:00,315.34979248046875,315.489990234375,315.1499938964844,315.4200134277344,254001
2026-07-14 15:45:00-04:00,315.3399963378906,315.4549865722656,315.1700134277344,315.3399963378906,296245
2026-07-14 15:50:00-04:00,314.67999267578125,315.70001220703125,314.6499938964844,315.3399963378906,592908
2026-07-14 15:55:00-04:00,314.9200134277344,315.19000244140625,314.5899963378906,314.6700134277344,1277965
2026-07-15 09:30:00-04:00,318.8699951171875,319.1296081542969,317.32000732421875,317.625,1808779
2026-07-15 09:35:00-04:00,318.8900146484375,319.7900085449219,318.5400085449219,318.8900146484375,662462
2026-07-15 09:40:00-04:00,321.1700134277344,321.19500732421875,318.8800048828125,318.9195861816406,983275
2026-07-15 09:45:00-04:00,320.7950134277344,321.8179931640625,319.9200134277344,321.1700134277344,1463585
2026-07-15 09:50:00-04:00,321.2449951171875,321.2668151855469,320.0799865722656,320.7799987792969,1113971
2026-07-15 09:55:00-04:00,320.7650146484375,321.7690124511719,320.32000732421875,321.2325134277344,668041
2026-07-15 10:00:00-04:00,323.260009765625,323.4100036621094,320.75,320.7900085449219,1222108
2026-07-15 10:05:00-04:00,323.6499938964844,323.7099914550781,322.760009765625,323.25,1192494
2026-07-15 10:10:00-04:00,324.7862854003906,324.9800109863281,323.6499938964844,323.6700134277344,1217263
2026-07-15 10:15:00-04:00,325.4100036621094,325.67999267578125,324.6199951171875,324.7799987792969,1614162
2026-07-15 10:20:00-04:00,324.6300048828125,325.6099853515625,324.25,325.40509033203125,978220
2026-07-15 10:25:00-04:00,324.7099914550781,325.4100036621094,324.45001220703125,324.69000244140625,626974
2026-07-15 10:30:00-04:00,324.4800109863281,325.0849914550781,324.3299865722656,324.7099914550781,726294
2026-07-15 10:35:00-04:00,324.010009765625,324.7900085449219,323.5400085449219,324.4750061035156,529146
2026-07-15 10:40:00-04:00,324.1600036621094,324.54998779296875,323.8900146484375,324.0199890136719,989908
2026-07-15 10:45:00-04:00,325.05999755859375,325.0893859863281,323.9599914550781,324.20001220703125,687429
2026-07-15 10:50:00-04:00,324.0603942871094,325.3999938964844,323.7900085449219,325.05999755859375,532398
2026-07-15 10:55:00-04:00,323.9100036621094,324.57000732421875,323.681396484375,324.04998779296875,361194
2026-07-15 11:00:00-04:00,323.79998779296875,324.20001220703125,323.5400085449219,323.9150085449219,349400
2026-07-15 11:05:00-04:00,324.07000732421875,324.32000732421875,323.54998779296875,323.82000732421875,311200
2026-07-15 11:10:00-04:00,324.2300109863281,324.3699951171875,323.7300109863281,324.07000732421875,420405
2026-07-15 11:15:00-04:00,324.4949951171875,324.54998779296875,324.0199890136719,324.2449951171875,298223
2026-07-15 11:20:00-04:00,325.05999755859375,325.1000061035156,324.1499938964844,324.4700012207031,405644
2026-07-15 11:25:00-04:00,325.6199951171875,325.67999267578125,324.8788146972656,325.0199890136719,666773
2026-07-15 11:30:00-04:00,326.0400085449219,326.3699951171875,325.1600036621094,325.6099853515625,640282
2026-07-15 11:35:00-04:00,326.8399963378906,327.1000061035156,325.8399963378906,326.04998779296875,798464
2026-07-15 11:40:00-04:00,326.57000732421875,327.0799865722656,326.45001220703125,326.8299865722656,568183
2026-07-15 11:45:00-04:00,326.6400146484375,327.0199890136719,326.510009765625,326.5751037597656,481880
2026-07-15 11:50:00-04:00,325.360107421875,326.6600036621094,325.2149963378906,326.6600036621094,546714
2026-07-15 11:55:00-04:00,326.2799987792969,326.4599914550781,325.3663024902344,325.3663024902344,354926
2026-07-15 12:00:00-04:00,326.7699890136719,326.8800048828125,326.2549133300781,326.2900085449219,440397
2026-07-15 12:05:00-04:00,326.9700012207031,326.9798889160156,326.5050048828125,326.7799987792969,416496
2026-07-15 12:10:00-04:00,327.1700134277344,327.3599853515625,326.70001220703125,326.9800109863281,621876
2026-07-15 12:15:00-04:00,327.2200012207031,327.70001220703125,327.0869140625,327.17498779296875,811983
2026-07-15 12:20:00-04:00,327.9800109863281,327.989990234375,327.1099853515625,327.2099914550781,667295
2026-07-15 12:25:00-04:00,328.1700134277344,328.5299987792969,327.95001220703125,327.9800109863281,967228
2026-07-15 12:30:00-04:00,328.2200012207031,328.5,328.1400146484375,328.1600036621094,744937
2026-07-15 12:35:00-04:00,327.885009765625,328.2699890136719,327.6499938964844,328.2200012207031,689066
2026-07-15 12:40:00-04:00,328.20001220703125,328.32000732421875,327.30999755859375,327.8999938964844,672484
2026-07-15 12:45:00-04:00,327.92999267578125,328.3399963378906,327.6000061035156,328.17999267578125,502546
2026-07-15 12:50:00-04:00,327.97698974609375,328.0400085449219,327.3599853515625,327.9219970703125,465022
2026-07-15 12:55:00-04:00,327.9599914550781,328.2699890136719,327.79998779296875,327.9800109863281,413471
2026-07-15 13:00:00-04:00,327.989990234375,328.05999755859375,327.30499267578125,327.9700012207031,490986
2026-07-15 13:05:00-04:00,326.760009765625,328.0498962402344,326.760009765625,328.0,423254
2026-07-15 13:10:00-04:00,326.6400146484375,327.04998779296875,326.4599914550781,326.7799987792969,370805
2026-07-15 13:15:00-04:00,326.3500061035156,326.9800109863281,325.9700012207031,326.6000061035156,471369
2026-07-15 13:20:00-04:00,326.75250244140625,326.8951110839844,326.3299865722656,326.3699951171875,327615
2026-07-15 13:25:00-04:00,326.989990234375,327.2099914550781,326.6300048828125,326.7550048828125,395747
2026-07-15 13:30:00-04:00,327.1050109863281,327.25,326.6499938964844,327.0,390585
2026-07-15 13:35:00-04:00,327.8399963378906,327.8900146484375,327.07000732421875,327.1000061035156,400505
2026-07-15 13:40:00-04:00,327.2275085449219,328.0,327.20001220703125,327.8299865722656,345392
2026-07-15 13:45:00-04:00,327.55999755859375,327.6000061035156,327.2099914550781,327.2250061035156,298567
2026-07-15 13:50:00-04:00,327.6099853515625,327.6698913574219,327.19000244140625,327.56500244140625,291991
2026-07-15 13:55:00-04:00,327.5851135253906,327.7099914550781,327.3800048828125,327.6050109863281,435855
2026-07-15 14:00:00-04:00,327.4750061035156,327.6400146484375,327.30499267578125,327.5899963378906,271075
2026-07-15 14:05:00-04:00,327.32000732421875,327.6700134277344,327.1600036621094,327.4599914550781,278615
2026-07-15 14:10:00-04:00,327.6099853515625,327.6684875488281,327.2900085449219,327.30999755859375,301755
2026-07-15 14:15:00-04:00,327.3699951171875,327.7349853515625,327.2099914550781,327.6000061035156,330134
2026-07-15 14:20:00-04:00,327.43011474609375,327.55999755859375,327.2799987792969,327.3599853515625,239149
2026-07-15 14:25:00-04:00,327.7900085449219,327.8599853515625,327.3299865722656,327.44000244140625,312724
2026-07-15 14:30:00-04:00,327.6499938964844,327.8299865722656,327.489990234375,327.7799987792969,279560
2026-07-15 14:35:00-04:00,327.6700134277344,327.7898864746094,327.6000061035156,327.6400146484375,219977
2026-07-15 14:40:00-04:00,327.6549987792969,327.8500061035156,327.4700012207031,327.67498779296875,218326
2026-07-15 14:45:00-04:00,327.1449890136719,327.70001220703125,327.0799865722656,327.6400146484375,340478
2026-07-15 14:50:00-04:00,327.2049865722656,327.3800048828125,327.0899963378906,327.1449890136719,253313
2026-07-15 14:55:00-04:00,327.5249938964844,327.614990234375,327.1499938964844,327.20001220703125,396821
2026-07-15 15:00:00-04:00,328.5899963378906,328.7200012207031,327.4599914550781,327.5400085449219,689332
2026-07-15 15:05:00-04:00,328.17999267578125,328.69989013671875,328.17999267578125,328.57000732421875,524344
2026-07-15 15:10:00-04:00,327.8399963378906,328.29998779296875,327.69500732421875,328.17999267578125,356845
2026-07-15 15:15:00-04:00,327.7650146484375,327.9100036621094,327.4200134277344,327.80999755859375,292858
2026-07-15 15:20:00-04:00,327.5050048828125,327.9898986816406,327.44000244140625,327.7699890136719,356522
2026-07-15 15:25:00-04:00,327.05999755859375,327.5400085449219,326.8599853515625,327.510009765625,617941
2026-07-15 15:30:00-04:00,326.42999267578125,327.07000732421875,326.4200134277344,327.0400085449219,1968854
2026-07-15 15:35:00-04:00,326.3699951171875,326.54998779296875,326.1000061035156,326.4200134277344,445310
2026-07-15 15:40:00-04:00,325.8699951171875,326.5350036621094,325.8599853515625,326.3659973144531,488720
2026-07-15 15:45:00-04:00,326.2200012207031,326.42999267578125,325.7200012207031,325.8900146484375,802708
2026-07-15 15:50:00-04:00,327.44500732421875,327.6000061035156,326.2349853515625,326.239990234375,1163088
2026-07-15 15:55:00-04:00,327.57000732421875,328.3500061035156,327.25,327.44500732421875,3149442
2026-07-16 09:30:00-04:00,327.125,328.9800109863281,326.7900085449219,328.0050048828125,2884079
2026-07-16 09:35:00-04:00,327.6899108886719,328.1000061035156,327.010009765625,327.1400146484375,876927
2026-07-16 09:40:00-04:00,327.8550109863281,328.3500061035156,327.2300109863281,327.6449890136719,925527
2026-07-16 09:45:00-04:00,328.9750061035156,329.67999267578125,327.7900085449219,327.885009765625,1136081
2026-07-16 09:50:00-04:00,329.85540771484375,330.30999755859375,328.75,328.9750061035156,1701413
2026-07-16 09:55:00-04:00,331.1499938964844,331.1499938964844,329.7699890136719,329.8599853515625,1098532
2026-07-16 10:00:00-04:00,330.0409851074219,331.4100036621094,329.6716003417969,331.07501220703125,1031589
2026-07-16 10:05:00-04:00,328.2424011230469,330.3999938964844,327.8900146484375,330.04998779296875,1023377
2026-07-16 10:10:00-04:00,328.752197265625,328.7699890136719,327.8999938964844,328.2699890136719,606684
2026-07-16 10:15:00-04:00,329.1400146484375,329.4100036621094,328.3399963378906,328.67010498046875,459039
2026-07-16 10:20:00-04:00,330.239990234375,330.2799987792969,329.0899963378906,329.1700134277344,561728
2026-07-16 10:25:00-04:00,330.3699951171875,330.6099853515625,329.9800109863281,330.2300109863281,497992
2026-07-16 10:30:00-04:00,330.6400146484375,331.0299987792969,330.2799987792969,330.3399963378906,591698
2026-07-16 10:35:00-04:00,330.75,331.0,330.4801025390625,330.625,401010
2026-07-16 10:40:00-04:00,330.7049865722656,331.1499938964844,330.19000244140625,330.739990234375,578906
2026-07-16 10:45:00-04:00,330.3800048828125,330.8900146484375,330.2200012207031,330.69000244140625,341791
2026-07-16 10:50:00-04:00,330.239990234375,330.5199890136719,329.7749938964844,330.3500061035156,488343
2026-07-16 10:55:00-04:00,330.20001220703125,330.4700012207031,330.0,330.2099914550781,290125
2026-07-16 11:00:00-04:00,330.1300048828125,330.5799865722656,330.0199890136719,330.17999267578125,248510
2026-07-16 11:05:00-04:00,329.94500732421875,330.30999755859375,329.3500061035156,330.125,485776
2026-07-16 11:10:00-04:00,330.4700012207031,330.614990234375,329.9100036621094,329.94500732421875,346482
2026-07-16 11:15:00-04:00,330.42999267578125,330.57989501953125,330.1380920410156,330.4649963378906,390193
2026-07-16 11:20:00-04:00,330.4800109863281,330.6400146484375,329.82049560546875,330.44500732421875,761510
2026-07-16 11:25:00-04:00,330.6300048828125,330.92498779296875,330.45001220703125,330.4849853515625,363212
2026-07-16 11:30:00-04:00,330.79998779296875,330.82501220703125,330.4800109863281,330.65008544921875,291235
2026-07-16 11:35:00-04:00,331.3699951171875,331.3800048828125,330.55999755859375,330.80499267578125,387673
2026-07-16 11:40:00-04:00,331.2892150878906,331.6499938964844,331.04998779296875,331.3699951171875,397736
2026-07-16 11:45:00-04:00,331.5,331.8299865722656,331.2300109863281,331.30499267578125,390440
2026-07-16 11:50:00-04:00,332.2398986816406,332.2799987792969,331.4800109863281,331.489990234375,532707
2026-07-16 11:55:00-04:00,331.8500061035156,332.2398986816406,331.60009765625,332.2200012207031,329135
2026-07-16 12:00:00-04:00,331.6300048828125,331.95001220703125,331.2300109863281,331.8550109863281,479891
2026-07-16 12:05:00-04:00,331.3399963378906,331.94500732421875,331.2478942871094,331.6400146484375,482375
2026-07-16 12:10:00-04:00,330.69000244140625,331.42999267578125,330.6000061035156,331.3500061035156,398450
2026-07-16 12:15:00-04:00,331.1000061035156,331.4599914550781,330.4700012207031,330.6499938964844,385482
2026-07-16 12:20:00-04:00,331.1600036621094,331.3800048828125,330.8528137207031,331.0899963378906,275077
2026-07-16 12:25:00-04:00,331.1400146484375,331.3800048828125,327.5,331.17498779296875,256670
2026-07-16 12:30:00-04:00,331.17999267578125,331.3999938964844,331.07000732421875,331.1899108886719,269177
2026-07-16 12:35:00-04:00,330.260009765625,331.17999267578125,330.1300048828125,331.1600036621094,359290
2026-07-16 12:40:00-04:00,330.43798828125,330.44000244140625,329.8599853515625,330.2799987792969,362211
2026-07-16 12:45:00-04:00,331.3450012207031,331.3450012207031,330.3299865722656,330.4200134277344,1465878
2026-07-16 12:50:00-04:00,331.8800048828125,331.989990234375,331.3299865722656,331.3500061035156,428014
2026-07-16 12:55:00-04:00,332.0799865722656,332.0799865722656,331.6507873535156,331.8800048828125,446743
2026-07-16 13:00:00-04:00,332.32000732421875,332.3699951171875,331.8299865722656,332.05499267578125,587203
2026-07-16 13:05:00-04:00,332.0799865722656,332.3699035644531,332.0000915527344,332.32989501953125,247159
2026-07-16 13:10:00-04:00,331.7749938964844,332.0899963378906,331.7200012207031,332.05859375,235747
2026-07-16 13:15:00-04:00,332.3999938964844,332.4100036621094,331.7200012207031,331.7799987792969,289869
2026-07-16 13:20:00-04:00,332.44000244140625,332.70001220703125,332.1700134277344,332.3667907714844,530135
2026-07-16 13:25:00-04:00,332.8999938964844,332.9700012207031,332.3500061035156,332.42999267578125,468070
2026-07-16 13:30:00-04:00,333.2250061035156,333.29998779296875,332.56500244140625,332.898193359375,532412
2026-07-16 13:35:00-04:00,332.9800109863281,333.54998779296875,332.9549865722656,333.2300109863281,582692
2026-07-16 13:40:00-04:00,332.3500061035156,333.0400085449219,332.2900085449219,332.9750061035156,473642
2026-07-16 13:45:00-04:00,332.0799865722656,332.510009765625,331.9100036621094,332.3599853515625,411567
2026-07-16 13:50:00-04:00,331.82000732421875,332.260009765625,331.7699890136719,332.0799865722656,820726
2026-07-16 13:55:00-04:00,331.635009765625,331.8500061035156,330.7850036621094,331.82000732421875,624863
2026-07-16 14:00:00-04:00,331.3599853515625,331.739990234375,331.1099853515625,331.6600036621094,364894
2026-07-16 14:05:00-04:00,331.3800048828125,331.82000732421875,331.1700134277344,331.3599853515625,407680
2026-07-16 14:10:00-04:00,329.639892578125,331.69000244140625,329.55999755859375,331.3999938964844,687332
2026-07-16 14:15:00-04:00,330.3351135253906,331.1400146484375,329.3399963378906,329.6400146484375,872690
2026-07-16 14:20:00-04:00,330.8406066894531,331.20001220703125,330.32501220703125,330.3500061035156,463649
2026-07-16 14:25:00-04:00,331.260009765625,332.0,330.7200012207031,330.88519287109375,556665
2026-07-16 14:30:00-04:00,331.2900085449219,331.3399963378906,330.9100036621094,331.239990234375,376541
2026-07-16 14:35:00-04:00,331.80999755859375,331.8999938964844,331.1700134277344,331.2914123535156,360064
2026-07-16 14:40:00-04:00,331.9599914550781,332.0899963378906,331.54998779296875,331.8349914550781,337787
2026-07-16 14:45:00-04:00,332.4200134277344,332.4800109863281,331.8399963378906,331.9549865722656,380075
2026-07-16 14:50:00-04:00,332.80999755859375,333.3599853515625,332.42279052734375,332.42279052734375,958424
2026-07-16 14:55:00-04:00,333.17999267578125,333.510009765625,332.8158874511719,332.82000732421875,683076
2026-07-16 15:00:00-04:00,333.4949951171875,333.510009765625,333.010009765625,333.17999267578125,564974
2026-07-16 15:05:00-04:00,334.0299987792969,334.67999267578125,333.4700012207031,333.489990234375,1126997
2026-07-16 15:10:00-04:00,334.19500732421875,334.3500061035156,333.8599853515625,334.0299987792969,702745
2026-07-16 15:15:00-04:00,334.2900085449219,334.3450012207031,333.8599853515625,334.19000244140625,754950
2026-07-16 15:20:00-04:00,334.1400146484375,334.3599853515625,333.760009765625,334.2886962890625,820074
2026-07-16 15:25:00-04:00,332.989990234375,334.20001220703125,332.9700012207031,334.135009765625,909603
2026-07-16 15:30:00-04:00,332.59820556640625,333.1199951171875,332.5799865722656,333.0,1009864
2026-07-16 15:35:00-04:00,332.6700134277344,332.9599914550781,332.4800109863281,332.6000061035156,676326
2026-07-16 15:40:00-04:00,332.2799987792969,332.7900085449219,332.1000061035156,332.6700134277344,669006
2026-07-16 15:45:00-04:00,331.19189453125,332.2900085449219,331.0,332.2799987792969,1129030
2026-07-16 15:50:00-04:00,332.6400146484375,332.9534912109375,330.7699890136719,331.2099914550781,1585300
2026-07-16 15:55:00-04:00,333.2699890136719,333.70001220703125,332.5799865722656,332.6099853515625,3134479
2026-07-17 09:30:00-04:00,333.44000244140625,333.510009765625,331.2950134277344,331.9800109863281,6984524
2026-07-17 09:35:00-04:00,334.9599914550781,334.9800109863281,332.9700012207031,333.4700012207031,1517171
2026-07-17 09:40:00-04:00,333.8399963378906,334.9486999511719,333.4200134277344,334.8800048828125,1003069
2026-07-17 09:45:00-04:00,333.07000732421875,334.3999938964844,332.7699890136719,333.8901062011719,1016950
2026-07-17 09:50:00-04:00,332.21490478515625,333.135009765625,331.1499938964844,333.07000732421875,934920
2026-07-17 09:55:00-04:00,330.9800109863281,332.5299987792969,330.8900146484375,332.2449951171875,857055
2026-07-17 10:00:00-04:00,330.260009765625,330.989990234375,329.3399963378906,330.94000244140625,957018
2026-07-17 10:05:00-04:00,329.68499755859375,330.5849914550781,329.5249938964844,330.3830871582031,714743
2026-07-17 10:10:00-04:00,330.5086975097656,330.5899963378906,329.0006103515625,329.7099914550781,852612
2026-07-17 10:15:00-04:00,330.5400085449219,330.76800537109375,329.8399963378906,330.42999267578125,623199
2026-07-17 10:20:00-04:00,330.8139953613281,331.0,330.0450134277344,330.568115234375,625062
2026-07-17 10:25:00-04:00,331.8399963378906,331.8500061035156,330.4800109863281,330.79998779296875,458231
2026-07-17 10:30:00-04:00,333.93499755859375,333.9700012207031,331.8500061035156,331.8800048828125,1037739
2026-07-17 10:35:00-04:00,332.3999938964844,333.9599914550781,332.125,333.93499755859375,762660
2026-07-17 10:40:00-04:00,333.07000732421875,333.2300109863281,332.3500061035156,332.3999938964844,546423
2026-07-17 10:45:00-04:00,332.5899963378906,333.5899963378906,332.3800964355469,333.07000732421875,566093
2026-07-17 10:50:00-04:00,332.80999755859375,332.8599853515625,331.9100036621094,332.6099853515625,480601
2026-07-17 10:55:00-04:00,333.1700134277344,333.32000732421875,332.6499938964844,332.760009765625,379871
2026-07-17 11:00:00-04:00,332.9200134277344,333.239990234375,332.510009765625,333.17999267578125,298326
2026-07-17 11:05:00-04:00,333.30999755859375,333.4399108886719,332.79998779296875,332.9200134277344,442379
2026-07-17 11:10:00-04:00,333.80499267578125,333.989990234375,333.1499938964844,333.31500244140625,591546
2026-07-17 11:15:00-04:00,333.7300109863281,333.95001220703125,333.5220031738281,333.7699890136719,344556
2026-07-17 11:20:00-04:00,333.5450134277344,334.17999267578125,333.3699951171875,333.739990234375,555393
2026-07-17 11:25:00-04:00,334.6549987792969,334.7666931152344,333.5299987792969,333.54998779296875,528202
2026-07-17 11:30:00-04:00,334.010009765625,334.8699035644531,333.90008544921875,334.6698913574219,540111
2026-07-17 11:35:00-04:00,333.69000244140625,334.0754089355469,333.3869934082031,334.0000915527344,495314
2026-07-17 11:40:00-04:00,333.7099914550781,334.0,333.2099914550781,333.739990234375,360940
2026-07-17 11:45:00-04:00,333.57000732421875,333.739990234375,332.8500061035156,333.739990234375,510209
2026-07-17 11:50:00-04:00,333.1099853515625,333.5799865722656,332.80010986328125,333.5799865722656,399597
2026-07-17 11:55:00-04:00,332.3500061035156,333.125,332.0199890136719,333.1099853515625,606126
2026-07-17 12:00:00-04:00,330.8299865722656,332.375,330.6600036621094,332.3699951171875,1002006
2026-07-17 12:05:00-04:00,330.57000732421875,330.9700012207031,330.0,330.81829833984375,713894
2026-07-17 12:10:00-04:00,330.30499267578125,330.7300109863281,330.0400085449219,330.54998779296875,442381
2026-07-17 12:15:00-04:00,330.7799987792969,331.07000732421875,330.30999755859375,330.3399963378906,438746
2026-07-17 12:20:00-04:00,330.55999755859375,331.05999755859375,330.3900146484375,330.7749938964844,353713
2026-07-17 12:25:00-04:00,331.7449951171875,331.92498779296875,330.4400939941406,330.5450134277344,389865
2026-07-17 12:30:00-04:00,331.9700012207031,332.260009765625,331.4800109863281,331.7200012207031,362383
2026-07-17 12:35:00-04:00,332.1300048828125,332.1300048828125,331.6000061035156,331.9800109863281,385935
2026-07-17 12:40:00-04:00,332.2550048828125,332.3699951171875,331.8699951171875,332.1199951171875,180109
2026-07-17 12:45:00-04:00,331.7925109863281,332.2749938964844,331.7900085449219,332.2650146484375,336675
2026-07-17 12:50:00-04:00,332.0899963378906,333.5,331.6200866699219,331.80999755859375,1216990
2026-07-17 12:55:00-04:00,330.5101013183594,332.2300109863281,330.45001220703125,332.04998779296875,374117
2026-07-17 13:00:00-04:00,330.0199890136719,330.79998779296875,329.8900146484375,330.510009765625,601496
2026-07-17 13:05:00-04:00,330.2900085449219,330.3900146484375,329.70001220703125,330.0199890136719,432021
2026-07-17 13:10:00-04:00,329.4849853515625,330.32000732421875,329.4200134277344,330.2699890136719,730660
2026-07-17 13:15:00-04:00,329.6300048828125,330.2099914550781,329.2799987792969,329.4849853515625,624597
2026-07-17 13:20:00-04:00,329.3599853515625,329.6549987792969,329.1600036621094,329.5989074707031,382183
2026-07-17 13:25:00-04:00,330.5400085449219,330.8500061035156,329.3599853515625,329.3599853515625,647183
2026-07-17 13:30:00-04:00,330.32501220703125,330.739990234375,330.1400146484375,330.51080322265625,239313
2026-07-17 13:35:00-04:00,330.4599914550781,330.7251892089844,330.0799865722656,330.3299865722656,286094
2026-07-17 13:40:00-04:00,330.8800964355469,330.92999267578125,330.2900085449219,330.45001220703125,317952
2026-07-17 13:45:00-04:00,330.7950134277344,330.9849853515625,330.6099853515625,330.8900146484375,260848
2026-07-17 13:50:00-04:00,330.80999755859375,330.8500061035156,330.4599914550781,330.7950134277344,247238
2026-07-17 13:55:00-04:00,331.7799987792969,331.9200134277344,330.79998779296875,330.82000732421875,655136
2026-07-17 14:00:00-04:00,332.0350036621094,332.17999267578125,331.54998779296875,331.7950134277344,447911
2026-07-17 14:05:00-04:00,331.9150085449219,332.2300109863281,331.8500061035156,332.0400085449219,397507
2026-07-17 14:10:00-04:00,332.6050109863281,333.2300109863281,331.8500061035156,331.9100036621094,904997
2026-07-17 14:15:00-04:00,332.3500061035156,332.6050109863281,332.05999755859375,332.6050109863281,393522
2026-07-17 14:20:00-04:00,332.5199890136719,332.6199951171875,332.32000732421875,332.3500061035156,219952
2026-07-17 14:25:00-04:00,332.375,332.718994140625,332.2279968261719,332.5400085449219,207268
2026-07-17 14:30:00-04:00,332.2300109863281,332.3800048828125,332.1099853515625,332.375,200689
2026-07-17 14:35:00-04:00,332.4700927734375,332.5899963378906,332.1600036621094,332.2300109863281,471094
2026-07-17 14:40:00-04:00,333.5899963378906,333.7099914550781,332.3800048828125,332.4750061035156,787243
2026-07-17 14:45:00-04:00,334.5,334.6700134277344,333.5,333.6000061035156,795068
2026-07-17 14:50:00-04:00,334.260009765625,334.510009765625,333.9200134277344,334.4910888671875,449889
2026-07-17 14:55:00-04:00,333.92498779296875,334.29998779296875,333.8699951171875,334.2699890136719,50363
2026-07-17 15:00:00-04:00,333.9750061035156,334.2300109863281,333.7799987792969,333.9200134277344,344030
2026-07-17 15:05:00-04:00,334.0450134277344,334.625,333.8251037597656,333.9750061035156,557679
2026-07-17 15:10:00-04:00,333.6400146484375,334.3800048828125,333.6199951171875,334.07000732421875,577778
2026-07-17 15:15:00-04:00,333.3500061035156,333.9549865722656,333.2601013183594,333.6300048828125,528633
2026-07-17 15:20:00-04:00,332.7699890136719,333.54998779296875,332.760009765625,333.3599853515625,474387
2026-07-17 15:25:00-04:00,332.8299865722656,332.9100036621094,332.3599853515625,332.7699890136719,555598
2026-07-17 15:30:00-04:00,332.7099914550781,332.8800048828125,332.260009765625,332.7799987792969,699449
2026-07-17 15:35:00-04:00,333.42999267578125,333.44000244140625,332.3200988769531,332.7300109863281,478616
2026-07-17 15:40:00-04:00,333.9200134277344,334.0899963378906,332.92999267578125,333.42999267578125,902217
2026-07-17 15:45:00-04:00,333.9200134277344,334.17999267578125,333.68011474609375,333.8999938964844,736582
2026-07-17 15:50:00-04:00,334.17498779296875,334.3800048828125,333.6700134277344,333.9049987792969,932977
2026-07-17 15:55:00-04:00,333.739990234375,334.239990234375,333.46051025390625,334.1499938964844,2619830
2026-07-20 09:30:00-04:00,331.9100036621094,333.7099914550781,331.1300048828125,333.0249938964844,2985899
2026-07-20 09:35:00-04:00,331.05499267578125,331.9339904785156,330.7749938964844,331.9200134277344,873027
2026-07-20 09:40:00-04:00,330.5799865722656,331.0799865722656,330.0199890136719,331.0799865722656,701048
2026-07-20 09:45:00-04:00,330.30499267578125,330.8699951171875,330.05999755859375,330.639892578125,615465
2026-07-20 09:50:00-04:00,328.7002868652344,330.30010986328125,328.6499938964844,330.29998779296875,807338
2026-07-20 09:55:00-04:00,328.8999938964844,329.0899963378906,328.3999938964844,328.69000244140625,649707
2026-07-20 10:00:00-04:00,328.4100036621094,329.0,328.20001220703125,328.8800048828125,564003
2026-07-20 10:05:00-04:00,328.2650146484375,328.760009765625,328.1700134277344,328.42498779296875,488894
2026-07-20 10:10:00-04:00,327.1700134277344,328.3999938964844,327.1199951171875,328.2900085449219,1003496
2026-07-20 10:15:00-04:00,327.114990234375,327.33990478515625,326.42999267578125,327.1600036621094,960510
2026-07-20 10:20:00-04:00,326.5249938964844,327.3900146484375,326.510009765625,327.135009765625,791423
2026-07-20 10:25:00-04:00,327.0199890136719,327.1499938964844,326.1099853515625,326.5249938964844,737558
2026-07-20 10:30:00-04:00,327.1199951171875,327.25,326.5899963378906,327.0199890136719,463769
2026-07-20 10:35:00-04:00,326.93499755859375,327.54998779296875,326.7304992675781,327.1400146484375,504086
2026-07-20 10:40:00-04:00,327.9649963378906,328.0199890136719,326.875,326.95001220703125,594989
2026-07-20 10:45:00-04:00,327.32000732421875,327.9599914550781,327.05999755859375,327.95001220703125,476322
2026-07-20 10:50:00-04:00,326.4599914550781,327.30999755859375,326.25,327.30999755859375,385274
2026-07-20 10:55:00-04:00,326.42999267578125,326.6199951171875,326.0199890136719,326.4549865722656,497563
2026-07-20 11:00:00-04:00,326.82000732421875,327.0150146484375,326.3399963378906,326.4599914550781,491702
2026-07-20 11:05:00-04:00,326.7300109863281,326.88519287109375,326.55999755859375,326.82000732421875,361011
2026-07-20 11:10:00-04:00,324.9599914550781,326.7499084472656,324.8210144042969,326.7499084472656,1153418
2026-07-20 11:15:00-04:00,324.7304992675781,325.3500061035156,324.6600036621094,324.9599914550781,575826
2026-07-20 11:20:00-04:00,324.9200134277344,325.0790100097656,324.4200134277344,324.739990234375,438768
2026-07-20 11:25:00-04:00,324.8999938964844,325.2049865722656,324.7300109863281,324.9200134277344,1370199
2026-07-20 11:30:00-04:00,325.8299865722656,325.9800109863281,324.9049987792969,324.94000244140625,395788
2026-07-20 11:35:00-04:00,326.0199890136719,326.07501220703125,325.69000244140625,325.82501220703125,264728
2026-07-20 11:40:00-04:00,326.0150146484375,326.5199890136719,325.6419982910156,326.010009765625,581251
2026-07-20 11:45:00-04:00,325.30999755859375,326.0273132324219,325.2200012207031,326.0150146484375,467452
2026-07-20 11:50:00-04:00,326.2804870605469,326.3599853515625,325.1300048828125,325.3399963378906,390985
2026-07-20 11:55:00-04:00,325.9750061035156,326.5450134277344,325.8299865722656,326.2900085449219,302912
2026-07-20 12:00:00-04:00,325.7402038574219,326.0400085449219,325.2699890136719,325.9800109863281,319337
2026-07-20 12:05:00-04:00,325.3800048828125,325.79998779296875,325.1700134277344,325.7449951171875,358259
2026-07-20 12:10:00-04:00,325.2200927734375,325.5199890136719,324.94000244140625,325.3800048828125,475022
2026-07-20 12:15:00-04:00,325.4100036621094,325.6000061035156,324.8699951171875,325.2200012207031,492122
2026-07-20 12:20:00-04:00,325.3699951171875,325.45001220703125,324.9949951171875,325.3999938964844,304336
2026-07-20 12:25:00-04:00,325.0,325.6700134277344,324.9700012207031,325.3599853515625,348901
2026-07-20 12:30:00-04:00,324.04998779296875,325.0899963378906,324.0199890136719,325.0199890136719,609218
2026-07-20 12:35:00-04:00,324.57000732421875,324.6449890136719,323.9200134277344,324.0450134277344,561530
2026-07-20 12:40:00-04:00,324.4150085449219,324.6499938964844,323.70001220703125,324.5799865722656,568803
2026-07-20 12:45:00-04:00,324.80999755859375,324.8500061035156,324.2900085449219,324.3949890136719,293686
2026-07-20 12:50:00-04:00,324.2799987792969,324.8500061035156,324.010009765625,324.80499267578125,325557
2026-07-20 12:55:00-04:00,324.2449951171875,324.7073059082031,324.0950012207031,324.260009765625,211357
2026-07-20 13:00:00-04:00,324.2300109863281,324.5450134277344,324.1199951171875,324.260009765625,287688
2026-07-20 13:05:00-04:00,325.0799865722656,325.0899963378906,323.9200134277344,324.2301025390625,388000
2026-07-20 13:10:00-04:00,324.79998779296875,325.1449890136719,324.67999267578125,325.0799865722656,215560
2026-07-20 13:15:00-04:00,324.8949890136719,324.96160888671875,324.55999755859375,324.7900085449219,216275
2026-07-20 13:20:00-04:00,324.5799865722656,324.8999938964844,324.4949951171875,324.8800048828125,239096
2026-07-20 13:25:00-04:00,324.7200012207031,324.9549865722656,324.3999938964844,324.57000732421875,209755
2026-07-20 13:30:00-04:00,324.70001220703125,324.7749938964844,324.4700012207031,324.7300109863281,230554
2026-07-20 13:35:00-04:00,324.8299865722656,325.06500244140625,324.6000061035156,324.7349853515625,311316
2026-07-20 13:40:00-04:00,324.3699951171875,324.92999267578125,324.20001220703125,324.8399963378906,1250867
2026-07-20 13:45:00-04:00,324.8550109863281,325.09991455078125,324.29998779296875,324.3500061035156,300683
2026-07-20 13:50:00-04:00,324.7300109863281,325.3832092285156,324.57000732421875,324.8536071777344,239283
2026-07-20 13:55:00-04:00,324.7799987792969,324.95001220703125,324.3999938964844,324.7300109863281,224735
2026-07-20 14:00:00-04:00,325.0548095703125,325.2349853515625,324.6549987792969,324.7799987792969,396071
2026-07-20 14:05:00-04:00,325.42498779296875,325.42999267578125,324.9599914550781,325.04998779296875,377401
2026-07-20 14:10:00-04:00,325.4700012207031,325.79998779296875,325.3299865722656,325.44000244140625,375668
2026-07-20 14:15:00-04:00,326.30999755859375,326.30999755859375,325.3999938964844,325.4599914550781,297493
2026-07-20 14:20:00-04:00,325.9501037597656,326.45989990234375,325.9100036621094,326.30499267578125,463554
2026-07-20 14:25:00-04:00,325.94000244140625,326.489990234375,325.864990234375,325.9599914550781,577219
2026-07-20 14:30:00-04:00,326.4750061035156,326.57501220703125,325.70001220703125,325.9800109863281,444327
2026-07-20 14:35:00-04:00,326.25,326.9100036621094,326.17999267578125,326.4800109863281,729318
2026-07-20 14:40:00-04:00,325.4700012207031,326.2900085449219,325.30999755859375,326.2650146484375,402501
2026-07-20 14:45:00-04:00,326.5899963378906,326.7250061035156,325.45001220703125,325.4700012207031,438806
2026-07-20 14:50:00-04:00,327.19000244140625,327.3699951171875,326.5,326.6099853515625,478614
2026-07-20 14:55:00-04:00,326.75,327.2300109863281,326.75,327.18499755859375,296421
2026-07-20 15:00:00-04:00,327.4800109863281,327.5199890136719,326.75,326.75,458271
2026-07-20 15:05:00-04:00,328.1200866699219,328.2900085449219,327.18011474609375,327.489990234375,581826
2026-07-20 15:10:00-04:00,328.19000244140625,328.55499267578125,328.0639953613281,328.1300048828125,438706
2026-07-20 15:15:00-04:00,328.2349853515625,328.5400085449219,327.7699890136719,328.17999267578125,676493
2026-07-20 15:20:00-04:00,328.5498962402344,328.5498962402344,328.0299987792969,328.2200012207031,374637
2026-07-20 15:25:00-04:00,329.0199890136719,329.0799865722656,328.4800109863281,328.5400085449219,441615
2026-07-20 15:30:00-04:00,329.29998779296875,329.760009765625,328.9100036621094,329.010009765625,647555
2026-07-20 15:35:00-04:00,328.8399963378906,329.3500061035156,328.44000244140625,329.2908020019531,990456
2026-07-20 15:40:00-04:00,328.0400085449219,328.92999267578125,327.9700012207031,328.8299865722656,431641
2026-07-20 15:45:00-04:00,328.29840087890625,328.32989501953125,327.79998779296875,328.04998779296875,373127
2026-07-20 15:50:00-04:00,327.05999755859375,328.2799987792969,326.82000732421875,328.2799987792969,750035
2026-07-20 15:55:00-04:00,326.70001220703125,327.0400085449219,326.32000732421875,327.0299987792969,2335684
2026-07-21 09:30:00-04:00,325.06719970703125,325.510009765625,322.38140869140625,323.3450012207031,2662418
2026-07-21 09:35:00-04:00,324.7799987792969,325.2149963378906,323.7799987792969,325.05999755859375,1028164
2026-07-21 09:40:00-04:00,324.82000732421875,325.6099853515625,323.860107421875,324.7300109863281,787077
2026-07-21 09:45:00-04:00,323.1050109863281,324.8900146484375,322.5849914550781,324.82000732421875,814533
2026-07-21 09:50:00-04:00,322.2986145019531,323.15399169921875,322.2900085449219,323.1007080078125,675014
2026-07-21 09:55:00-04:00,324.1099853515625,324.60260009765625,322.22039794921875,322.31988525390625,632697
2026-07-21 10:00:00-04:00,324.6449890136719,324.83990478515625,323.9700012207031,324.1199951171875,701888
2026-07-21 10:05:00-04:00,325.4599914550781,325.6700134277344,324.3009948730469,324.6650085449219,526380
2026-07-21 10:10:00-04:00,326.06988525390625,326.1600036621094,325.20001220703125,325.45001220703125,629831
2026-07-21 10:15:00-04:00,326.0,326.29998779296875,325.67999267578125,326.07000732421875,424235
2026-07-21 10:20:00-04:00,326.0849914550781,326.4200134277344,325.7200012207031,325.9700012207031,428220
2026-07-21 10:25:00-04:00,326.739990234375,327.0299987792969,326.1099853515625,326.1300048828125,387364
2026-07-21 10:30:00-04:00,326.6300048828125,326.8299865722656,326.2300109863281,326.7200012207031,304259
2026-07-21 10:35:00-04:00,326.7300109863281,326.760009765625,326.3301086425781,326.614990234375,251855
2026-07-21 10:40:00-04:00,327.29998779296875,327.3349914550781,326.5799865722656,326.7099914550781,382377
2026-07-21 10:45:00-04:00,326.9599914550781,327.4599914550781,326.7799987792969,327.2900085449219,312355
2026-07-21 10:50:00-04:00,326.92498779296875,327.1099853515625,326.760498046875,326.94500732421875,214201
2026-07-21 10:55:00-04:00,327.0899963378906,327.2099914550781,326.7099914550781,326.92498779296875,262514
2026-07-21 11:00:00-04:00,326.5050048828125,327.2250061035156,326.29998779296875,327.1000061035156,275701
2026-07-21 11:05:00-04:00,326.5450134277344,326.57501220703125,326.2099914550781,326.489990234375,256048
2026-07-21 11:10:00-04:00,327.45001220703125,327.9800109863281,326.5199890136719,326.55999755859375,693280
2026-07-21 11:15:00-04:00,327.3900146484375,327.7799987792969,327.32000732421875,327.54949951171875,285516
2026-07-21 11:20:00-04:00,328.19000244140625,328.2200012207031,327.2149963378906,327.3800048828125,427349
2026-07-21 11:25:00-04:00,328.385009765625,328.45001220703125,327.989990234375,328.1549987792969,339815
2026-07-21 11:30:00-04:00,327.9700012207031,328.5799865722656,327.7550048828125,328.3800048828125,378877
2026-07-21 11:35:00-04:00,327.92999267578125,328.1499938964844,327.760009765625,327.9700012207031,260284
2026-07-21 11:40:00-04:00,328.4750061035156,328.70001220703125,327.80999755859375,327.9399108886719,332237
2026-07-21 11:45:00-04:00,328.760009765625,328.9800109863281,328.4100036621094,328.4601135253906,303619
2026-07-21 11:50:00-04:00,328.8500061035156,328.9599914550781,328.57000732421875,328.7300109863281,206639
2026-07-21 11:55:00-04:00,328.7749938964844,328.9700012207031,328.0,328.8500061035156,276293
2026-07-21 12:00:00-04:00,328.7598876953125,328.94000244140625,328.5600891113281,328.739990234375,298633
2026-07-21 12:05:00-04:00,329.17999267578125,329.2099914550781,328.6700134277344,328.739990234375,204885
2026-07-21 12:10:00-04:00,329.57000732421875,329.6000061035156,328.989990234375,329.19500732421875,297106
2026-07-21 12:15:00-04:00,329.1700134277344,329.6000061035156,329.1000061035156,329.56500244140625,407849
2026-07-21 12:20:00-04:00,328.7799072265625,329.364990234375,328.6700134277344,329.17999267578125,295933
2026-07-21 12:25:00-04:00,328.6199951171875,328.9800109863281,328.55999755859375,328.79998779296875,254498
2026-07-21 12:30:00-04:00,328.7149963378906,328.8299865722656,328.28009033203125,328.6210021972656,283385
2026-07-21 12:35:00-04:00,328.25,328.7699890136719,328.2200012207031,328.7149963378906,283158
2026-07-21 12:40:00-04:00,327.95001220703125,328.32000732421875,327.57000732421875,328.239990234375,318529
2026-07-21 12:45:00-04:00,327.68499755859375,328.0,327.4599914550781,327.9551086425781,304754
2026-07-21 12:50:00-04:00,327.6199951171875,327.7699890136719,327.4150085449219,327.67999267578125,331924
2026-07-21 12:55:00-04:00,328.43011474609375,328.5,327.6400146484375,327.6400146484375,357354
2026-07-21 13:00:00-04:00,327.80999755859375,328.4599914550781,327.7099914550781,328.43499755859375,379283
2026-07-21 13:05:00-04:00,328.6098937988281,328.760009765625,327.80999755859375,327.80999755859375,346215
2026-07-21 13:10:00-04:00,328.2300109863281,328.7598876953125,328.0212097167969,328.5849914550781,266092
2026-07-21 13:15:00-04:00,328.0249938964844,328.3599853515625,327.760009765625,328.2200012207031,371589
2026-07-21 13:20:00-04:00,328.1600036621094,328.4898986816406,327.91009521484375,328.0199890136719,381750
2026-07-21 13:25:00-04:00,327.07000732421875,328.19000244140625,327.0,328.1650085449219,221117
2026-07-21 13:30:00-04:00,327.0299987792969,327.2900085449219,326.8200988769531,327.07000732421875,279202
2026-07-21 13:35:00-04:00,327.0299987792969,327.30999755859375,326.94000244140625,327.0000915527344,1141211
2026-07-21 13:40:00-04:00,326.8999938964844,327.1199951171875,326.7200012207031,327.04998779296875,192031
2026-07-21 13:45:00-04:00,327.20001220703125,327.2099914550781,326.9150085449219,326.9200134277344,210157
2026-07-21 13:50:00-04:00,327.69000244140625,327.7699890136719,327.20001220703125,327.20001220703125,272215
2026-07-21 13:55:00-04:00,327.6700134277344,327.8699951171875,327.4949951171875,327.70001220703125,197341
2026-07-21 14:00:00-04:00,327.4800109863281,327.7900085449219,327.42999267578125,327.67999267578125,207797
2026-07-21 14:05:00-04:00,327.2950134277344,327.5799865722656,327.2099914550781,327.489990234375,190217
2026-07-21 14:10:00-04:00,327.5,327.6090087890625,327.2200927734375,327.2950134277344,186401
2026-07-21 14:15:00-04:00,327.57000732421875,327.6199951171875,327.3301086425781,327.510009765625,173071
2026-07-21 14:20:00-04:00,327.15008544921875,327.57501220703125,327.1000061035156,327.57501220703125,214643
2026-07-21 14:25:00-04:00,327.239990234375,327.260009765625,326.94000244140625,327.15008544921875,334204
2026-07-21 14:30:00-04:00,327.489990234375,327.6199951171875,327.17999267578125,327.25,198518
2026-07-21 14:35:00-04:00,327.7699890136719,327.7799987792969,327.3699951171875,327.5150146484375,203446
2026-07-21 14:40:00-04:00,328.2099914550781,328.3399963378906,327.67999267578125,327.7699890136719,267182
2026-07-21 14:45:00-04:00,328.07000732421875,328.2799987792969,327.9800109863281,328.2099914550781,271364
2026-07-21 14:50:00-04:00,328.29998779296875,328.3349914550781,328.0299987792969,328.05999755859375,186201
2026-07-21 14:55:00-04:00,328.1600036621094,328.3900146484375,328.0899963378906,328.32000732421875,195357
2026-07-21 15:00:00-04:00,328.1199035644531,328.260009765625,327.9599914550781,328.1600036621094,188132
2026-07-21 15:05:00-04:00,328.2506103515625,328.30499267578125,328.010009765625,328.1099853515625,175667
2026-07-21 15:10:00-04:00,327.7049865722656,328.489990234375,327.6000061035156,328.25,410227
2026-07-21 15:15:00-04:00,328.0,328.1000061035156,327.67999267578125,327.7049865722656,331581
2026-07-21 15:20:00-04:00,327.5400085449219,328.010009765625,327.510009765625,328.0,263413
2026-07-21 15:25:00-04:00,327.93499755859375,328.0050048828125,327.5199890136719,327.53009033203125,300318
2026-07-21 15:30:00-04:00,327.7349853515625,328.1000061035156,327.57000732421875,327.92999267578125,440653
2026-07-21 15:35:00-04:00,327.810302734375,327.92999267578125,327.7099914550781,327.7200012207031,251597
2026-07-21 15:40:00-04:00,327.7699890136719,327.94500732421875,327.6099853515625,327.81500244140625,353059
2026-07-21 15:45:00-04:00,327.7799987792969,327.8900146484375,327.4049987792969,327.739990234375,374711
2026-07-21 15:50:00-04:00,327.82000732421875,328.1000061035156,327.1400146484375,327.7699890136719,712790
2026-07-21 15:55:00-04:00,327.5899963378906,328.0400085449219,327.5400085449219,327.82000732421875,1554912
2026-07-22 09:30:00-04:00,326.82000732421875,328.99951171875,326.2200012207031,327.875,1762636
2026-07-22 09:35:00-04:00,327.3699951171875,328.3699035644531,325.69000244140625,326.82000732421875,510808
2026-07-22 09:40:00-04:00,326.2049865722656,327.70001220703125,326.07000732421875,327.4206848144531,475066
2026-07-22 09:45:00-04:00,326.8999938964844,327.3299865722656,326.0799865722656,326.25,419080
2026-07-22 09:50:00-04:00,326.07000732421875,326.95001220703125,325.80999755859375,326.9100036621094,427360
2026-07-22 09:55:00-04:00,325.94000244140625,326.3699035644531,325.7200927734375,326.05999755859375,453310
2026-07-22 10:00:00-04:00,325.5199890136719,326.1481018066406,325.4200134277344,325.9599914550781,375374
2026-07-22 10:05:00-04:00,325.5000915527344,326.05999755859375,325.2250061035156,325.5199890136719,330172
2026-07-22 10:10:00-04:00,324.9750061035156,325.8599853515625,324.9150085449219,325.5450134277344,409054
2026-07-22 10:15:00-04:00,324.9599914550781,325.3800048828125,324.8800048828125,324.9750061035156,833134
2026-07-22 10:20:00-04:00,324.7699890136719,325.0450134277344,324.6000061035156,324.95001220703125,273092
2026-07-22 10:25:00-04:00,324.4750061035156,324.8999938964844,324.3299865722656,324.7699890136719,290519
2026-07-22 10:30:00-04:00,324.54998779296875,324.71990966796875,324.07000732421875,324.4949951171875,443807
2026-07-22 10:35:00-04:00,324.9700012207031,325.0,324.20001220703125,324.5400085449219,344155
2026-07-22 10:40:00-04:00,324.82989501953125,325.0,324.5,325.0,247777
2026-07-22 10:45:00-04:00,325.07501220703125,325.1025085449219,324.70001220703125,324.7799987792969,354383
2026-07-22 10:50:00-04:00,325.2933044433594,325.489990234375,324.82000732421875,325.0799865722656,435721
2026-07-22 10:55:00-04:00,325.6000061035156,325.614013671875,325.0199890136719,325.32000732421875,285815
2026-07-22 11:00:00-04:00,324.7959899902344,325.6698913574219,324.7200012207031,325.6000061035156,287366
2026-07-22 11:05:00-04:00,324.6659851074219,324.8599853515625,324.3800048828125,324.8299865722656,240056
2026-07-22 11:10:00-04:00,324.32501220703125,324.7701110839844,324.1199951171875,324.6827087402344,291477
2026-07-22 11:15:00-04:00,324.4949951171875,324.510009765625,324.2099914550781,324.29998779296875,182706
2026-07-22 11:20:00-04:00,324.989990234375,325.1000061035156,324.33349609375,324.5,323299
2026-07-22 11:25:00-04:00,325.79998779296875,325.80999755859375,324.9230041503906,324.9801025390625,263856
2026-07-22 11:30:00-04:00,325.3450012207031,325.8900146484375,325.260009765625,325.7650146484375,972980
2026-07-22 11:35:00-04:00,325.3599853515625,325.5,325.21099853515625,325.3599853515625,203843
2026-07-22 11:40:00-04:00,325.364990234375,325.4599914550781,325.20001220703125,325.3699951171875,185221
2026-07-22 11:45:00-04:00,325.260009765625,325.3800048828125,324.95001220703125,325.3699951171875,289594
2026-07-22 11:50:00-04:00,325.3699951171875,325.45001220703125,325.0,325.2900085449219,133552
2026-07-22 11:55:00-04:00,325.05999755859375,325.5,324.92999267578125,325.3399963378906,245259
2026-07-22 12:00:00-04:00,324.5400085449219,325.1000061035156,324.3999938964844,325.0799865722656,353807
2026-07-22 12:05:00-04:00,324.6499938964844,324.80499267578125,324.3699951171875,324.5274963378906,200973
2026-07-22 12:10:00-04:00,324.45001220703125,324.67999267578125,324.42999267578125,324.6400146484375,173650
2026-07-22 12:15:00-04:00,324.8699951171875,324.92999267578125,324.45001220703125,324.4599914550781,178941
2026-07-22 12:20:00-04:00,324.8900146484375,325.03900146484375,324.59051513671875,324.8599853515625,180053
2026-07-22 12:25:00-04:00,324.885009765625,324.95001220703125,324.739990234375,324.8800048828125,963947
2026-07-22 12:30:00-04:00,324.0350036621094,324.95001220703125,324.0350036621094,324.885009765625,328298
2026-07-22 12:35:00-04:00,323.94989013671875,324.1600036621094,323.80999755859375,324.03009033203125,361853
2026-07-22 12:40:00-04:00,324.5299987792969,324.5299987792969,323.9549865722656,323.9649963378906,241038
2026-07-22 12:45:00-04:00,324.2699890136719,324.6400146484375,324.2699890136719,324.5299987792969,180548
2026-07-22 12:50:00-04:00,324.18499755859375,324.3999938964844,324.1000061035156,324.2900085449219,247123
2026-07-22 12:55:00-04:00,324.2099914550781,324.29998779296875,324.07000732421875,324.1700134277344,207372
2026-07-22 13:00:00-04:00,323.9700012207031,324.260009765625,323.8900146484375,324.2117004394531,442669
2026-07-22 13:05:00-04:00,323.9700012207031,324.0899963378906,323.8299865722656,323.9700012207031,201075
2026-07-22 13:10:00-04:00,323.9599914550781,324.0050048828125,323.5899963378906,323.9700012207031,238977
2026-07-22 13:15:00-04:00,323.80999755859375,324.1300048828125,323.75,323.95001220703125,171376
2026-07-22 13:20:00-04:00,323.610107421875,323.8399963378906,323.4700012207031,323.8399963378906,189403
2026-07-22 13:25:00-04:00,323.6650085449219,323.79998779296875,323.3399963378906,323.6099853515625,185385
2026-07-22 13:30:00-04:00,323.77508544921875,323.8699951171875,323.55499267578125,323.6650085449219,157911
2026-07-22 13:35:00-04:00,323.739990234375,323.8999938964844,323.7149963378906,323.7799987792969,142615
2026-07-22 13:40:00-04:00,323.8999938964844,324.0050048828125,323.6000061035156,323.739990234375,146472
2026-07-22 13:45:00-04:00,323.80999755859375,323.9200134277344,323.70001220703125,323.8900146484375,93503
2026-07-22 13:50:00-04:00,323.8999938964844,323.9599914550781,323.7349853515625,323.80499267578125,121953
2026-07-22 13:55:00-04:00,323.93499755859375,323.9549865722656,323.82000732421875,323.8900146484375,125586
2026-07-22 14:00:00-04:00,323.77508544921875,323.9800109863281,323.6099853515625,323.93499755859375,164793
2026-07-22 14:05:00-04:00,323.82000732421875,323.989990234375,323.70001220703125,323.7749938964844,159615
2026-07-22 14:10:00-04:00,323.8800048828125,324.0199890136719,323.79998779296875,323.8349914550781,171473
2026-07-22 14:15:00-04:00,323.8550109863281,323.9700012207031,323.7149963378906,323.8699951171875,134430
2026-07-22 14:20:00-04:00,323.9150085449219,323.9599914550781,323.8110046386719,323.8550109863281,119007
2026-07-22 14:25:00-04:00,323.92999267578125,324.0,323.9150085449219,323.9150085449219,110883
2026-07-22 14:30:00-04:00,324.1549987792969,324.239990234375,323.8299865722656,323.9299011230469,262679
2026-07-22 14:35:00-04:00,324.3699951171875,324.39990234375,323.94500732421875,324.1400146484375,212100
2026-07-22 14:40:00-04:00,324.42999267578125,324.4999084472656,324.32000732421875,324.3800048828125,175677
2026-07-22 14:45:00-04:00,324.6499938964844,324.69000244140625,324.3299865722656,324.42999267578125,199929
2026-07-22 14:50:00-04:00,324.3999938964844,324.70001220703125,324.32000732421875,324.6449890136719,231090
2026-07-22 14:55:00-04:00,324.29998779296875,324.42999267578125,324.17999267578125,324.3900146484375,198903
2026-07-22 15:00:00-04:00,324.260009765625,324.5050048828125,324.19500732421875,324.29998779296875,225098
2026-07-22 15:05:00-04:00,324.45001220703125,324.5,324.1600036621094,324.260009765625,190935
2026-07-22 15:10:00-04:00,324.42498779296875,324.489990234375,324.2049865722656,324.44500732421875,180632
2026-07-22 15:15:00-04:00,324.3500061035156,324.57000732421875,324.260009765625,324.42999267578125,253452
2026-07-22 15:20:00-04:00,324.3984069824219,324.57000732421875,324.2699890136719,324.3500061035156,215744
2026-07-22 15:25:00-04:00,324.44000244140625,324.510009765625,324.2799987792969,324.4049987792969,186164
2026-07-22 15:30:00-04:00,324.2699890136719,324.5400085449219,324.1449890136719,324.44000244140625,241038
2026-07-22 15:35:00-04:00,324.375,324.3999938964844,324.05499267578125,324.2699890136719,240614
2026-07-22 15:40:00-04:00,324.45001220703125,324.6000061035156,323.9800109863281,324.3699951171875,663473
2026-07-22 15:45:00-04:00,325.67999267578125,325.739990234375,324.4100036621094,324.44500732421875,793368
2026-07-22 15:50:00-04:00,326.3800048828125,326.9100036621094,325.3299865722656,325.70001220703125,1739015
2026-07-22 15:55:00-04:00,325.8699951171875,326.7300109863281,325.8500061035156,326.3599853515625,1791877
2026-07-23 09:30:00-04:00,321.8949890136719,323.1199951171875,320.80499267578125,321.7300109863281,2464498
2026-07-23 09:35:00-04:00,321.625,323.29998779296875,321.57000732421875,321.840087890625,506021
2026-07-23 09:40:00-04:00,320.8399963378906,322.0199890136719,320.8399963378906,321.6050109863281,554961
2026-07-23 09:45:00-04:00,319.5350036621094,321.07000732421875,319.4700012207031,320.8800048828125,875750
2026-07-23 09:50:00-04:00,319.6000061035156,320.3599853515625,319.3500061035156,319.5450134277344,533780
2026-07-23 09:55:00-04:00,320.1600036621094,320.4800109863281,319.510009765625,319.635009765625,538040
2026-07-23 10:00:00-04:00,321.57000732421875,321.7300109863281,319.82000732421875,320.1499938964844,517697
2026-07-23 10:05:00-04:00,320.7650146484375,321.92999267578125,320.7200012207031,321.5799865722656,364716
2026-07-23 10:10:00-04:00,320.80999755859375,321.07501220703125,319.95001220703125,320.7699890136719,522567
2026-07-23 10:15:00-04:00,320.75,321.3599853515625,320.2200012207031,320.80499267578125,335494
2026-07-23 10:20:00-04:00,321.3900146484375,321.760009765625,320.6199951171875,320.7449951171875,336612
2026-07-23 10:25:00-04:00,321.489990234375,321.625,321.2300109863281,321.4100036621094,258033
2026-07-23 10:30:00-04:00,322.2799987792969,322.5,321.4649963378906,321.4649963378906,389355
2026-07-23 10:35:00-04:00,322.67999267578125,322.9100036621094,322.1099853515625,322.2799987792969,273354
2026-07-23 10:40:00-04:00,321.8699951171875,322.79998779296875,321.5799865722656,322.7056884765625,222787
2026-07-23 10:45:00-04:00,321.3100891113281,322.0199890136719,321.2301025390625,321.8900146484375,296346
2026-07-23 10:50:00-04:00,321.1300048828125,321.30999755859375,320.8399963378906,321.30999755859375,275762
2026-07-23 10:55:00-04:00,321.2699890136719,321.31988525390625,320.9100036621094,321.1300048828125,282589
2026-07-23 11:00:00-04:00,321.3550109863281,321.6499938964844,321.0299987792969,321.2850036621094,361496
2026-07-23 11:05:00-04:00,321.42999267578125,321.7300109863281,320.7149963378906,321.3399963378906,484910
2026-07-23 11:10:00-04:00,321.8500061035156,322.010009765625,321.3399963378906,321.4700012207031,340971
2026-07-23 11:15:00-04:00,321.9700012207031,322.1400146484375,321.5199890136719,321.82000732421875,247904
2026-07-23 11:20:00-04:00,321.4400939941406,322.2900085449219,321.30999755859375,321.9700012207031,512306
2026-07-23 11:25:00-04:00,321.2799987792969,321.57989501953125,321.1700134277344,321.4599914550781,276186
2026-07-23 11:30:00-04:00,321.07000732421875,321.32000732421875,320.75,321.2900085449219,234752
2026-07-23 11:35:00-04:00,320.9750061035156,321.1300048828125,320.5799865722656,321.1300048828125,303940
2026-07-23 11:40:00-04:00,320.8599853515625,321.1499938964844,320.5799865722656,321.0199890136719,204176
2026-07-23 11:45:00-04:00,320.739990234375,321.0299987792969,320.44000244140625,320.8599853515625,221072
2026-07-23 11:50:00-04:00,320.7049865722656,320.7550048828125,320.4649963378906,320.739990234375,189835
2026-07-23 11:55:00-04:00,320.8599853515625,320.9849853515625,320.55999755859375,320.71319580078125,160021
2026-07-23 12:00:00-04:00,320.55999755859375,321.0,320.3599853515625,320.8999938964844,183944
2026-07-23 12:05:00-04:00,321.2300109863281,321.3299865722656,320.3399963378906,320.54998779296875,205434
2026-07-23 12:10:00-04:00,321.45001220703125,321.54998779296875,321.1449890136719,321.2449951171875,191690
2026-07-23 12:15:00-04:00,321.0101013183594,321.5101013183594,320.8900146484375,321.4649963378906,189908
2026-07-23 12:20:00-04:00,321.3399963378906,321.4700012207031,320.80499267578125,321.0299987792969,339284
2026-07-23 12:25:00-04:00,320.3598937988281,321.3699951171875,320.07000732421875,321.31500244140625,2367880
2026-07-23 12:30:00-04:00,320.1151123046875,320.3949890136719,320.0,320.30999755859375,257113
2026-07-23 12:35:00-04:00,320.30499267578125,320.3500061035156,320.04998779296875,320.125,187224
2026-07-23 12:40:00-04:00,320.55999755859375,320.55999755859375,320.1600036621094,320.30499267578125,232826
2026-07-23 12:45:00-04:00,320.3550109863281,320.75,320.30999755859375,320.5400085449219,198947
2026-07-23 12:50:00-04:00,320.489990234375,320.67498779296875,320.25,320.3399963378906,182592
2026-07-23 12:55:00-04:00,320.6105041503906,320.8599853515625,320.3900146484375,320.489990234375,231761
2026-07-23 13:00:00-04:00,320.6300964355469,321.010009765625,320.55499267578125,320.6199951171875,190605
2026-07-23 13:05:00-04:00,320.6300048828125,320.7300109863281,320.3399963378906,320.6549987792969,191803
2026-07-23 13:10:00-04:00,320.6300048828125,320.7300109863281,320.55999755859375,320.6449890136719,155093
2026-07-23 13:15:00-04:00,320.3900146484375,320.6700134277344,320.29998779296875,320.635009765625,151890
2026-07-23 13:20:00-04:00,320.80999755859375,320.80999755859375,320.3500061035156,320.3999938964844,125131
2026-07-23 13:25:00-04:00,320.8699951171875,321.04998779296875,320.80999755859375,320.82000732421875,135723
2026-07-23 13:30:00-04:00,320.7449951171875,321.04998779296875,320.6700134277344,320.8700866699219,147971
2026-07-23 13:35:00-04:00,320.5299987792969,320.7799987792969,320.3599853515625,320.7449951171875,191098
2026-07-23 13:40:00-04:00,320.6600036621094,320.739990234375,320.44000244140625,320.5299987792969,185728
2026-07-23 13:45:00-04:00,321.1706848144531,321.20001220703125,320.54998779296875,320.6400146484375,170784
2026-07-23 13:50:00-04:00,320.885009765625,321.39898681640625,320.8699951171875,321.1700134277344,194681
2026-07-23 13:55:00-04:00,320.51239013671875,320.92999267578125,320.3800048828125,320.8699951171875,199717
2026-07-23 14:00:00-04:00,320.4549865722656,320.64801025390625,320.3500061035156,320.510009765625,225987
2026-07-23 14:05:00-04:00,320.0799865722656,320.44000244140625,320.0,320.44000244140625,507750
2026-07-23 14:10:00-04:00,320.1499938964844,320.239990234375,320.0299987792969,320.0849914550781,193627
2026-07-23 14:15:00-04:00,320.1680908203125,320.3900146484375,320.1000061035156,320.1400146484375,169194
2026-07-23 14:20:00-04:00,320.3992004394531,320.44000244140625,320.1600036621094,320.1700134277344,165612
2026-07-23 14:25:00-04:00,320.2699890136719,320.4200134277344,320.0299987792969,320.3949890136719,198900
2026-07-23 14:30:00-04:00,320.1300048828125,320.494384765625,320.1300048828125,320.2749938964844,178592
2026-07-23 14:35:00-04:00,319.875,320.17999267578125,319.80999755859375,320.1300048828125,1080142
2026-07-23 14:40:00-04:00,320.0050048828125,320.1000061035156,319.760009765625,319.8699951171875,234401
2026-07-23 14:45:00-04:00,320.4100036621094,320.42999267578125,320.0199890136719,320.0199890136719,200339
2026-07-23 14:50:00-04:00,320.1400146484375,320.4150085449219,320.0899963378906,320.3999938964844,161050
2026-07-23 14:55:00-04:00,320.7200012207031,320.7200012207031,320.1300048828125,320.1549987792969,187845
2026-07-23 15:00:00-04:00,320.7799987792969,321.0150146484375,320.7099914550781,320.7099914550781,178398
2026-07-23 15:05:00-04:00,320.7900085449219,321.010009765625,320.6499938964844,320.7799987792969,338033
2026-07-23 15:10:00-04:00,320.7200012207031,320.82830810546875,320.3500061035156,320.7799987792969,322405
2026-07-23 15:15:00-04:00,320.7699890136719,320.8900146484375,320.57000732421875,320.7250061035156,226591
2026-07-23 15:20:00-04:00,321.010009765625,321.20001220703125,320.79998779296875,320.80499267578125,305532
2026-07-23 15:25:00-04:00,320.4198913574219,321.1000061035156,320.3299865722656,321.0,344464
2026-07-23 15:30:00-04:00,320.32000732421875,320.4800109863281,320.0400085449219,320.3800048828125,298193
2026-07-23 15:35:00-04:00,320.6700134277344,320.69000244140625,320.17999267578125,320.32000732421875,296894
2026-07-23 15:40:00-04:00,321.1199951171875,321.2250061035156,320.6700134277344,320.6700134277344,446967
2026-07-23 15:45:00-04:00,320.7300109863281,321.2300109863281,320.6499938964844,321.1099853515625,333862
2026-07-23 15:50:00-04:00,320.9599914550781,321.30999755859375,320.45001220703125,320.7699890136719,771399
2026-07-23 15:55:00-04:00,321.6099853515625,321.9800109863281,321.0098876953125,321.0299987792969,2134404
2026-07-24 09:30:00-04:00,324.67999267578125,325.3500061035156,321.6199951171875,322.0400085449219,1420156
2026-07-24 09:35:00-04:00,325.20001220703125,325.8699035644531,324.5899963378906,324.7099914550781,615293
2026-07-24 09:40:00-04:00,325.6700134277344,325.989990234375,324.92999267578125,325.18499755859375,622902
2026-07-24 09:45:00-04:00,326.80999755859375,327.510009765625,325.5,325.6099853515625,1067835
2026-07-24 09:50:00-04:00,327.3800048828125,327.3900146484375,326.1199951171875,326.79998779296875,601656
2026-07-24 09:55:00-04:00,326.864990234375,327.760009765625,326.7300109863281,327.3800048828125,628749
2026-07-24 10:00:00-04:00,327.3800048828125,327.7349853515625,326.7860107421875,326.8599853515625,633922
2026-07-24 10:05:00-04:00,328.1300048828125,328.2398986816406,327.3100891113281,327.3699951171875,630564
2026-07-24 10:10:00-04:00,328.0199890136719,328.6499938964844,328.0,328.1199951171875,776297
2026-07-24 10:15:00-04:00,328.2099914550781,328.57000732421875,327.79998779296875,328.0299987792969,443853
2026-07-24 10:20:00-04:00,329.29998779296875,329.3999938964844,328.1099853515625,328.2001037597656,605146
2026-07-24 10:25:00-04:00,328.79998779296875,329.4389953613281,328.55999755859375,329.2850036621094,524686
2026-07-24 10:30:00-04:00,329.2099914550781,329.3699951171875,328.7099914550781,328.7950134277344,457142
2026-07-24 10:35:00-04:00,329.30999755859375,329.6482849121094,329.1400146484375,329.2170104980469,448302
2026-07-24 10:40:00-04:00,329.4049987792969,329.7900085449219,329.3132019042969,329.32000732421875,590776
2026-07-24 10:45:00-04:00,329.4150085449219,329.6400146484375,329.2099914550781,329.4100036621094,452967
2026-07-24 10:50:00-04:00,329.70001220703125,330.1899108886719,329.18011474609375,329.4049987792969,731983
2026-07-24 10:55:00-04:00,329.9649963378906,330.2300109863281,329.510009765625,329.67999267578125,549982
2026-07-24 11:00:00-04:00,330.4100036621094,330.4800109863281,329.7099914550781,329.9599914550781,420307
2026-07-24 11:05:00-04:00,330.3550109863281,330.6400146484375,330.1099853515625,330.3999938964844,426848
2026-07-24 11:10:00-04:00,331.2699890136719,331.3999938964844,330.1400146484375,330.3550109863281,699631
2026-07-24 11:15:00-04:00,331.1400146484375,331.6199951171875,331.0199890136719,331.28460693359375,667424
2026-07-24 11:20:00-04:00,331.4100036621094,331.5199890136719,331.0899963378906,331.1650085449219,371621
2026-07-24 11:25:00-04:00,331.7650146484375,331.92999267578125,331.3299865722656,331.4150085449219,454742
2026-07-24 11:30:00-04:00,332.260009765625,332.29998779296875,331.6700134277344,331.7749938964844,481680
2026-07-24 11:35:00-04:00,332.6499938964844,332.67999267578125,332.2200012207031,332.2598876953125,651001
2026-07-24 11:40:00-04:00,332.80999755859375,333.260986328125,332.6300048828125,332.6499938964844,729480
2026-07-24 11:45:00-04:00,332.9150085449219,333.1600036621094,332.7200012207031,332.80999755859375,410215
2026-07-24 11:50:00-04:00,333.3598937988281,333.6400146484375,332.9200134277344,332.9200134277344,596746
2026-07-24 11:55:00-04:00,333.04998779296875,333.3999938964844,332.8599853515625,333.3299865722656,678805
2026-07-24 12:00:00-04:00,333.7449951171875,333.80999755859375,333.0,333.0400085449219,519923
2026-07-24 12:05:00-04:00,333.07000732421875,334.1000061035156,333.0304870605469,333.760009765625,760466
2026-07-24 12:10:00-04:00,333.2101135253906,333.2799987792969,332.6600036621094,333.0799865722656,487470
2026-07-24 12:15:00-04:00,333.6700134277344,333.75,332.9599914550781,333.2200012207031,437513
2026-07-24 12:20:00-04:00,333.94000244140625,334.3699951171875,333.6000061035156,333.6600036621094,521978
2026-07-24 12:25:00-04:00,333.7200012207031,334.2300109863281,333.6300048828125,333.94000244140625,346421
2026-07-24 12:30:00-04:00,333.5249938964844,333.8294982910156,333.3599853515625,333.69500732421875,349181
2026-07-24 12:35:00-04:00,333.760009765625,333.9075012207031,333.5,333.5350036621094,288236
2026-07-24 12:40:00-04:00,333.5799865722656,333.92999267578125,333.4599914550781,333.7304992675781,295363
2026-07-24 12:45:00-04:00,333.0450134277344,333.7200012207031,332.94000244140625,333.5299987792969,307172
2026-07-24 12:50:00-04:00,332.95001220703125,333.1499938964844,332.6820068359375,333.0199890136719,282075
2026-07-24 12:55:00-04:00,333.1820068359375,333.20001220703125,332.8100891113281,332.95001220703125,239281
2026-07-24 13:00:00-04:00,332.8949890136719,333.5400085449219,332.8700866699219,333.19000244140625,335507
2026-07-24 13:05:00-04:00,332.6549987792969,334.2200012207031,332.5,332.9200134277344,577529
2026-07-24 13:10:00-04:00,332.5,332.8800048828125,332.3800048828125,332.6549987792969,271772
2026-07-24 13:15:00-04:00,332.4601135253906,332.7699890136719,332.30999755859375,332.5400085449219,305402
2026-07-24 13:20:00-04:00,332.2799987792969,332.70001220703125,332.1617126464844,332.489990234375,365066
2026-07-24 13:25:00-04:00,332.3999938964844,332.4599914550781,332.1505126953125,332.25048828125,230163
2026-07-24 13:30:00-04:00,332.8599853515625,333.19000244140625,332.3599853515625,332.3949890136719,400117
2026-07-24 13:35:00-04:00,332.8500061035156,333.0299987792969,332.6000061035156,332.8599853515625,230591
2026-07-24 13:40:00-04:00,332.9200134277344,333.07989501953125,332.6942138671875,332.8900146484375,182847
2026-07-24 13:45:00-04:00,332.9949951171875,333.1000061035156,332.79998779296875,332.9200134277344,229762
2026-07-24 13:50:00-04:00,332.9150085449219,333.0400085449219,332.75,333.0,155867
2026-07-24 13:55:00-04:00,332.6499938964844,332.95001220703125,332.6300048828125,332.9200134277344,186154
2026-07-24 14:00:00-04:00,332.7550048828125,332.8500061035156,332.6300048828125,332.6449890136719,199448
2026-07-24 14:05:00-04:00,332.7601013183594,333.1698913574219,332.75,332.7699890136719,234761
2026-07-24 14:10:00-04:00,332.44000244140625,332.8782958984375,332.42999267578125,332.7799987792969,192176
2026-07-24 14:15:00-04:00,332.5899963378906,332.75,332.3699951171875,332.44000244140625,210051
2026-07-24 14:20:00-04:00,332.3999938964844,332.6300048828125,332.2900085449219,332.57501220703125,205454
2026-07-24 14:25:00-04:00,332.2650146484375,332.4549865722656,332.1400146484375,332.4150085449219,353353
2026-07-24 14:30:00-04:00,332.19000244140625,332.4800109863281,332.05999755859375,332.2650146484375,323562
2026-07-24 14:35:00-04:00,332.5299987792969,332.6199951171875,332.1099853515625,332.20001220703125,459791
2026-07-24 14:40:00-04:00,332.2300109863281,332.5400085449219,332.05999755859375,332.5299987792969,341658
2026-07-24 14:45:00-04:00,332.67999267578125,332.68499755859375,332.20001220703125,332.2099914550781,244720
2026-07-24 14:50:00-04:00,332.9800109863281,333.1099853515625,332.69000244140625,332.69000244140625,326608
2026-07-24 14:55:00-04:00,332.92999267578125,333.1700134277344,332.8399963378906,332.9849853515625,266779
2026-07-24 15:00:00-04:00,333.0799865722656,333.2200012207031,332.9100036621094,332.9599914550781,1889879
2026-07-24 15:05:00-04:00,332.6099853515625,333.2300109863281,332.5400085449219,333.0899963378906,922372
2026-07-24 15:10:00-04:00,332.760009765625,333.0299987792969,332.57000732421875,332.5899963378906,430893
2026-07-24 15:15:00-04:00,333.07000732421875,333.0899963378906,332.4800109863281,332.739990234375,424390
2026-07-24 15:20:00-04:00,332.79998779296875,333.1000061035156,332.6199951171875,333.05499267578125,288215
2026-07-24 15:25:00-04:00,332.489990234375,332.8399963378906,332.4599914550781,332.80499267578125,329185
2026-07-24 15:30:00-04:00,332.3800048828125,332.55999755859375,332.3599853515625,332.4800109863281,407830
2026-07-24 15:35:00-04:00,332.3399963378906,332.7200012207031,332.260009765625,332.3800048828125,447653
2026-07-24 15:40:00-04:00,332.7650146484375,332.7699890136719,332.32000732421875,332.3399963378906,424211
2026-07-24 15:45:00-04:00,331.9800109863281,332.8599853515625,331.8500061035156,332.7550048828125,603374
2026-07-24 15:50:00-04:00,333.239990234375,333.45001220703125,331.9501037597656,331.9700012207031,1040831
2026-07-24 15:55:00-04:00,333.07000732421875,333.42999267578125,332.75,333.260009765625,1795824
2026-07-27 09:30:00-04:00,335.5450134277344,337.1199951171875,334.1000061035156,334.8999938964844,2928029
2026-07-27 09:35:00-04:00,335.7349853515625,336.510009765625,334.2799987792969,335.5400085449219,849389
2026-07-27 09:40:00-04:00,335.05999755859375,336.05950927734375,334.9200134277344,335.760009765625,639753
2026-07-27 09:45:00-04:00,335.35009765625,336.7799987792969,334.8999938964844,335.0199890136719,814452
2026-07-27 09:50:00-04:00,334.7850036621094,335.44000244140625,334.55999755859375,335.3999938964844,716779
2026-07-27 09:55:00-04:00,335.5849914550781,335.6600036621094,334.0199890136719,334.7799987792969,713137
2026-07-27 10:00:00-04:00,335.7300109863281,336.8999938964844,335.260009765625,335.6199951171875,944045
2026-07-27 10:05:00-04:00,336.3500061035156,336.789794921875,335.6499938964844,335.7651062011719,454799
2026-07-27 10:10:00-04:00,336.6000061035156,336.7799987792969,335.8999938964844,336.3515930175781,681479
2026-07-27 10:15:00-04:00,337.6300048828125,337.8699951171875,336.57000732421875,336.6000061035156,847584
2026-07-27 10:20:00-04:00,337.7300109863281,338.1400146484375,337.1217041015625,337.6300048828125,938065
2026-07-27 10:25:00-04:00,337.69000244140625,337.92999267578125,337.04998779296875,337.739990234375,743293
2026-07-27 10:30:00-04:00,337.3500061035156,337.8500061035156,336.79998779296875,337.70001220703125,931636
2026-07-27 10:35:00-04:00,337.6700134277344,337.7200012207031,336.9599914550781,337.2900085449219,804057
2026-07-27 10:40:00-04:00,336.32501220703125,337.90899658203125,336.2300109863281,337.7300109863281,920622
2026-07-27 10:45:00-04:00,337.3699951171875,337.5799865722656,336.1199951171875,336.32501220703125,715122
2026-07-27 10:50:00-04:00,336.9700012207031,337.510009765625,336.61749267578125,337.3900146484375,462980
2026-07-27 10:55:00-04:00,338.20001220703125,338.33990478515625,336.94000244140625,336.9700012207031,780411
2026-07-27 11:00:00-04:00,339.1000061035156,339.5,338.17999267578125,338.25,1064323
2026-07-27 11:05:00-04:00,338.5899963378906,339.4200134277344,338.57000732421875,339.1099853515625,629841
2026-07-27 11:10:00-04:00,339.04998779296875,339.20001220703125,338.55999755859375,338.6300048828125,366746
2026-07-27 11:15:00-04:00,338.8399963378906,339.2099914550781,338.6099853515625,339.04998779296875,396777
2026-07-27 11:20:00-04:00,338.5801086425781,338.9695129394531,338.260498046875,338.864990234375,401964
2026-07-27 11:25:00-04:00,338.739990234375,338.8999938964844,338.44000244140625,338.5950927734375,288263
2026-07-27 11:30:00-04:00,339.3699951171875,339.57000732421875,338.5723876953125,338.7300109863281,535701
2026-07-27 11:35:00-04:00,337.4700012207031,339.3500061035156,337.3800048828125,339.3500061035156,1965662
2026-07-27 11:40:00-04:00,338.260009765625,338.3320007324219,337.0899963378906,337.5,481401
2026-07-27 11:45:00-04:00,338.2300109863281,338.55999755859375,337.8500061035156,338.2898864746094,320882
2026-07-27 11:50:00-04:00,337.9399108886719,338.42498779296875,337.6700134277344,338.30999755859375,309782
2026-07-27 11:55:00-04:00,337.06500244140625,337.9549865722656,336.75,337.92999267578125,1362368
2026-07-27 12:00:00-04:00,337.2301025390625,337.4599914550781,336.95001220703125,337.0400085449219,367883
2026-07-27 12:05:00-04:00,337.20001220703125,337.2799987792969,337.0299987792969,337.2650146484375,172334
2026-07-27 12:10:00-04:00,337.30999755859375,337.5299987792969,337.10009765625,337.1900939941406,227535
2026-07-27 12:15:00-04:00,337.4800109863281,337.8800048828125,337.19500732421875,337.3299865722656,232393
2026-07-27 12:20:00-04:00,337.489990234375,337.69000244140625,337.29998779296875,337.4849853515625,238375
2026-07-27 12:25:00-04:00,337.4501037597656,338.0,337.32000732421875,337.510009765625,340041
2026-07-27 12:30:00-04:00,337.7200012207031,337.75,337.4150085449219,337.4599914550781,192600
2026-07-27 12:35:00-04:00,337.43499755859375,338.1300048828125,337.385009765625,337.7200012207031,227408
2026-07-27 12:40:00-04:00,336.7349853515625,337.5299987792969,336.57000732421875,337.45001220703125,356373
2026-07-27 12:45:00-04:00,336.45001220703125,336.79998779296875,336.3999938964844,336.739990234375,264497
2026-07-27 12:50:00-04:00,336.37298583984375,336.6000061035156,336.1300048828125,336.4552917480469,240665
2026-07-27 12:55:00-04:00,336.6600036621094,336.7200012207031,336.0199890136719,336.3800048828125,406191
2026-07-27 13:00:00-04:00,336.07501220703125,336.7850036621094,336.0400085449219,336.67999267578125,214053
2026-07-27 13:05:00-04:00,336.260009765625,336.2799987792969,335.91070556640625,336.1099853515625,258657
2026-07-27 13:10:00-04:00,336.3392028808594,336.45989990234375,336.1000061035156,336.2850036621094,384900
2026-07-27 13:15:00-04:00,335.9200134277344,336.3851013183594,335.67999267578125,336.3299865722656,244591
2026-07-27 13:20:00-04:00,336.4200134277344,336.44000244140625,335.79998779296875,335.94500732421875,212975
2026-07-27 13:25:00-04:00,336.04998779296875,336.75,336.0199890136719,336.44989013671875,311718
2026-07-27 13:30:00-04:00,336.4200134277344,336.439697265625,336.0,336.07000732421875,210781
2026-07-27 13:35:00-04:00,336.5299987792969,336.79998779296875,336.3013000488281,336.42498779296875,194237
2026-07-27 13:40:00-04:00,336.260009765625,336.55999755859375,336.1099853515625,336.5299987792969,183726
2026-07-27 13:45:00-04:00,335.8500061035156,336.29998779296875,335.8200988769531,336.2699890136719,208571
2026-07-27 13:50:00-04:00,336.0400085449219,336.0400085449219,335.36199951171875,335.864990234375,517805
2026-07-27 13:55:00-04:00,335.5174865722656,336.1098937988281,335.30999755859375,336.0400085449219,368778
2026-07-27 14:00:00-04:00,335.4132080078125,335.5799865722656,335.04998779296875,335.5400085449219,208857
2026-07-27 14:05:00-04:00,335.739990234375,335.8599853515625,335.3500061035156,335.4049987792969,377576
2026-07-27 14:10:00-04:00,335.63299560546875,335.8800048828125,335.63299560546875,335.760009765625,197648
2026-07-27 14:15:00-04:00,335.6199951171875,336.0,335.4601135253906,335.6300048828125,261153
2026-07-27 14:20:00-04:00,335.6449890136719,335.82000732421875,335.5799865722656,335.6199951171875,182728
2026-07-27 14:25:00-04:00,335.1499938964844,335.7200012207031,335.0754089355469,335.6300048828125,229047
2026-07-27 14:30:00-04:00,334.8598937988281,335.1700134277344,334.7699890136719,335.1499938964844,321973
2026-07-27 14:35:00-04:00,335.0,335.05999755859375,334.7099914550781,334.8399963378906,213569
2026-07-27 14:40:00-04:00,335.0400085449219,335.19000244140625,334.70001220703125,334.9949951171875,406625
2026-07-27 14:45:00-04:00,335.090087890625,335.4599914550781,335.0050048828125,335.0400085449219,231944
2026-07-27 14:50:00-04:00,335.75,335.84228515625,335.1000061035156,335.1000061035156,214806
2026-07-27 14:55:00-04:00,335.8500061035156,336.239990234375,335.664794921875,335.79998779296875,215141
2026-07-27 15:00:00-04:00,335.3031005859375,335.8500061035156,335.2799987792969,335.8500061035156,203768
2026-07-27 15:05:00-04:00,335.5350036621094,335.6600036621094,335.25,335.29998779296875,189372
2026-07-27 15:10:00-04:00,335.6000061035156,335.8299865722656,335.5,335.6000061035156,265040
2026-07-27 15:15:00-04:00,335.6000061035156,335.7897033691406,335.54168701171875,335.5799865722656,209804
2026-07-27 15:20:00-04:00,335.8500061035156,335.95001220703125,335.5199890136719,335.6199951171875,307184
2026-07-27 15:25:00-04:00,335.7200012207031,335.92999267578125,335.6700134277344,335.8550109863281,707447
2026-07-27 15:30:00-04:00,336.01031494140625,336.114990234375,335.6499938964844,335.7200012207031,343578
2026-07-27 15:35:00-04:00,336.2900085449219,336.44000244140625,335.94500732421875,336.010009765625,333083
2026-07-27 15:40:00-04:00,336.2300109863281,336.3800048828125,336.114990234375,336.2900085449219,326249
2026-07-27 15:45:00-04:00,336.3500061035156,336.36199951171875,335.7200012207031,336.2349853515625,470230
2026-07-27 15:50:00-04:00,337.1199951171875,337.1300048828125,336.3500061035156,336.3500061035156,632128
2026-07-27 15:55:00-04:00,336.9200134277344,337.2200012207031,336.69000244140625,337.1300048828125,1509242
2026-07-28 09:30:00-04:00,339.4700012207031,342.8900146484375,337.7099914550781,340.0299987792969,4297799
2026-07-28 09:35:00-04:00,338.75,340.4200134277344,338.6000061035156,339.4700012207031,1433167
2026-07-28 09:40:00-04:00,338.42999267578125,339.4150085449219,338.1199951171875,338.69000244140625,1186384
2026-07-28 09:45:00-04:00,337.93499755859375,338.8550109863281,337.5299987792969,338.4200134277344,957476
2026-07-28 09:50:00-04:00,338.25,339.6011047363281,337.8349914550781,337.9150085449219,1182046
2026-07-28 09:55:00-04:00,337.5,338.74920654296875,337.1499938964844,338.239990234375,708972
2026-07-28 10:00:00-04:00,336.3500061035156,338.1199951171875,336.0400085449219,337.5799865722656,714041
2026-07-28 10:05:00-04:00,336.635009765625,337.5599060058594,335.6000061035156,336.3500061035156,739904
2026-07-28 10:10:00-04:00,336.8800048828125,336.9700012207031,336.0,336.6449890136719,560306
2026-07-28 10:15:00-04:00,337.4150085449219,337.7950134277344,336.95001220703125,336.96990966796875,731298
2026-07-28 10:20:00-04:00,337.7200012207031,338.2699890136719,337.3299865722656,337.44000244140625,655867
2026-07-28 10:25:00-04:00,337.9599914550781,338.065185546875,337.4100036621094,337.70001220703125,407787
2026-07-28 10:30:00-04:00,338.6000061035156,338.7900085449219,337.9100036621094,337.9800109863281,593570
2026-07-28 10:35:00-04:00,337.4364929199219,338.6000061035156,337.3999938964844,338.5799865722656,513556
2026-07-28 10:40:00-04:00,338.1650085449219,338.30499267578125,337.2099914550781,337.45001220703125,465986
2026-07-28 10:45:00-04:00,338.0899963378906,338.3949890136719,337.95001220703125,338.1700134277344,501379
2026-07-28 10:50:00-04:00,337.2250061035156,338.3800048828125,337.1400146484375,338.0899963378906,528323
2026-07-28 10:55:00-04:00,337.05499267578125,337.5799865722656,336.92999267578125,337.2200927734375,414669
2026-07-28 11:00:00-04:00,337.7650146484375,337.7900085449219,336.6000061035156,337.0404968261719,408524
2026-07-28 11:05:00-04:00,338.8399963378906,338.8800048828125,337.73199462890625,337.7513122558594,547295
2026-07-28 11:10:00-04:00,339.0899963378906,339.4800109863281,338.8299865722656,338.8500061035156,639876
2026-07-28 11:15:00-04:00,339.3500061035156,339.6687927246094,338.9599914550781,339.0899963378906,493534
2026-07-28 11:20:00-04:00,338.80999755859375,339.4800109863281,338.6099853515625,339.3500061035156,379641
2026-07-28 11:25:00-04:00,339.2699890136719,339.5,338.67999267578125,338.80999755859375,311076
2026-07-28 11:30:00-04:00,339.19000244140625,339.6499938964844,339.0,339.2401123046875,874584
2026-07-28 11:35:00-04:00,339.44000244140625,339.54998779296875,339.1300048828125,339.19000244140625,278997
2026-07-28 11:40:00-04:00,339.6700134277344,339.8949890136719,339.3999938964844,339.43499755859375,317294
2026-07-28 11:45:00-04:00,339.3005065917969,339.7149963378906,339.23980712890625,339.7099914550781,237751
2026-07-28 11:50:00-04:00,339.55999755859375,339.760009765625,339.0299987792969,339.3299865722656,276936
2026-07-28 11:55:00-04:00,339.6600036621094,339.8689880371094,339.54998779296875,339.54998779296875,223151
2026-07-28 12:00:00-04:00,339.6600036621094,339.75,339.4599914550781,339.6600036621094,246840
2026-07-28 12:05:00-04:00,339.9100036621094,339.94000244140625,339.4700012207031,339.6700134277344,264671
2026-07-28 12:10:00-04:00,339.82000732421875,339.989990234375,339.7200927734375,339.9200134277344,267916
2026-07-28 12:15:00-04:00,339.7099914550781,339.8900146484375,339.5199890136719,339.8299865722656,257640
2026-07-28 12:20:00-04:00,339.6650085449219,339.93951416015625,339.510009765625,339.67999267578125,326667
2026-07-28 12:25:00-04:00,339.80999755859375,340.1400146484375,339.6300048828125,339.66400146484375,470918
2026-07-28 12:30:00-04:00,340.29998779296875,340.57989501953125,339.79010009765625,339.8299865722656,397116
2026-07-28 12:35:00-04:00,340.05010986328125,340.4200134277344,339.9599914550781,340.31500244140625,294447
2026-07-28 12:40:00-04:00,339.4549865722656,340.1000061035156,339.3900146484375,340.05999755859375,315342
2026-07-28 12:45:00-04:00,339.1300048828125,339.54998779296875,338.94000244140625,339.4700012207031,324059
2026-07-28 12:50:00-04:00,339.92999267578125,339.9750061035156,339.1300048828125,339.1499938964844,304010
2026-07-28 12:55:00-04:00,339.7699890136719,339.9649963378906,339.5199890136719,339.9200134277344,233653
2026-07-28 13:00:00-04:00,339.6700134277344,339.8900146484375,339.5199890136719,339.79998779296875,175769
2026-07-28 13:05:00-04:00,339.3800048828125,339.82000732421875,339.25201416015625,339.66009521484375,252282
2026-07-28 13:10:00-04:00,339.1000061035156,339.3999938964844,339.0199890136719,339.3699951171875,222131
2026-07-28 13:15:00-04:00,339.04998779296875,339.1700134277344,338.93011474609375,339.07000732421875,219635
2026-07-28 13:20:00-04:00,339.1856994628906,339.5,338.9599914550781,339.04998779296875,228196
2026-07-28 13:25:00-04:00,339.0299987792969,339.2355041503906,338.94500732421875,339.2099914550781,139967
2026-07-28 13:30:00-04:00,339.1400146484375,339.2799987792969,339.0,339.0400085449219,192296
2026-07-28 13:35:00-04:00,339.3703918457031,339.42498779296875,339.0799865722656,339.135009765625,196295
2026-07-28 13:40:00-04:00,339.5199890136719,339.78009033203125,339.3700866699219,339.3800048828125,311543
2026-07-28 13:45:00-04:00,339.8800048828125,340.0198974609375,339.4599914550781,339.489990234375,308901
2026-07-28 13:50:00-04:00,339.7900085449219,339.9200134277344,339.6159973144531,339.8800048828125,234951
2026-07-28 13:55:00-04:00,339.7449951171875,339.8999938964844,339.5008850097656,339.7900085449219,239803
2026-07-28 14:00:00-04:00,339.6600036621094,339.8399963378906,339.510009765625,339.7449951171875,531571
2026-07-28 14:05:00-04:00,339.625,339.69000244140625,339.4801025390625,339.6400146484375,214964
2026-07-28 14:10:00-04:00,339.55999755859375,339.6499938964844,339.4200134277344,339.6099853515625,202282
2026-07-28 14:15:00-04:00,339.75,339.80999755859375,339.42999267578125,339.57000732421875,225913
2026-07-28 14:20:00-04:00,339.7699890136719,339.885009765625,339.6499938964844,339.7550048828125,222091
2026-07-28 14:25:00-04:00,339.8399963378906,340.159912109375,339.75,339.760009765625,342469
2026-07-28 14:30:00-04:00,339.45001220703125,339.8900146484375,339.32000732421875,339.8399963378906,367741
2026-07-28 14:35:00-04:00,338.81500244140625,339.5299987792969,338.7950134277344,339.4549865722656,310743
2026-07-28 14:40:00-04:00,338.3999938964844,338.8399963378906,338.2799987792969,338.81500244140625,306835
2026-07-28 14:45:00-04:00,338.6499938964844,338.8699951171875,338.4100036621094,338.4100036621094,221260
2026-07-28 14:50:00-04:00,338.8500061035156,338.93499755859375,338.6199951171875,338.6257019042969,259327
2026-07-28 14:55:00-04:00,339.3500061035156,339.55999755859375,338.8599853515625,338.8599853515625,343911
2026-07-28 15:00:00-04:00,339.614990234375,339.67498779296875,339.32000732421875,339.3450012207031,307649
2026-07-28 15:05:00-04:00,339.32501220703125,339.6199951171875,339.2101135253906,339.6000061035156,311829
2026-07-28 15:10:00-04:00,339.1700134277344,339.45001220703125,339.1700134277344,339.3399963378906,265879
2026-07-28 15:15:00-04:00,339.2795104980469,339.4800109863281,339.1300048828125,339.1700134277344,296507
2026-07-28 15:20:00-04:00,339.2749938964844,339.5199890136719,339.176513671875,339.29998779296875,282160
2026-07-28 15:25:00-04:00,339.20001220703125,339.3699951171875,339.0299987792969,339.2799987792969,316179
2026-07-28 15:30:00-04:00,339.3599853515625,339.3800048828125,339.1000061035156,339.1600036621094,1439500
2026-07-28 15:35:00-04:00,339.7049865722656,339.9100036621094,339.3299865722656,339.3500061035156,501242
2026-07-28 15:40:00-04:00,340.010009765625,340.1499938964844,339.70001220703125,339.7200012207031,451713
2026-07-28 15:45:00-04:00,339.44000244140625,340.010009765625,339.1300048828125,340.010009765625,458614
2026-07-28 15:50:00-04:00,339.8500061035156,340.0,339.2900085449219,339.44000244140625,711895
2026-07-28 15:55:00-04:00,340.1600036621094,340.5299987792969,339.1000061035156,339.8399963378906,2852614
2026-07-29 09:30:00-04:00,340.0282897949219,342.19000244140625,339.55999755859375,339.69000244140625,2710870
2026-07-29 09:35:00-04:00,341.2178955078125,341.2178955078125,339.8500061035156,340.05999755859375,873577
2026-07-29 09:40:00-04:00,341.55999755859375,341.7799987792969,340.7900085449219,341.1600036621094,726405
2026-07-29 09:45:00-04:00,343.2349853515625,343.45001220703125,341.5299987792969,341.5450134277344,1270623
2026-07-29 09:50:00-04:00,343.0249938964844,343.6700134277344,342.94000244140625,343.2716064453125,929716
2026-07-29 09:55:00-04:00,342.8699951171875,343.1199951171875,342.19000244140625,343.0199890136719,651953
2026-07-29 10:00:00-04:00,343.19000244140625,343.4800109863281,342.5150146484375,342.82501220703125,822450
2026-07-29 10:05:00-04:00,342.6650085449219,343.302490234375,342.2300109863281,343.19000244140625,706768
2026-07-29 10:10:00-04:00,341.8299865722656,342.81500244140625,341.7200012207031,342.6400146484375,718477
2026-07-29 10:15:00-04:00,341.29998779296875,342.0889892578125,341.20001220703125,341.82501220703125,612360
2026-07-29 10:20:00-04:00,341.2200012207031,341.7284851074219,341.1300048828125,341.2900085449219,452400
2026-07-29 10:25:00-04:00,341.1600036621094,341.3399963378906,340.7200012207031,341.2799987792969,459648
2026-07-29 10:30:00-04:00,341.70001220703125,341.70001220703125,340.9100036621094,341.1700134277344,436264
2026-07-29 10:35:00-04:00,341.2900085449219,341.739990234375,341.1300048828125,341.70001220703125,278600
2026-07-29 10:40:00-04:00,341.5899963378906,341.6400146484375,341.0201110839844,341.2799987792969,479470
2026-07-29 10:45:00-04:00,341.0400085449219,341.70001220703125,340.80999755859375,341.57000732421875,398618
2026-07-29 10:50:00-04:00,340.7099914550781,341.05499267578125,340.3800048828125,341.05499267578125,566930
2026-07-29 10:55:00-04:00,340.3900146484375,340.8399963378906,340.1199951171875,340.7200012207031,421379
2026-07-29 11:00:00-04:00,339.739990234375,340.5,339.5199890136719,340.3999938964844,651984
2026-07-29 11:05:00-04:00,340.2650146484375,340.57000732421875,339.5899963378906,339.7799987792969,480042
2026-07-29 11:10:00-04:00,339.9700012207031,340.29998779296875,339.9100036621094,340.2799987792969,333202
2026-07-29 11:15:00-04:00,339.8699951171875,340.3299865722656,339.80999755859375,339.9700012207031,304789
2026-07-29 11:20:00-04:00,340.05999755859375,340.0899963378906,339.6499938964844,339.8500061035156,289456
2026-07-29 11:25:00-04:00,339.80999755859375,340.0899963378906,339.70001220703125,340.04998779296875,249968
2026-07-29 11:30:00-04:00,339.8999938964844,340.20001220703125,339.760009765625,339.8299865722656,342046
2026-07-29 11:35:00-04:00,340.3999938964844,340.67999267578125,339.8450012207031,339.9200134277344,362493
2026-07-29 11:40:00-04:00,340.0899963378906,340.6099853515625,339.8800048828125,340.3800964355469,357453
2026-07-29 11:45:00-04:00,340.8399963378906,340.8800048828125,340.05999755859375,340.0899963378906,301650
2026-07-29 11:50:00-04:00,340.8399963378906,341.2200012207031,340.7250061035156,340.80999755859375,386132
2026-07-29 11:55:00-04:00,341.0299987792969,341.1499938964844,340.75,340.8599853515625,313358
2026-07-29 12:00:00-04:00,340.8999938964844,341.1499938964844,340.6300048828125,341.1000061035156,203335
2026-07-29 12:05:00-04:00,341.010009765625,341.0350036621094,340.70001220703125,340.9049987792969,271831
2026-07-29 12:10:00-04:00,340.8299865722656,341.07501220703125,340.70001220703125,340.9700012207031,177501
2026-07-29 12:15:00-04:00,341.07000732421875,341.1600036621094,340.67999267578125,340.79998779296875,292895
2026-07-29 12:20:00-04:00,341.54998779296875,341.54998779296875,340.8399963378906,341.07000732421875,322180
2026-07-29 12:25:00-04:00,341.2699890136719,341.55999755859375,341.2099914550781,341.5350036621094,215536
2026-07-29 12:30:00-04:00,341.1099853515625,341.4100036621094,340.9700012207031,341.25,206882
2026-07-29 12:35:00-04:00,340.57000732421875,341.1400146484375,340.4800109863281,341.1099853515625,216142
2026-07-29 12:40:00-04:00,340.55999755859375,340.5950012207031,340.04998779296875,340.56500244140625,208629
2026-07-29 12:45:00-04:00,340.8500061035156,340.8500061035156,340.30059814453125,340.55999755859375,204410
2026-07-29 12:50:00-04:00,341.0299987792969,341.1097106933594,340.75,340.82000732421875,200310
2026-07-29 12:55:00-04:00,341.30999755859375,341.30999755859375,340.81500244140625,341.0299987792969,199148
2026-07-29 13:00:00-04:00,341.9649963378906,342.0799865722656,341.114990234375,341.32000732421875,481940
2026-07-29 13:05:00-04:00,341.56988525390625,342.0799865722656,341.55999755859375,341.9599914550781,297369
2026-07-29 13:10:00-04:00,342.32000732421875,342.32000732421875,341.54998779296875,341.54998779296875,329981
2026-07-29 13:15:00-04:00,342.864990234375,342.8900146484375,342.1200866699219,342.32000732421875,383178
2026-07-29 13:20:00-04:00,342.92999267578125,343.44891357421875,342.801513671875,342.8800048828125,732511
2026-07-29 13:25:00-04:00,342.7200012207031,343.1199951171875,342.69000244140625,342.9700012207031,352847
2026-07-29 13:30:00-04:00,342.4750061035156,342.7250061035156,342.3500061035156,342.69500732421875,261064
2026-07-29 13:35:00-04:00,343.0010986328125,343.1700134277344,342.4750061035156,342.5,310741
2026-07-29 13:40:00-04:00,343.04840087890625,343.3900146484375,342.9700012207031,343.0101013183594,392202
2026-07-29 13:45:00-04:00,342.9949951171875,343.1600036621094,342.9200134277344,343.06500244140625,351163
2026-07-29 13:50:00-04:00,342.9800109863281,343.17999267578125,342.7101135253906,343.0,272802
2026-07-29 13:55:00-04:00,343.2099914550781,343.3399963378906,342.6600036621094,342.9649963378906,261286
2026-07-29 14:00:00-04:00,344.17498779296875,344.19000244140625,343.04010009765625,343.25,1033939
2026-07-29 14:05:00-04:00,343.75,344.56988525390625,343.6099853515625,344.1499938964844,744836
2026-07-29 14:10:00-04:00,343.70001220703125,343.9700012207031,343.4601135253906,343.7300109863281,434558
2026-07-29 14:15:00-04:00,343.8800048828125,344.0332946777344,343.5899963378906,343.69000244140625,298455
2026-07-29 14:20:00-04:00,343.3500061035156,343.8900146484375,343.260009765625,343.8800048828125,411628
2026-07-29 14:25:00-04:00,343.58770751953125,343.6400146484375,343.1700134277344,343.3399963378906,351831
2026-07-29 14:30:00-04:00,343.2900085449219,343.8399963378906,342.9700012207031,343.5899963378906,417800
2026-07-29 14:35:00-04:00,343.815185546875,343.94000244140625,343.1300048828125,343.29998779296875,406800
2026-07-29 14:40:00-04:00,343.70001220703125,343.9200134277344,343.3299865722656,343.81500244140625,412608
2026-07-29 14:45:00-04:00,343.79998779296875,343.8599853515625,343.3999938964844,343.69500732421875,332348
2026-07-29 14:50:00-04:00,343.6300964355469,343.8900146484375,343.4700012207031,343.7950134277344,291051
2026-07-29 14:55:00-04:00,342.8999938964844,343.8399963378906,342.7449951171875,343.6600036621094,428513
2026-07-29 15:00:00-04:00,342.31500244140625,342.989990234375,341.989990234375,342.8999938964844,514964
2026-07-29 15:05:00-04:00,341.9549865722656,342.3699951171875,341.9100036621094,342.31500244140625,412939
2026-07-29 15:10:00-04:00,342.4200134277344,342.6400146484375,341.92999267578125,341.9549865722656,416728
2026-07-29 15:15:00-04:00,342.2950134277344,342.8699951171875,342.1400146484375,342.3900146484375,339519
2026-07-29 15:20:00-04:00,341.54998779296875,342.3900146484375,341.5450134277344,342.30499267578125,396737
2026-07-29 15:25:00-04:00,341.5299987792969,342.0,341.3299865722656,341.5299987792969,442669
2026-07-29 15:30:00-04:00,340.80499267578125,341.55999755859375,340.5199890136719,341.55999755859375,499575
2026-07-29 15:35:00-04:00,339.6400146484375,340.92999267578125,339.57000732421875,340.8299865722656,579627
2026-07-29 15:40:00-04:00,339.5799865722656,339.9800109863281,339.32000732421875,339.6400146484375,625902
2026-07-29 15:45:00-04:00,340.07000732421875,340.32989501953125,339.5199890136719,339.5849914550781,590081
2026-07-29 15:50:00-04:00,339.3299865722656,340.04998779296875,338.8301086425781,340.0,1070002
2026-07-29 15:55:00-04:00,338.07000732421875,339.3399963378906,337.35009765625,339.32000732421875,5275294
2026-07-30 09:30:00-04:00,332.739990234375,334.4800109863281,332.010009765625,333.1300048828125,3832417
2026-07-30 09:35:00-04:00,331.2950134277344,332.9700012207031,331.2099914550781,332.69000244140625,1310090
2026-07-30 09:40:00-04:00,332.19000244140625,332.739990234375,330.710205078125,331.30999755859375,1127584
2026-07-30 09:45:00-04:00,331.55499267578125,332.4800109863281,331.25,332.17498779296875,1167207
2026-07-30 09:50:00-04:00,332.3106994628906,333.17999267578125,331.3399963378906,331.54998779296875,987403
2026-07-30 09:55:00-04:00,332.1499938964844,332.3500061035156,331.43499755859375,332.2699890136719,776663
2026-07-30 10:00:00-04:00,330.75,332.1239929199219,330.57000732421875,332.0799865722656,949672
2026-07-30 10:05:00-04:00,332.79998779296875,332.8699951171875,330.3500061035156,330.7300109863281,987188
2026-07-30 10:10:00-04:00,331.3999938964844,332.82000732421875,331.1600036621094,332.80499267578125,720062
2026-07-30 10:15:00-04:00,331.44000244140625,331.9800109863281,331.1099853515625,331.4049987792969,576922
2026-07-30 10:20:00-04:00,331.5899963378906,332.1700134277344,331.3299865722656,331.4599914550781,624066
2026-07-30 10:25:00-04:00,331.30999755859375,332.2900085449219,331.25,331.6000061035156,519720
2026-07-30 10:30:00-04:00,329.8599853515625,331.29998779296875,329.760009765625,331.29998779296875,803285
2026-07-30 10:35:00-04:00,331.1400146484375,331.5,329.5899963378906,329.8550109863281,880249
2026-07-30 10:40:00-04:00,332.0799865722656,332.239990234375,331.1199951171875,331.1400146484375,768441
2026-07-30 10:45:00-04:00,332.2300109863281,332.3999938964844,331.739990234375,332.07000732421875,528790
2026-07-30 10:50:00-04:00,331.9700012207031,332.6400146484375,331.7699890136719,332.2438049316406,573888
2026-07-30 10:55:00-04:00,332.3299865722656,332.3299865722656,331.4949951171875,331.989990234375,373059
2026-07-30 11:00:00-04:00,331.8399963378906,332.3399963378906,331.3500061035156,332.3399963378906,597286
2026-07-30 11:05:00-04:00,332.7799987792969,333.0,331.57501220703125,331.864990234375,647614
2026-07-30 11:10:00-04:00,331.4700012207031,333.03228759765625,331.45001220703125,332.79998779296875,401029
2026-07-30 11:15:00-04:00,331.635009765625,332.07000732421875,331.29998779296875,331.489990234375,363818
2026-07-30 11:20:00-04:00,331.20001220703125,331.739990234375,331.10009765625,331.6300048828125,466708
2026-07-30 11:25:00-04:00,331.2200012207031,331.6000061035156,331.0199890136719,331.20001220703125,364090
2026-07-30 11:30:00-04:00,332.0299987792969,332.07000732421875,331.1499938964844,331.2349853515625,319099
2026-07-30 11:35:00-04:00,331.7200012207031,332.1094055175781,331.57000732421875,332.04998779296875,1630738
2026-07-30 11:40:00-04:00,332.1400146484375,332.3399963378906,331.6000061035156,331.7200012207031,368586
2026-07-30 11:45:00-04:00,331.8349914550781,332.4200134277344,331.7898864746094,332.1499938964844,334296
2026-07-30 11:50:00-04:00,331.7049865722656,332.0400085449219,331.3399963378906,331.8500061035156,366403
2026-07-30 11:55:00-04:00,331.760009765625,332.1199951171875,331.6099853515625,331.7200012207031,385573
2026-07-30 12:00:00-04:00,331.04998779296875,331.75,330.8900146484375,331.75,519834
2026-07-30 12:05:00-04:00,330.9800109863281,331.2850036621094,330.6300048828125,331.07000732421875,504683
2026-07-30 12:10:00-04:00,331.2099914550781,331.43499755859375,330.8399963378906,330.9599914550781,350889
2026-07-30 12:15:00-04:00,332.0400085449219,332.6000061035156,331.0950012207031,331.2049865722656,534745
2026-07-30 12:20:00-04:00,331.94000244140625,332.43499755859375,331.7305908203125,332.05999755859375,411548
2026-07-30 12:25:00-04:00,332.0899963378906,332.3500061035156,331.760009765625,331.93499755859375,335587
2026-07-30 12:30:00-04:00,331.8299865722656,332.1400146484375,331.4049987792969,332.0899963378906,290273
2026-07-30 12:35:00-04:00,332.0150146484375,332.1700134277344,331.760009765625,331.82000732421875,365337
2026-07-30 12:40:00-04:00,332.125,332.2491149902344,331.5899963378906,332.0299072265625,482413
2026-07-30 12:45:00-04:00,332.1199951171875,332.3699951171875,331.82000732421875,332.125,351061
2026-07-30 12:50:00-04:00,332.1300048828125,332.26129150390625,331.989990234375,332.1400146484375,531919
2026-07-30 12:55:00-04:00,331.6199951171875,332.1700134277344,331.5799865722656,332.1400146484375,272087
2026-07-30 13:00:00-04:00,332.1600036621094,332.25,331.6199951171875,331.6199951171875,265271
2026-07-30 13:05:00-04:00,332.25,332.2699890136719,332.04998779296875,332.1700134277344,212767
2026-07-30 13:10:00-04:00,332.7099914550781,332.8500061035156,332.2560119628906,332.260009765625,377652
2026-07-30 13:15:00-04:00,332.55999755859375,332.7699890136719,332.25,332.7200012207031,369986
2026-07-30 13:20:00-04:00,332.2900085449219,332.57000732421875,332.1300048828125,332.54998779296875,304738
2026-07-30 13:25:00-04:00,332.0899963378906,332.33599853515625,331.989990234375,332.2900085449219,245294
2026-07-30 13:30:00-04:00,331.9100036621094,332.3999938964844,331.7200927734375,332.0799865722656,257110
2026-07-30 13:35:00-04:00,332.15008544921875,332.389892578125,331.9100036621094,331.95001220703125,271921
2026-07-30 13:40:00-04:00,332.6499938964844,332.7799987792969,331.9800109863281,332.20001220703125,192787
2026-07-30 13:45:00-04:00,332.69000244140625,332.739990234375,332.4599914550781,332.6400146484375,211852
2026-07-30 13:50:00-04:00,332.92999267578125,333.1659851074219,332.6492919921875,332.69000244140625,279375
2026-07-30 13:55:00-04:00,333.2950134277344,333.30999755859375,332.8699951171875,332.95001220703125,297313
2026-07-30 14:00:00-04:00,333.0249938964844,333.9800109863281,333.0150146484375,333.30999755859375,394208
2026-07-30 14:05:00-04:00,333.19500732421875,333.510009765625,333.0115966796875,333.0498962402344,320802
2026-07-30 14:10:00-04:00,333.2749938964844,333.4599914550781,333.0299987792969,333.19500732421875,429762
2026-07-30 14:15:00-04:00,333.6549987792969,333.739990234375,333.2749938964844,333.2799987792969,342328
2026-07-30 14:20:00-04:00,333.0602111816406,333.6400146484375,332.95001220703125,333.6400146484375,314473
2026-07-30 14:25:00-04:00,333.1000061035156,333.20001220703125,332.7341003417969,333.07501220703125,282961
2026-07-30 14:30:00-04:00,333.5899963378906,333.6199951171875,332.8999938964844,333.1199951171875,275976
2026-07-30 14:35:00-04:00,333.55999755859375,333.65020751953125,333.375,333.5799865722656,268954
2026-07-30 14:40:00-04:00,333.5299987792969,333.7550048828125,333.4700012207031,333.55999755859375,309637
2026-07-30 14:45:00-04:00,333.9100036621094,333.9996032714844,333.4200134277344,333.5400085449219,314613
2026-07-30 14:50:00-04:00,333.9798889160156,334.0899963378906,333.739990234375,333.9100036621094,319800
2026-07-30 14:55:00-04:00,333.75,334.0799865722656,333.7123107910156,333.94000244140625,335983
2026-07-30 15:00:00-04:00,333.80999755859375,334.0166015625,333.4599914550781,333.7349853515625,464471
2026-07-30 15:05:00-04:00,333.6099853515625,333.885009765625,333.4054870605469,333.80499267578125,426958
2026-07-30 15:10:00-04:00,333.6549987792969,333.8999938964844,333.5299987792969,333.6099853515625,371774
2026-07-30 15:15:00-04:00,333.8699951171875,333.95001220703125,333.5,333.6600036621094,440607
2026-07-30 15:20:00-04:00,333.45001220703125,333.8999938964844,333.1300048828125,333.875,477436
2026-07-30 15:25:00-04:00,333.1600036621094,333.739990234375,333.1499938964844,333.4649963378906,762082
2026-07-30 15:30:00-04:00,333.25,333.5299987792969,332.79998779296875,333.1600036621094,913787
2026-07-30 15:35:00-04:00,333.4700012207031,333.5799865722656,333.1300048828125,333.25,525951
2026-07-30 15:40:00-04:00,333.0050048828125,333.55999755859375,332.9100036621094,333.4649963378906,576772
2026-07-30 15:45:00-04:00,332.6549987792969,333.114990234375,332.30999755859375,333.010009765625,774447
2026-07-30 15:50:00-04:00,332.864990234375,333.19000244140625,332.4800109863281,332.6300048828125,1139941
2026-07-30 15:55:00-04:00,333.8500061035156,334.75,332.5299987792969,332.8500061035156,2104603
2026-07-31 09:30:00-04:00,302.1099853515625,306.8999938964844,300.54998779296875,304.80999755859375,16977324
2026-07-31 09:35:00-04:00,301.32000732421875,303.3500061035156,300.9200134277344,302.30999755859375,5423499
2026-07-31 09:40:00-04:00,304.7900085449219,304.9100036621094,300.3299865722656,301.19000244140625,3843272
2026-07-31 09:45:00-04:00,305.17999267578125,305.9198913574219,304.0799865722656,304.7799987792969,3476263
2026-07-31 09:50:00-04:00,304.81890869140625,305.5,304.29998779296875,305.2062072753906,1841422
2026-07-31 09:55:00-04:00,302.7900085449219,305.45001220703125,302.5199890136719,304.82501220703125,1975410
2026-07-31 10:00:00-04:00,302.1199951171875,303.32000732421875,301.35009765625,302.7900085449219,2381993
2026-07-31 10:05:00-04:00,302.8800048828125,302.94000244140625,301.8399963378906,302.0950012207031,1560619
2026-07-31 10:10:00-04:00,302.1361083984375,303.06500244140625,301.3599853515625,302.8340148925781,1659992
2026-07-31 10:15:00-04:00,302.53009033203125,302.8494873046875,301.6499938964844,302.1449890136719,1156895
2026-07-31 10:20:00-04:00,303.2099914550781,303.56988525390625,302.3900146484375,302.510009765625,1005635
2026-07-31 10:25:00-04:00,302.739990234375,303.539306640625,302.5799865722656,303.18499755859375,969301
2026-07-31 10:30:00-04:00,301.94000244140625,302.99798583984375,301.9200134277344,302.7550048828125,916124
2026-07-31 10:35:00-04:00,302.260009765625,302.5799865722656,301.70001220703125,301.92498779296875,736406
2026-07-31 10:40:00-04:00,302.43499755859375,302.79998779296875,302.0400085449219,302.2799987792969,754471
2026-07-31 10:45:00-04:00,302.57000732421875,302.6600036621094,302.05999755859375,302.4200134277344,850467
2026-07-31 10:50:00-04:00,302.4299011230469,302.760009765625,302.1700134277344,302.57000732421875,736670
2026-07-31 10:55:00-04:00,303.1600036621094,303.20001220703125,301.95001220703125,302.3999938964844,1041765
2026-07-31 11:00:00-04:00,302.635009765625,303.239990234375,302.3207092285156,303.1600036621094,1038019
2026-07-31 11:05:00-04:00,302.8900146484375,302.95001220703125,302.4599914550781,302.6300048828125,729965
2026-07-31 11:10:00-04:00,302.9949951171875,303.0794982910156,302.5299987792969,302.9200134277344,943185
2026-07-31 11:15:00-04:00,303.8901062011719,304.0295104980469,302.760009765625,302.9949951171875,1036812
2026-07-31 11:20:00-04:00,302.95001220703125,304.25,302.9230041503906,303.8900146484375,775731
2026-07-31 11:25:00-04:00,301.7300109863281,303.0799865722656,301.6400146484375,302.9551086425781,1338201
2026-07-31 11:30:00-04:00,302.2731018066406,302.3599853515625,301.7250061035156,301.7300109863281,825577
2026-07-31 11:35:00-04:00,302.1600036621094,302.82000732421875,302.04998779296875,302.2900085449219,1148491
2026-07-31 11:40:00-04:00,301.95001220703125,302.33990478515625,301.44000244140625,302.19000244140625,1079267
2026-07-31 11:45:00-04:00,300.88580322265625,302.35699462890625,300.739990234375,301.95001220703125,1009135
2026-07-31 11:50:00-04:00,301.3999938964844,301.4219970703125,300.3999938964844,300.864990234375,973176
2026-07-31 11:55:00-04:00,301.2950134277344,301.7200012207031,300.8900146484375,301.3900146484375,1066775
2026-07-31 12:00:00-04:00,301.3399963378906,301.59991455078125,300.8999938964844,301.2850036621094,675613
2026-07-31 12:05:00-04:00,301.2300109863281,301.45001220703125,301.1199951171875,301.3550109863281,392585
2026-07-31 12:10:00-04:00,302.114990234375,302.1400146484375,301.19000244140625,301.2674865722656,492330
2026-07-31 12:15:00-04:00,301.1549987792969,302.3399963378906,301.1300048828125,302.1050109863281,861254
2026-07-31 12:20:00-04:00,301.44500732421875,301.614013671875,301.1400146484375,301.17498779296875,569919
2026-07-31 12:25:00-04:00,300.5400085449219,301.5799865722656,300.4700012207031,301.45001220703125,763094
2026-07-31 12:30:00-04:00,300.5350036621094,300.67999267578125,300.0,300.55999755859375,1356643
2026-07-31 12:35:00-04:00,300.54998779296875,301.010009765625,300.3500061035156,300.5199890136719,645228
2026-07-31 12:40:00-04:00,300.364990234375,300.9800109863281,300.2099914550781,300.54779052734375,820080
2026-07-31 12:45:00-04:00,300.7799987792969,301.1099853515625,300.2449951171875,300.3599853515625,559159
2026-07-31 12:50:00-04:00,300.7200012207031,301.54998779296875,300.57000732421875,300.7900085449219,730942
2026-07-31 12:55:00-04:00,300.8699951171875,300.9700012207031,300.3900146484375,300.7300109863281,590605
2026-07-31 13:00:00-04:00,301.5849914550781,301.83428955078125,300.8550109863281,300.8599853515625,624192
2026-07-31 13:05:00-04:00,301.1709899902344,301.7799987792969,301.1499938964844,301.5899963378906,501552
2026-07-31 13:10:00-04:00,301.5199890136719,301.6000061035156,300.9599914550781,301.1700134277344,498692
2026-07-31 13:15:00-04:00,301.57501220703125,301.82000732421875,301.20001220703125,301.5150146484375,609988
2026-07-31 13:20:00-04:00,301.3500061035156,301.6549987792969,301.25,301.5790100097656,495017
2026-07-31 13:25:00-04:00,301.20001220703125,301.45001220703125,301.0400085449219,301.3399963378906,381652
2026-07-31 13:30:00-04:00,301.468994140625,301.57000732421875,301.1000061035156,301.20001220703125,489552
2026-07-31 13:35:00-04:00,301.3900146484375,301.7200012207031,301.2699890136719,301.4599914550781,413729
2026-07-31 13:40:00-04:00,301.30499267578125,301.6000061035156,301.2900085449219,301.3999938964844,409872
2026-07-31 13:45:00-04:00,301.1600036621094,301.42999267578125,301.0600891113281,301.30499267578125,439558
2026-07-31 13:50:00-04:00,300.67999267578125,301.2650146484375,300.5350036621094,301.1698913574219,3631086
2026-07-31 13:55:00-04:00,300.6400146484375,300.8699951171875,300.5,300.69000244140625,521004
2026-07-31 14:00:00-04:00,301.07501220703125,301.2900085449219,300.5950012207031,300.6400146484375,619856
2026-07-31 14:05:00-04:00,300.9549865722656,301.2250061035156,300.69500732421875,301.06500244140625,727988
2026-07-31 14:10:00-04:00,301.9949951171875,302.0950012207031,300.94000244140625,300.9700012207031,845009
2026-07-31 14:15:00-04:00,302.0299987792969,302.0899963378906,301.6099853515625,302.0050048828125,490080
2026-07-31 14:20:00-04:00,302.3299865722656,302.4200134277344,301.9700012207031,302.0199890136719,518716
2026-07-31 14:25:00-04:00,301.7300109863281,302.3599853515625,301.67999267578125,302.3399963378906,469209
2026-07-31 14:30:00-04:00,302.0610046386719,302.1600036621094,301.7449951171875,301.760009765625,584037
2026-07-31 14:35:00-04:00,302.0150146484375,302.16009521484375,301.8500061035156,302.06500244140625,471781
2026-07-31 14:40:00-04:00,302.3223876953125,302.3450012207031,301.8901062011719,302.0150146484375,606593
2026-07-31 14:45:00-04:00,302.2950134277344,302.5299987792969,302.04010009765625,302.31500244140625,616119
2026-07-31 14:50:00-04:00,302.885009765625,303.0,302.239990234375,302.2950134277344,803325
2026-07-31 14:55:00-04:00,302.8299865722656,302.9446105957031,302.4200134277344,302.885009765625,662949
2026-07-31 15:00:00-04:00,303.75,303.94000244140625,302.7799987792969,302.8399963378906,1054178
2026-07-31 15:05:00-04:00,304.4150085449219,304.5299987792969,303.6499938964844,303.7550048828125,1262330
2026-07-31 15:10:00-04:00,304.5799865722656,304.8699951171875,304.3900146484375,304.4100036621094,1137472
2026-07-31 15:15:00-04:00,305.24200439453125,305.7099914550781,304.5299987792969,304.5849914550781,2478844
2026-07-31 15:20:00-04:00,305.3450012207031,305.39990234375,304.635009765625,305.239990234375,1121798
2026-07-31 15:25:00-04:00,305.6549987792969,305.7049865722656,305.1099853515625,305.3450012207031,1052537
2026-07-31 15:30:00-04:00,305.8599853515625,305.864990234375,305.07000732421875,305.6600036621094,1678978
2026-07-31 15:35:00-04:00,305.1400146484375,306.4100036621094,305.0199890136719,305.8699951171875,1445349
2026-07-31 15:40:00-04:00,306.5350036621094,306.6199951171875,305.1099853515625,305.1400146484375,1690899
2026-07-31 15:45:00-04:00,306.7099914550781,307.3299865722656,306.1300048828125,306.5400085449219,2595918
2026-07-31 15:50:00-04:00,309.7200012207031,309.9999084472656,306.67999267578125,306.69000244140625,5099150
2026-07-31 15:55:00-04:00,309.0299987792969,310.6600036621094,307.6400146484375,309.7099914550781,8132664
2026-08-03 09:30:00-04:00,308.2799987792969,311.79998779296875,305.1700134277344,309.6700134277344,5055247
2026-08-03 09:35:00-04:00,306.9200134277344,308.4800109863281,306.4100036621094,308.2850036621094,1222718
2026-08-03 09:40:00-04:00,306.135009765625,308.4599914550781,306.0,306.943115234375,1101759
2026-08-03 09:45:00-04:00,306.67999267578125,306.7398986816406,305.54998779296875,306.135009765625,1100411
2026-08-03 09:50:00-04:00,308.2950134277344,308.29998779296875,306.7300109863281,306.739990234375,907429
2026-08-03 09:55:00-04:00,305.91900634765625,308.2850036621094,305.7699890136719,308.2699890136719,878877
2026-08-03 10:00:00-04:00,304.6000061035156,305.9100036621094,304.3399963378906,305.9100036621094,1467931
2026-08-03 10:05:00-04:00,305.5299987792969,305.6300048828125,304.3900146484375,304.585693359375,839531
2026-08-03 10:10:00-04:00,306.510009765625,306.6700134277344,305.04998779296875,305.5199890136719,834152
2026-08-03 10:15:00-04:00,306.2149963378906,307.21551513671875,306.05999755859375,306.5050048828125,632790
2026-08-03 10:20:00-04:00,306.010009765625,306.32000732421875,305.5950012207031,306.2149963378906,720428
2026-08-03 10:25:00-04:00,305.55010986328125,306.0199890136719,305.510009765625,306.010009765625,420596
2026-08-03 10:30:00-04:00,305.625,305.67999267578125,305.25,305.54998779296875,710885
2026-08-03 10:35:00-04:00,305.5000915527344,306.177001953125,305.3999938964844,305.639892578125,752074
2026-08-03 10:40:00-04:00,305.7550048828125,305.8999938964844,305.340087890625,305.5150146484375,504904
2026-08-03 10:45:00-04:00,305.2799987792969,306.44000244140625,305.0801086425781,305.7550048828125,872522
2026-08-03 10:50:00-04:00,305.4100036621094,305.9700012207031,305.2349853515625,305.2799987792969,654260
2026-08-03 10:55:00-04:00,305.3500061035156,305.6600036621094,305.0201110839844,305.4150085449219,697416
2026-08-03 11:00:00-04:00,304.9649963378906,305.6700134277344,304.8122863769531,305.3450012207031,1013222
2026-08-03 11:05:00-04:00,304.8900146484375,305.0899963378906,304.6000061035156,304.95001220703125,767064
2026-08-03 11:10:00-04:00,305.1571960449219,305.489990234375,304.86749267578125,304.8949890136719,768514
2026-08-03 11:15:00-04:00,305.19000244140625,305.79998779296875,305.1000061035156,305.1499938964844,1042650
2026-08-03 11:20:00-04:00,304.8949890136719,305.2099914550781,304.7200012207031,305.19500732421875,706856
2026-08-03 11:25:00-04:00,304.2149963378906,304.8949890136719,303.8999938964844,304.8949890136719,1022063
2026-08-03 11:30:00-04:00,303.6199951171875,304.2300109863281,303.5,304.2149963378906,837865
2026-08-03 11:35:00-04:00,303.8089904785156,304.3949890136719,303.6000061035156,303.625,578605
2026-08-03 11:40:00-04:00,303.16009521484375,303.8800048828125,303.110107421875,303.80999755859375,694555
2026-08-03 11:45:00-04:00,302.7510986328125,303.1698913574219,302.55999755859375,303.1650085449219,688899
2026-08-03 11:50:00-04:00,303.0849914550781,303.19000244140625,302.7449951171875,302.7550048828125,472623
2026-08-03 11:55:00-04:00,303.7749938964844,303.7900085449219,303.0801086425781,303.0849914550781,533300
2026-08-03 12:00:00-04:00,304.33990478515625,304.44000244140625,303.7300109863281,303.7749938964844,673800
2026-08-03 12:05:00-04:00,304.1099853515625,305.0400085449219,304.0350036621094,304.3349914550781,954021
2026-08-03 12:10:00-04:00,304.04010009765625,304.3599853515625,303.7349853515625,304.1050109863281,556524
2026-08-03 12:15:00-04:00,304.4599914550781,304.5299987792969,304.0400085449219,304.0450134277344,540173
2026-08-03 12:20:00-04:00,305.1449890136719,305.17999267578125,304.45001220703125,304.45098876953125,609664
2026-08-03 12:25:00-04:00,306.3599853515625,306.3599853515625,305.04998779296875,305.1449890136719,877532
2026-08-03 12:30:00-04:00,306.41009521484375,306.8900146484375,306.3500061035156,306.3500061035156,894601
2026-08-03 12:35:00-04:00,306.875,306.8800048828125,306.0450134277344,306.4100036621094,655670
2026-08-03 12:40:00-04:00,306.6600036621094,307.17999267578125,306.5199890136719,306.8799133300781,641576
2026-08-03 12:45:00-04:00,306.2049865722656,306.6700134277344,305.8999938964844,306.6690979003906,507986
2026-08-03 12:50:00-04:00,306.55499267578125,306.7699890136719,306.1449890136719,306.2099914550781,649150
2026-08-03 12:55:00-04:00,306.6099853515625,306.6700134277344,306.35009765625,306.56988525390625,302700
2026-08-03 13:00:00-04:00,306.94500732421875,306.94500732421875,306.3699951171875,306.614990234375,357675
2026-08-03 13:05:00-04:00,306.82501220703125,307.07000732421875,306.5899963378906,306.94500732421875,378412
2026-08-03 13:10:00-04:00,306.7049865722656,307.0,306.5299987792969,306.822509765625,745081
2026-08-03 13:15:00-04:00,307.0599060058594,307.2699890136719,306.6650085449219,306.7049865722656,478216
2026-08-03 13:20:00-04:00,307.2001037597656,307.2300109863281,306.80010986328125,307.05010986328125,849207
2026-08-03 13:25:00-04:00,307.2250061035156,307.5400085449219,307.1600036621094,307.20001220703125,438773
2026-08-03 13:30:00-04:00,306.81500244140625,307.2300109863281,306.70001220703125,307.2250061035156,394381
2026-08-03 13:35:00-04:00,306.5350036621094,306.82000732421875,306.19000244140625,306.81500244140625,458029
2026-08-03 13:40:00-04:00,306.7900085449219,306.79998779296875,306.5,306.5350036621094,291687
2026-08-03 13:45:00-04:00,306.2499084472656,306.7898864746094,306.12060546875,306.7799987792969,360122
2026-08-03 13:50:00-04:00,305.9501037597656,306.3999938964844,305.8999938964844,306.25,346268
2026-08-03 13:55:00-04:00,306.07501220703125,306.17999267578125,305.53009033203125,305.95098876953125,572136
2026-08-03 14:00:00-04:00,306.20001220703125,306.44000244140625,306.010009765625,306.07110595703125,465452
2026-08-03 14:05:00-04:00,306.0450134277344,306.3599853515625,305.8949890136719,306.19500732421875,450270
2026-08-03 14:10:00-04:00,305.9849853515625,306.19500732421875,305.8349914550781,306.04010009765625,417401
2026-08-03 14:15:00-04:00,306.24249267578125,306.3900146484375,305.989990234375,305.989990234375,332842
2026-08-03 14:20:00-04:00,305.95001220703125,306.2900085449219,305.95001220703125,306.2449951171875,271332
2026-08-03 14:25:00-04:00,305.5202941894531,306.05999755859375,305.5,305.9549865722656,387032
2026-08-03 14:30:00-04:00,305.59991455078125,305.8450012207031,305.3800048828125,305.5299987792969,395470
2026-08-03 14:35:00-04:00,305.2799987792969,305.6499938964844,305.2699890136719,305.590087890625,450707
2026-08-03 14:40:00-04:00,305.0849914550781,305.489990234375,305.0199890136719,305.2699890136719,498181
2026-08-03 14:45:00-04:00,305.0400085449219,305.2749938964844,304.8999938964844,305.0849914550781,492543
2026-08-03 14:50:00-04:00,305.1300048828125,305.3500061035156,304.9549865722656,305.0400085449219,376191
2026-08-03 14:55:00-04:00,305.2099914550781,305.57000732421875,305.11248779296875,305.1400146484375,454852
2026-08-03 15:00:00-04:00,305.44000244140625,305.5899963378906,305.1449890136719,305.2099914550781,375185
2026-08-03 15:05:00-04:00,305.8450012207031,305.9700012207031,305.25,305.45001220703125,536221
2026-08-03 15:10:00-04:00,305.9049987792969,305.92999267578125,305.6600036621094,305.84051513671875,465281
2026-08-03 15:15:00-04:00,305.57501220703125,305.95001220703125,305.4100036621094,305.9049987792969,471305
2026-08-03 15:20:00-04:00,305.0150146484375,305.6300048828125,304.79998779296875,305.57501220703125,613650
2026-08-03 15:25:00-04:00,305.0450134277344,305.0799865722656,304.92498779296875,305.0150146484375,499343
2026-08-03 15:30:00-04:00,304.9100036621094,305.0799865722656,304.8900146484375,305.0450134277344,515359
2026-08-03 15:35:00-04:00,305.0,305.04998779296875,304.8999938964844,304.9049987792969,347113
2026-08-03 15:40:00-04:00,304.82501220703125,305.010009765625,304.45001220703125,305.0,895948
2026-08-03 15:45:00-04:00,304.010009765625,304.8251037597656,303.8999938964844,304.82501220703125,1559634
2026-08-03 15:50:00-04:00,303.4010009765625,304.5,303.0,304.0,2344410
2026-08-03 15:55:00-04:00,303.2699890136719,303.489990234375,302.67999267578125,303.3999938964844,4523603
2026-08-04 09:30:00-04:00,304.3399963378906,304.489990234375,301.32000732421875,302.7250061035156,5266555
2026-08-04 09:35:00-04:00,303.2650146484375,304.456787109375,302.45001220703125,304.2900085449219,1908938
2026-08-04 09:40:00-04:00,303.8399963378906,303.8900146484375,302.7099914550781,303.260009765625,1429938
2026-08-04 09:45:00-04:00,304.7550048828125,305.07000732421875,303.69000244140625,303.79998779296875,1179887
2026-08-04 09:50:00-04:00,304.2099914550781,305.3699951171875,304.0911865234375,304.7200012207031,991966
2026-08-04 09:55:00-04:00,305.29998779296875,305.3999938964844,303.9989929199219,304.17999267578125,889462
2026-08-04 10:00:00-04:00,304.7950134277344,305.4200134277344,304.55999755859375,305.2850036621094,611925
2026-08-04 10:05:00-04:00,305.5299987792969,305.57000732421875,304.4100036621094,304.79998779296875,678836
2026-08-04 10:10:00-04:00,305.75,305.8699951171875,305.0299987792969,305.5299987792969,827227
2026-08-04 10:15:00-04:00,306.614990234375,306.760009765625,305.7099914550781,305.760009765625,962338
2026-08-04 10:20:00-04:00,306.7900085449219,307.1400146484375,306.55499267578125,306.6000061035156,912977
2026-08-04 10:25:00-04:00,306.80999755859375,306.9599914550781,306.4800109863281,306.7749938964844,711195
2026-08-04 10:30:00-04:00,306.2950134277344,306.89990234375,306.07000732421875,306.8599853515625,689679
2026-08-04 10:35:00-04:00,305.8550109863281,306.5,305.7699890136719,306.2799987792969,599934
2026-08-04 10:40:00-04:00,305.4800109863281,305.9068908691406,305.2250061035156,305.8550109863281,468958
2026-08-04 10:45:00-04:00,306.32000732421875,306.4200134277344,305.3999938964844,305.4750061035156,381240
2026-08-04 10:50:00-04:00,306.1000061035156,306.510009765625,305.9700012207031,306.3122863769531,431779
2026-08-04 10:55:00-04:00,306.2349853515625,306.25,306.0,306.1099853515625,734473
2026-08-04 11:00:00-04:00,306.1400146484375,306.25,305.8800048828125,306.25,341780
2026-08-04 11:05:00-04:00,306.3900146484375,306.4200134277344,305.9700012207031,306.159912109375,547630
2026-08-04 11:10:00-04:00,306.2423095703125,306.5,306.1600036621094,306.3800048828125,374047
2026-08-04 11:15:00-04:00,306.1000061035156,306.44000244140625,306.010009765625,306.2699890136719,348355
2026-08-04 11:20:00-04:00,306.4649963378906,306.489990234375,305.80999755859375,306.09991455078125,414670
2026-08-04 11:25:00-04:00,305.67388916015625,306.5716857910156,305.6000061035156,306.45001220703125,423094
2026-08-04 11:30:00-04:00,305.95001220703125,305.989990234375,305.489990234375,305.6700134277344,366583
2026-08-04 11:35:00-04:00,306.44000244140625,306.7300109863281,305.9599914550781,305.9800109863281,426475
2026-08-04 11:40:00-04:00,306.2598876953125,306.4800109863281,306.1199951171875,306.43011474609375,253586
2026-08-04 11:45:00-04:00,306.3794860839844,306.5400085449219,306.1000061035156,306.260009765625,264088
2026-08-04 11:50:00-04:00,306.2699890136719,306.6700134277344,306.2300109863281,306.3800048828125,670091
2026-08-04 11:55:00-04:00,306.3450012207031,306.3949890136719,306.1300048828125,306.260009765625,257297
2026-08-04 12:00:00-04:00,306.1993103027344,306.45001220703125,306.1449890136719,306.3374938964844,472346
2026-08-04 12:05:00-04:00,305.92498779296875,306.25,305.6700134277344,306.19000244140625,336621
2026-08-04 12:10:00-04:00,306.3515930175781,306.3900146484375,305.8999938964844,305.9200134277344,277168
2026-08-04 12:15:00-04:00,305.8699951171875,306.3900146484375,305.8299865722656,306.3500061035156,272290
2026-08-04 12:20:00-04:00,306.2300109863281,306.32000732421875,305.82000732421875,305.8699951171875,282484
2026-08-04 12:25:00-04:00,306.5050048828125,306.7200012207031,306.17999267578125,306.239990234375,396268
2026-08-04 12:30:00-04:00,306.4649963378906,306.54998779296875,306.3399963378906,306.5050048828125,232975
2026-08-04 12:35:00-04:00,306.739990234375,306.95001220703125,306.4704895019531,306.4750061035156,474668
2026-08-04 12:40:00-04:00,307.7650146484375,307.8399963378906,306.7200012207031,306.7449951171875,645293
2026-08-04 12:45:00-04:00,307.8999938964844,307.989990234375,307.4200134277344,307.739990234375,553016
2026-08-04 12:50:00-04:00,308.2200012207031,308.6000061035156,307.91009521484375,307.9590148925781,657419
2026-08-04 12:55:00-04:00,308.2453918457031,308.3699951171875,308.0799865722656,308.2200012207031,0
2026-08-04 13:00:00-04:00,309.29998779296875,309.29998779296875,308.20001220703125,308.2300109863281,627252
2026-08-04 13:05:00-04:00,309.614990234375,309.75,309.2799987792969,309.2850036621094,680438
2026-08-04 13:10:00-04:00,310.12200927734375,310.4200134277344,309.6099853515625,309.610107421875,785537
2026-08-04 13:15:00-04:00,309.70001220703125,310.25,309.6600036621094,310.1300048828125,516736
2026-08-04 13:20:00-04:00,308.9277038574219,309.7099914550781,308.8999938964844,309.69000244140625,474432
2026-08-04 13:25:00-04:00,308.8999938964844,309.1499938964844,308.8599853515625,308.9200134277344,396471
2026-08-04 13:30:00-04:00,308.72808837890625,309.0,308.6600036621094,308.8999938964844,319683
2026-08-04 13:35:00-04:00,309.322998046875,309.3399963378906,308.7099914550781,308.7300109863281,415352
2026-08-04 13:40:00-04:00,309.5830078125,309.6000061035156,309.29998779296875,309.32501220703125,388575
2026-08-04 13:45:00-04:00,309.9206848144531,310.1300048828125,309.5400085449219,309.55999755859375,585617
2026-08-04 13:50:00-04:00,309.60321044921875,309.9100036621094,309.4700012207031,309.9100036621094,352134
2026-08-04 13:55:00-04:00,309.3599853515625,309.94000244140625,309.3299865722656,309.5799865722656,320677
2026-08-04 14:00:00-04:00,309.8399963378906,309.91241455078125,309.25,309.3399963378906,1106554
2026-08-04 14:05:00-04:00,309.95001220703125,309.989990234375,309.6700134277344,309.8299865722656,320244
2026-08-04 14:10:00-04:00,310.0299987792969,310.0950012207031,309.8800048828125,309.94000244140625,280314
2026-08-04 14:15:00-04:00,309.8999938964844,310.1199951171875,309.80999755859375,310.0199890136719,366533
2026-08-04 14:20:00-04:00,309.48651123046875,309.92498779296875,309.3599853515625,309.9049987792969,331539
2026-08-04 14:25:00-04:00,309.32000732421875,309.5199890136719,309.20001220703125,309.4649963378906,267704
2026-08-04 14:30:00-04:00,309.1400146484375,309.5,309.0899963378906,309.30999755859375,294201
2026-08-04 14:35:00-04:00,308.92999267578125,309.19000244140625,308.8800048828125,309.1400146484375,282621
2026-08-04 14:40:00-04:00,308.81500244140625,308.93499755859375,308.6400146484375,308.93499755859375,291716
2026-08-04 14:45:00-04:00,309.0400085449219,309.1199951171875,308.79998779296875,308.82000732421875,287433
2026-08-04 14:50:00-04:00,309.18499755859375,309.2300109863281,309.010009765625,309.04779052734375,222561
2026-08-04 14:55:00-04:00,308.5199890136719,309.28851318359375,308.4800109863281,309.19000244140625,492299
2026-08-04 15:00:00-04:00,308.6499938964844,308.8799133300781,308.5,308.5249938964844,404070
2026-08-04 15:05:00-04:00,308.5199890136719,308.70001220703125,308.25,308.6400146484375,442056
2026-08-04 15:10:00-04:00,308.7200012207031,308.8500061035156,308.5199890136719,308.5299987792969,466547
2026-08-04 15:15:00-04:00,308.739990234375,308.8599853515625,308.57000732421875,308.7250061035156,434599
2026-08-04 15:20:00-04:00,309.53228759765625,309.57000732421875,308.7099914550781,308.7349853515625,516743
2026-08-04 15:25:00-04:00,309.5799865722656,309.79998779296875,309.4750061035156,309.54998779296875,550780
2026-08-04 15:30:00-04:00,310.07000732421875,310.0799865722656,309.510009765625,309.5799865722656,560458
2026-08-04 15:35:00-04:00,310.04998779296875,310.239990234375,310.0,310.06500244140625,508932
2026-08-04 15:40:00-04:00,310.2749938964844,310.2900085449219,309.9700012207031,310.07000732421875,528676
2026-08-04 15:45:00-04:00,310.3757019042969,310.4200134277344,310.1000061035156,310.260009765625,629005
2026-08-04 15:50:00-04:00,309.6499938964844,310.3999938964844,309.3999938964844,310.3999938964844,1320579
2026-08-04 15:55:00-04:00,309.3900146484375,309.8699951171875,308.8800048828125,309.6499938964844,2163658
2026-08-05 09:30:00-04:00,308.6300048828125,309.3800048828125,307.6499938964844,309.3599853515625,3202077
2026-08-05 09:35:00-04:00,307.760009765625,308.635009765625,305.6700134277344,308.635009765625,1714140
2026-08-05 09:40:00-04:00,308.1600036621094,308.2900085449219,307.1300048828125,307.7749938964844,733779
2026-08-05 09:45:00-04:00,307.2850036621094,308.19500732421875,307.2701110839844,308.1700134277344,584362
2026-08-05 09:50:00-04:00,307.7701110839844,308.239990234375,306.8900146484375,307.28009033203125,789224
2026-08-05 09:55:00-04:00,308.0,308.1825866699219,307.6401062011719,307.7900085449219,471345
2026-08-05 10:00:00-04:00,308.3299865722656,308.3494873046875,307.5299987792969,307.9800109863281,557067
2026-08-05 10:05:00-04:00,307.67498779296875,308.3944091796875,307.62860107421875,308.32000732421875,446126
2026-08-05 10:10:00-04:00,308.4198913574219,308.5,307.3500061035156,307.67999267578125,473959
2026-08-05 10:15:00-04:00,308.28009033203125,308.7099914550781,308.05999755859375,308.3999938964844,480901
2026-08-05 10:20:00-04:00,308.3349914550781,309.0498962402344,308.2550048828125,308.2799987792969,519681
2026-08-05 10:25:00-04:00,306.7275085449219,308.3550109863281,306.7200012207031,308.3450012207031,572287
2026-08-05 10:30:00-04:00,306.8299865722656,307.05999755859375,306.2699890136719,306.70001220703125,629632
2026-08-05 10:35:00-04:00,307.5408935546875,307.67999267578125,306.7699890136719,306.8389892578125,563542
2026-08-05 10:40:00-04:00,308.84991455078125,308.8800048828125,307.5400085449219,307.57501220703125,579557
2026-08-05 10:45:00-04:00,309.9299011230469,310.0799865722656,308.8299865722656,308.8500061035156,802777
2026-08-05 10:50:00-04:00,310.7099914550781,311.2200012207031,309.9100036621094,309.9100036621094,939261
2026-08-05 10:55:00-04:00,311.32501220703125,311.3599853515625,310.3900146484375,310.7300109863281,605125
2026-08-05 11:00:00-04:00,311.0350036621094,311.3699951171875,310.5899963378906,311.3399963378906,563531
2026-08-05 11:05:00-04:00,311.5450134277344,311.6600036621094,310.8540954589844,311.0400085449219,617726
2026-08-05 11:10:00-04:00,310.5199890136719,311.70819091796875,310.5199890136719,311.5465087890625,542961
2026-08-05 11:15:00-04:00,309.8299865722656,310.6050109863281,309.30999755859375,310.510009765625,825045
2026-08-05 11:20:00-04:00,309.70001220703125,309.92950439453125,309.5,309.80999755859375,356274
2026-08-05 11:25:00-04:00,308.5950012207031,309.70001220703125,308.4200134277344,309.69000244140625,401258
2026-08-05 11:30:00-04:00,308.6499938964844,309.0,308.57000732421875,308.5950012207031,351705
2026-08-05 11:35:00-04:00,308.41571044921875,308.75,308.17999267578125,308.6600036621094,318861
2026-08-05 11:40:00-04:00,308.2650146484375,308.489990234375,308.1400146484375,308.43499755859375,280228
2026-08-05 11:45:00-04:00,308.04998779296875,308.3299865722656,307.8299865722656,308.2651062011719,361086
2026-08-05 11:50:00-04:00,308.4049987792969,308.4800109863281,307.9100036621094,308.0299987792969,341802
2026-08-05 11:55:00-04:00,307.9700012207031,308.5198974609375,307.8500061035156,308.3987121582031,423331
2026-08-05 12:00:00-04:00,308.70001220703125,308.92498779296875,307.9599914550781,307.9700012207031,545235
2026-08-05 12:05:00-04:00,309.20001220703125,309.44000244140625,308.6401062011719,308.7008972167969,379025
2026-08-05 12:10:00-04:00,309.0950012207031,309.3800048828125,308.8900146484375,309.20001220703125,314061
2026-08-05 12:15:00-04:00,308.92498779296875,309.1055908203125,308.8800048828125,309.0899963378906,199962
2026-08-05 12:20:00-04:00,309.0299987792969,309.3299865722656,308.8504943847656,308.9200134277344,186103
2026-08-05 12:25:00-04:00,308.639892578125,309.2300109863281,308.60009765625,309.03570556640625,229203
2026-08-05 12:30:00-04:00,308.92498779296875,308.989990234375,308.45001220703125,308.6300048828125,246819
2026-08-05 12:35:00-04:00,308.69000244140625,309.1199951171875,308.6499938964844,308.92999267578125,232552
2026-08-05 12:40:00-04:00,309.2900085449219,309.3399963378906,308.6600036621094,308.6600036621094,324801
2026-08-05 12:45:00-04:00,309.05999755859375,309.3399963378906,308.8999938964844,309.2799987792969,170475
2026-08-05 12:50:00-04:00,309.05499267578125,309.1000061035156,308.8299865722656,309.05999755859375,195399
2026-08-05 12:55:00-04:00,308.8299865722656,309.1199951171875,308.75,309.05499267578125,202819
2026-08-05 13:00:00-04:00,309.0400085449219,309.125,308.82000732421875,308.8299865722656,170091
2026-08-05 13:05:00-04:00,309.2699890136719,309.364990234375,308.92999267578125,309.0299987792969,201422
2026-08-05 13:10:00-04:00,309.7200012207031,309.7699890136719,309.25,309.2699890136719,268049
2026-08-05 13:15:00-04:00,309.7699890136719,309.9800109863281,309.6600036621094,309.7149963378906,225979
2026-08-05 13:20:00-04:00,309.80999755859375,309.8494873046875,309.5799865722656,309.7749938964844,205823
2026-08-05 13:25:00-04:00,309.739990234375,309.82000732421875,309.5899963378906,309.7799987792969,154422
2026-08-05 13:30:00-04:00,310.1449890136719,310.1700134277344,309.6400146484375,309.75,247380
2026-08-05 13:35:00-04:00,309.760009765625,310.2200012207031,309.67999267578125,310.1400146484375,258752
2026-08-05 13:40:00-04:00,309.625,309.95001220703125,309.4200134277344,309.7650146484375,232894
2026-08-05 13:45:00-04:00,309.24200439453125,309.6099853515625,309.1400146484375,309.6050109863281,240692
2026-08-05 13:50:00-04:00,309.1400146484375,309.2950134277344,308.989990234375,309.239990234375,188362
2026-08-05 13:55:00-04:00,308.9200134277344,309.17999267578125,308.739990234375,309.1400146484375,178093
2026-08-05 14:00:00-04:00,308.7300109863281,308.9599914550781,308.6000061035156,308.9200134277344,185603
2026-08-05 14:05:00-04:00,308.6499938964844,308.7650146484375,308.5400085449219,308.7049865722656,218764
2026-08-05 14:10:00-04:00,308.510009765625,308.6499938964844,308.3219909667969,308.6400146484375,209892
2026-08-05 14:15:00-04:00,308.614990234375,308.6700134277344,308.4100036621094,308.5199890136719,197604
2026-08-05 14:20:00-04:00,308.3450012207031,308.6199951171875,308.31500244140625,308.6199951171875,205394
2026-08-05 14:25:00-04:00,308.1900939941406,308.42999267578125,308.0799865722656,308.3450927734375,292896
2026-08-05 14:30:00-04:00,308.32000732421875,308.3500061035156,308.0849914550781,308.2091979980469,953608
2026-08-05 14:35:00-04:00,308.44989013671875,308.4949951171875,308.3100891113281,308.32000732421875,221719
2026-08-05 14:40:00-04:00,308.6300048828125,308.739990234375,308.42498779296875,308.4599914550781,258049
2026-08-05 14:45:00-04:00,308.6910095214844,308.739990234375,308.4849853515625,308.625,201084
2026-08-05 14:50:00-04:00,309.0354919433594,309.1199951171875,308.65240478515625,308.70001220703125,209865
2026-08-05 14:55:00-04:00,308.9599914550781,309.0899963378906,308.79998779296875,309.0400085449219,192850
2026-08-05 15:00:00-04:00,308.7699890136719,309.0799865722656,308.70001220703125,308.95001220703125,200893
2026-08-05 15:05:00-04:00,309.0350036621094,309.1400146484375,308.7099914550781,308.7723083496094,225750
2026-08-05 15:10:00-04:00,308.9100036621094,309.0400085449219,308.8349914550781,309.0350036621094,629959
2026-08-05 15:15:00-04:00,309.0,309.0791015625,308.9150085449219,308.9150085449219,186612
2026-08-05 15:20:00-04:00,309.8599853515625,309.8699951171875,308.9599914550781,308.9949951171875,340276
2026-08-05 15:25:00-04:00,309.6200866699219,309.8789978027344,309.614990234375,309.8599853515625,430072
2026-08-05 15:30:00-04:00,309.989990234375,310.05999755859375,309.5799865722656,309.6099853515625,453679
2026-08-05 15:35:00-04:00,309.67999267578125,309.9800109863281,309.3900146484375,309.9800109863281,395974
2026-08-05 15:40:00-04:00,309.9049987792969,309.9700012207031,309.5199890136719,309.67999267578125,368091
2026-08-05 15:45:00-04:00,310.1199951171875,310.2250061035156,309.81500244140625,309.9200134277344,498465
2026-08-05 15:50:00-04:00,310.92999267578125,310.92999267578125,310.1400146484375,310.1400146484375,1106576
2026-08-05 15:55:00-04:00,310.9200134277344,311.55499267578125,310.760009765625,310.92999267578125,3303994
2026-08-06 09:30:00-04:00,314.42999267578125,316.1300048828125,313.7301025390625,314.3399963378906,2659995
2026-08-06 09:35:00-04:00,313.94000244140625,314.93499755859375,313.489990234375,314.4200134277344,829864
2026-08-06 09:40:00-04:00,314.7699890136719,315.1499938964844,313.8399963378906,313.9237976074219,657454
2026-08-06 09:45:00-04:00,315.489990234375,315.9700012207031,314.55999755859375,314.7001037597656,821429
2026-08-06 09:50:00-04:00,316.010009765625,316.05999755859375,315.04998779296875,315.5199890136719,731246
2026-08-06 09:55:00-04:00,314.7699890136719,316.2893981933594,314.7699890136719,316.0,844985
2026-08-06 10:00:00-04:00,314.78448486328125,315.19000244140625,314.3299865722656,314.79998779296875,540000
2026-08-06 10:05:00-04:00,313.6400146484375,314.79998779296875,313.6000061035156,314.79998779296875,555318
2026-08-06 10:10:00-04:00,313.31781005859375,313.760009765625,312.70001220703125,313.6549987792969,710713
2026-08-06 10:15:00-04:00,312.5799865722656,313.4549865722656,312.4100036621094,313.32000732421875,934290
2026-08-06 10:20:00-04:00,312.3999938964844,312.70001220703125,312.1199951171875,312.5899963378906,661662
2026-08-06 10:25:00-04:00,312.8399963378906,312.8900146484375,312.2550048828125,312.385009765625,540021
2026-08-06 10:30:00-04:00,312.860107421875,313.2900085449219,312.3800964355469,312.79998779296875,533747
2026-08-06 10:35:00-04:00,312.135009765625,312.92999267578125,311.78009033203125,312.9049987792969,626056
2026-08-06 10:40:00-04:00,312.42498779296875,312.54998779296875,312.010009765625,312.114990234375,322237
2026-08-06 10:45:00-04:00,312.82379150390625,313.4399108886719,312.25,312.42498779296875,510489
2026-08-06 10:50:00-04:00,313.32000732421875,313.57000732421875,312.72100830078125,312.8299865722656,467690
2026-08-06 10:55:00-04:00,313.3435974121094,313.6400146484375,313.0,313.32501220703125,371102
2026-08-06 11:00:00-04:00,312.82000732421875,313.3699035644531,312.3800048828125,313.3599853515625,369828
2026-08-06 11:05:00-04:00,312.6394958496094,312.81988525390625,312.4200134277344,312.7900085449219,300384
2026-08-06 11:10:00-04:00,312.15289306640625,312.6600036621094,312.0050048828125,312.635009765625,446531
2026-08-06 11:15:00-04:00,310.7250061035156,312.2699890136719,310.7200012207031,312.2200012207031,554499
2026-08-06 11:20:00-04:00,310.0400085449219,310.7701110839844,309.6600036621094,310.7250061035156,723511
2026-08-06 11:25:00-04:00,310.1000061035156,310.1642150878906,309.7099914550781,310.0299987792969,512094
2026-08-06 11:30:00-04:00,310.2149963378906,310.3699951171875,309.7900085449219,310.1050109863281,491726
2026-08-06 11:35:00-04:00,310.20001220703125,310.4100036621094,310.07501220703125,310.20001220703125,300735
2026-08-06 11:40:00-04:00,310.07000732421875,310.30999755859375,309.9599914550781,310.17999267578125,295789
2026-08-06 11:45:00-04:00,310.0450134277344,310.1499938964844,309.7200012207031,310.07501220703125,326266
2026-08-06 11:50:00-04:00,309.8699951171875,310.25,309.760009765625,310.0357971191406,251392
2026-08-06 11:55:00-04:00,309.5400085449219,309.9389953613281,309.2300109863281,309.8699951171875,375099
2026-08-06 12:00:00-04:00,309.94500732421875,309.9599914550781,309.42999267578125,309.5299987792969,246886
2026-08-06 12:05:00-04:00,309.8900146484375,309.96990966796875,309.25,309.95001220703125,420199
2026-08-06 12:10:00-04:00,309.9800109863281,310.0799865722656,309.70001220703125,309.8900146484375,203943
2026-08-06 12:15:00-04:00,310.4999084472656,310.4999084472656,309.79998779296875,309.9800109863281,269435
2026-08-06 12:20:00-04:00,310.9599914550781,311.04998779296875,310.43499755859375,310.5,319010
2026-08-06 12:25:00-04:00,311.1570129394531,311.260009765625,310.7300109863281,310.94000244140625,274063
2026-08-06 12:30:00-04:00,311.38238525390625,311.4198913574219,311.1199951171875,311.1600036621094,231959
2026-08-06 12:35:00-04:00,311.6199951171875,311.6700134277344,311.3399963378906,311.3900146484375,254623
2026-08-06 12:40:00-04:00,311.3599853515625,311.6300048828125,311.260009765625,311.6199951171875,221975
2026-08-06 12:45:00-04:00,311.5199890136719,311.55999755859375,311.2799987792969,311.364990234375,201616
2026-08-06 12:50:00-04:00,311.5299987792969,311.531005859375,311.3349914550781,311.5050048828125,167131
2026-08-06 12:55:00-04:00,311.6600036621094,311.760009765625,311.4599914550781,311.52410888671875,215218
2026-08-06 13:00:00-04:00,311.489990234375,311.760009765625,311.4307861328125,311.6499938964844,164134
2026-08-06 13:05:00-04:00,310.720703125,311.55999755859375,310.7099914550781,311.5098876953125,354029
2026-08-06 13:10:00-04:00,310.885009765625,310.9200134277344,310.7300109863281,310.7300109863281,1236897
2026-08-06 13:15:00-04:00,311.1099853515625,311.20001220703125,310.885009765625,310.8900146484375,222145
2026-08-06 13:20:00-04:00,311.2449951171875,311.25,311.0400085449219,311.114990234375,296184
2026-08-06 13:25:00-04:00,311.2005920410156,311.239990234375,311.0799865722656,311.2300109863281,182513
2026-08-06 13:30:00-04:00,311.3940124511719,311.42999267578125,311.18011474609375,311.2099914550781,199330
2026-08-06 13:35:00-04:00,311.3999938964844,311.44989013671875,311.29010009765625,311.3949890136719,168490
2026-08-06 13:40:00-04:00,311.57000732421875,311.57000732421875,311.3299865722656,311.3949890136719,148904
2026-08-06 13:45:00-04:00,311.5400085449219,311.5799865722656,311.4502868652344,311.5600891113281,159378
2026-08-06 13:50:00-04:00,311.92999267578125,311.95001220703125,311.5299987792969,311.5400085449219,223541
2026-08-06 13:55:00-04:00,312.1600036621094,312.17999267578125,311.8710021972656,311.94000244140625,232337
2026-08-06 14:00:00-04:00,312.19989013671875,312.2200012207031,311.9800109863281,312.17999267578125,239894
2026-08-06 14:05:00-04:00,312.0400085449219,312.25,312.0299987792969,312.19000244140625,213902
2026-08-06 14:10:00-04:00,311.989990234375,312.20001220703125,311.9800109863281,312.0450134277344,177313
2026-08-06 14:15:00-04:00,311.9599914550781,312.1099853515625,311.79998779296875,311.989990234375,335446
2026-08-06 14:20:00-04:00,312.17498779296875,312.2200012207031,311.9599914550781,311.9700012207031,169880
2026-08-06 14:25:00-04:00,312.239990234375,312.4200134277344,312.1400146484375,312.17498779296875,182008
2026-08-06 14:30:00-04:00,312.32501220703125,312.4700012207031,312.19000244140625,312.2477111816406,185759
2026-08-06 14:35:00-04:00,311.95001220703125,312.3999938964844,311.8800048828125,312.3500061035156,189311
2026-08-06 14:40:00-04:00,311.9880065917969,312.1449890136719,311.8800048828125,311.9549865722656,151882
2026-08-06 14:45:00-04:00,312.13018798828125,312.17999267578125,311.92230224609375,311.9750061035156,146163
2026-08-06 14:50:00-04:00,312.239990234375,312.2799987792969,312.0369873046875,312.135009765625,168502
2026-08-06 14:55:00-04:00,312.2699890136719,312.3399963378906,312.1499938964844,312.2409973144531,168807
2026-08-06 15:00:00-04:00,312.3500061035156,312.3999938964844,312.090087890625,312.2699890136719,189629
2026-08-06 15:05:00-04:00,312.3900146484375,312.5,312.29998779296875,312.35009765625,208973
2026-08-06 15:10:00-04:00,312.42999267578125,312.4649963378906,312.260009765625,312.3900146484375,206666
2026-08-06 15:15:00-04:00,312.3800048828125,312.42999267578125,312.1499938964844,312.4100036621094,844171
2026-08-06 15:20:00-04:00,312.6099853515625,312.82000732421875,312.3500061035156,312.3699951171875,315952
2026-08-06 15:25:00-04:00,312.5799865722656,312.75,312.45001220703125,312.6000061035156,251873
2026-08-06 15:30:00-04:00,312.739990234375,312.739990234375,312.3999938964844,312.5899963378906,306659
2026-08-06 15:35:00-04:00,312.6400146484375,312.8291015625,312.6000061035156,312.7250061035156,372859
2026-08-06 15:40:00-04:00,312.7950134277344,312.92999267578125,312.55999755859375,312.635009765625,489817
2026-08-06 15:45:00-04:00,312.4800109863281,312.8299865722656,312.2300109863281,312.80999755859375,399513
2026-08-06 15:50:00-04:00,312.42999267578125,312.54998779296875,311.7799987792969,312.4100036621094,729765
2026-08-06 15:55:00-04:00,312.45001220703125,312.94000244140625,312.23028564453125,312.42999267578125,1498147
2026-08-07 09:30:00-04:00,313.2001037597656,313.80999755859375,311.2049865722656,311.32000732421875,1955509
2026-08-07 09:35:00-04:00,312.2250061035156,313.58990478515625,312.04998779296875,313.2250061035156,537765
2026-08-07 09:40:00-04:00,311.7799987792969,312.30999755859375,310.739990234375,312.2149963378906,757027
2026-08-07 09:45:00-04:00,311.260009765625,312.1781005859375,311.1499938964844,311.7699890136719,520507
2026-08-07 09:50:00-04:00,311.79998779296875,311.79998779296875,311.0299987792969,311.25,547509
2026-08-07 09:55:00-04:00,311.7349853515625,312.0799865722656,311.4800109863281,311.75,342423
2026-08-07 10:00:00-04:00,312.2900085449219,312.33990478515625,311.6499938964844,311.69000244140625,448508
2026-08-07 10:05:00-04:00,312.4200134277344,312.5880126953125,311.9005126953125,312.2950134277344,388124
2026-08-07 10:10:00-04:00,312.1400146484375,312.4599914550781,312.0350036621094,312.4100036621094,332952
2026-08-07 10:15:00-04:00,313.07000732421875,313.0780029296875,311.75,312.1401062011719,477295
2026-08-07 10:20:00-04:00,314.0400085449219,314.1000061035156,312.97021484375,313.0899963378906,501281
2026-08-07 10:25:00-04:00,314.0799865722656,314.135009765625,313.6700134277344,314.04998779296875,406343
2026-08-07 10:30:00-04:00,314.260009765625,314.80999755859375,313.9700012207031,314.0899963378906,601590
2026-08-07 10:35:00-04:00,314.2099914550781,314.3699951171875,313.9150085449219,314.2699890136719,346479
2026-08-07 10:40:00-04:00,314.2799987792969,314.3800048828125,314.04998779296875,314.2200012207031,252699
2026-08-07 10:45:00-04:00,314.07000732421875,314.3599853515625,314.0199890136719,314.2449951171875,217842
2026-08-07 10:50:00-04:00,313.8999938964844,314.1400146484375,313.6499938964844,314.06500244140625,379261
2026-08-07 10:55:00-04:00,314.3179931640625,314.3800048828125,313.8399963378906,313.8999938964844,798391
2026-08-07 11:00:00-04:00,314.19500732421875,314.3500061035156,314.0299987792969,314.30999755859375,173177
2026-08-07 11:05:00-04:00,313.8399963378906,314.2300109863281,313.7799987792969,314.19000244140625,184463
2026-08-07 11:10:00-04:00,313.9442138671875,314.04998779296875,313.54998779296875,313.81500244140625,185690
2026-08-07 11:15:00-04:00,313.1300048828125,313.94000244140625,313.1239013671875,313.93499755859375,503815
2026-08-07 11:20:00-04:00,313.2200012207031,313.2900085449219,313.0,313.1300048828125,279525
2026-08-07 11:25:00-04:00,313.3599853515625,313.3949890136719,313.0867004394531,313.2200012207031,238951
2026-08-07 11:30:00-04:00,312.4949951171875,313.4200134277344,312.4200134277344,313.3599853515625,344110
2026-08-07 11:35:00-04:00,312.6400146484375,312.7799987792969,312.4569091796875,312.5050048828125,279251
2026-08-07 11:40:00-04:00,312.6000061035156,312.69000244140625,312.44000244140625,312.6499938964844,242536
2026-08-07 11:45:00-04:00,312.2099914550781,312.6000061035156,312.1499938964844,312.6000061035156,299052
2026-08-07 11:50:00-04:00,312.30999755859375,312.3280029296875,312.0199890136719,312.2099914550781,504283
2026-08-07 11:55:00-04:00,312.1499938964844,312.3299865722656,312.0400085449219,312.30999755859375,197983
2026-08-07 12:00:00-04:00,312.4200134277344,312.42999267578125,312.0799865722656,312.1400146484375,265125
2026-08-07 12:05:00-04:00,311.75,312.4200134277344,311.6600036621094,312.4200134277344,310151
2026-08-07 12:10:00-04:00,311.8208923339844,311.8699951171875,311.54998779296875,311.75,227820
2026-08-07 12:15:00-04:00,311.8500061035156,311.9309997558594,311.760009765625,311.82501220703125,228892
2026-08-07 12:20:00-04:00,311.7001037597656,311.9599914550781,311.7001037597656,311.8599853515625,210388
2026-08-07 12:25:00-04:00,311.69000244140625,311.82000732421875,311.5400085449219,311.7272033691406,148816
2026-08-07 12:30:00-04:00,311.8900146484375,311.8900146484375,311.610107421875,311.69500732421875,154772
2026-08-07 12:35:00-04:00,312.07000732421875,312.1600036621094,311.8949890136719,311.8999938964844,216293
2026-08-07 12:40:00-04:00,312.17498779296875,312.260009765625,312.0199890136719,312.0799865722656,200593
2026-08-07 12:45:00-04:00,312.3599853515625,312.489013671875,312.1300048828125,312.17999267578125,198546
2026-08-07 12:50:00-04:00,312.2200012207031,312.3900146484375,312.1199951171875,312.3550109863281,176262
2026-08-07 12:55:00-04:00,312.2200012207031,312.29998779296875,312.127197265625,312.2149963378906,124223
2026-08-07 13:00:00-04:00,312.42498779296875,312.4800109863281,312.17999267578125,312.2250061035156,163459
2026-08-07 13:05:00-04:00,312.3399963378906,312.5299987792969,312.260009765625,312.42498779296875,170059
2026-08-07 13:10:00-04:00,312.4700012207031,312.55999755859375,312.2799987792969,312.32501220703125,208580
2026-08-07 13:15:00-04:00,312.602294921875,312.6549987792969,312.2950134277344,312.4700012207031,204125
2026-08-07 13:20:00-04:00,312.827392578125,312.9032897949219,312.6099853515625,312.6099853515625,185440
2026-08-07 13:25:00-04:00,312.739990234375,312.83990478515625,312.6700134277344,312.82501220703125,171222
2026-08-07 13:30:00-04:00,312.7200012207031,312.8800048828125,312.6700134277344,312.739990234375,156310
2026-08-07 13:35:00-04:00,312.9800109863281,313.06500244140625,312.5899963378906,312.7149963378906,226218
2026-08-07 13:40:00-04:00,312.9917907714844,313.0733947753906,312.8399963378906,312.989990234375,125749
2026-08-07 13:45:00-04:00,313.1199951171875,313.1700134277344,312.9700012207031,313.0,165755
2026-08-07 13:50:00-04:00,313.0,313.25,312.9100036621094,313.1099853515625,275921
2026-08-07 13:55:00-04:00,312.9800109863281,313.1700134277344,312.91009521484375,313.0,182863
2026-08-07 14:00:00-04:00,312.7900085449219,313.05999755859375,312.57000732421875,312.9849853515625,278343
2026-08-07 14:05:00-04:00,312.5,312.8399963378906,312.4800109863281,312.79998779296875,199998
2026-08-07 14:10:00-04:00,312.3818054199219,312.7449951171875,312.2799987792969,312.489990234375,190225
2026-08-07 14:15:00-04:00,312.2699890136719,312.3999938964844,312.05999755859375,312.3699951171875,223192
2026-08-07 14:20:00-04:00,312.1000061035156,312.364990234375,312.07000732421875,312.25,144538
2026-08-07 14:25:00-04:00,311.91900634765625,312.1600036621094,311.82000732421875,312.1000061035156,197292
2026-08-07 14:30:00-04:00,311.82501220703125,311.9999084472656,311.67999267578125,311.91009521484375,172241
2026-08-07 14:35:00-04:00,311.92999267578125,311.9700012207031,311.81500244140625,311.82501220703125,128814
2026-08-07 14:40:00-04:00,311.8900146484375,312.04998779296875,311.82000732421875,311.92999267578125,202644
2026-08-07 14:45:00-04:00,311.92498779296875,311.9599914550781,311.8299865722656,311.8999938964844,143532
2026-08-07 14:50:00-04:00,312.159912109375,312.1700134277344,311.9100036621094,311.9208068847656,147791
2026-08-07 14:55:00-04:00,312.42999267578125,312.489990234375,312.1025085449219,312.1400146484375,195299
2026-08-07 15:00:00-04:00,312.3949890136719,312.5,312.2300109863281,312.45001220703125,249378
2026-08-07 15:05:00-04:00,312.7200012207031,312.72149658203125,312.3832092285156,312.3999938964844,209127
2026-08-07 15:10:00-04:00,312.8550109863281,312.9100036621094,312.7130126953125,312.71990966796875,230721
2026-08-07 15:15:00-04:00,312.8900146484375,313.1199951171875,312.8399963378906,312.8500061035156,279127
2026-08-07 15:20:00-04:00,313.2200012207031,313.260009765625,312.8599853515625,312.9100036621094,216817
2026-08-07 15:25:00-04:00,313.2774963378906,313.3900146484375,313.19000244140625,313.2200012207031,438243
2026-08-07 15:30:00-04:00,313.125,313.30999755859375,313.0299987792969,313.2799987792969,400642
2026-08-07 15:35:00-04:00,313.2149963378906,313.27069091796875,313.0,313.125,282845
2026-08-07 15:40:00-04:00,313.260009765625,313.3340148925781,313.1000061035156,313.2200012207031,383606
2026-08-07 15:45:00-04:00,313.1050109863281,313.30999755859375,313.04998779296875,313.25,257149
2026-08-07 15:50:00-04:00,313.2300109863281,313.6000061035156,312.92498779296875,313.1000061035156,731339
2026-08-07 15:55:00-04:00,313.29998779296875,314.17999267578125,313.20001220703125,313.2250061035156,2197847
2026-08-10 09:30:00-04:00,306.6300048828125,307.3103942871094,304.6300048828125,306.8299865722656,6111372
2026-08-10 09:35:00-04:00,305.9049987792969,306.72900390625,304.8999938964844,306.67498779296875,1131386
2026-08-10 09:40:00-04:00,305.864990234375,306.5,305.625,305.9525146484375,1017875
2026-08-10 09:45:00-04:00,306.8900146484375,306.8999938964844,305.6600036621094,305.8500061035156,1085631
2026-08-10 09:50:00-04:00,306.6000061035156,307.4200134277344,306.1180114746094,306.8550109863281,918738
2026-08-10 09:55:00-04:00,307.04998779296875,307.2200012207031,306.4800109863281,306.5400085449219,580500
2026-08-10 10:00:00-04:00,307.32501220703125,307.4200134277344,306.6402893066406,307.0400085449219,625648
2026-08-10 10:05:00-04:00,306.4100036621094,307.389892578125,306.25,307.3399963378906,635742
2026-08-10 10:10:00-04:00,306.5299987792969,306.55999755859375,305.95001220703125,306.39080810546875,634560
2026-08-10 10:15:00-04:00,307.05999755859375,307.0799865722656,306.2900085449219,306.510009765625,641358
2026-08-10 10:20:00-04:00,306.78009033203125,307.4559020996094,306.7200012207031,307.0400085449219,473960
2026-08-10 10:25:00-04:00,306.8800048828125,307.25,306.6400146484375,306.7950134277344,351952
2026-08-10 10:30:00-04:00,306.9100036621094,307.20001220703125,306.706787109375,306.8970947265625,382626
2026-08-10 10:35:00-04:00,306.6077880859375,306.9599914550781,306.510009765625,306.93499755859375,312455
2026-08-10 10:40:00-04:00,306.7449951171875,306.7900085449219,306.4599914550781,306.5899963378906,281854
2026-08-10 10:45:00-04:00,306.4549865722656,306.8800048828125,306.2250061035156,306.7449951171875,446157
2026-08-10 10:50:00-04:00,306.8465881347656,306.8500061035156,306.3500061035156,306.448486328125,373274
2026-08-10 10:55:00-04:00,307.125,307.20989990234375,306.6401062011719,306.8299865722656,321443
2026-08-10 11:00:00-04:00,306.70001220703125,307.1400146484375,306.6499938964844,307.125,295438
2026-08-10 11:05:00-04:00,306.6400146484375,306.760009765625,306.45001220703125,306.69500732421875,274946
2026-08-10 11:10:00-04:00,306.3900146484375,306.8900146484375,306.3900146484375,306.6499938964844,322810
2026-08-10 11:15:00-04:00,306.6499938964844,306.8703918457031,306.281005859375,306.4049987792969,220473
2026-08-10 11:20:00-04:00,306.625,306.73541259765625,306.54998779296875,306.6499938964844,177440
2026-08-10 11:25:00-04:00,306.5585021972656,306.69000244140625,306.42999267578125,306.6300048828125,263735
2026-08-10 11:30:00-04:00,306.4049987792969,306.6099853515625,306.3999938964844,306.5205078125,250896
2026-08-10 11:35:00-04:00,306.5199890136719,306.6400146484375,306.32000732421875,306.409912109375,244679
2026-08-10 11:40:00-04:00,306.5450134277344,306.7900085449219,306.4700012207031,306.5199890136719,217341
2026-08-10 11:45:00-04:00,306.6400146484375,306.67999267578125,306.510009765625,306.54998779296875,159956
2026-08-10 11:50:00-04:00,306.8949890136719,306.9490051269531,306.54010009765625,306.6400146484375,201646
2026-08-10 11:55:00-04:00,307.17999267578125,307.2300109863281,306.8299865722656,306.8700866699219,293886
2026-08-10 12:00:00-04:00,306.4949951171875,307.2471923828125,306.4700012207031,307.1099853515625,303266
2026-08-10 12:05:00-04:00,306.037109375,306.54998779296875,306.0199890136719,306.4800109863281,480979
2026-08-10 12:10:00-04:00,305.5450134277344,306.1099853515625,305.3901062011719,306.04998779296875,804241
2026-08-10 12:15:00-04:00,305.6700134277344,305.69989013671875,305.04998779296875,305.5450134277344,534042
2026-08-10 12:20:00-04:00,305.6300048828125,305.9912109375,305.5299987792969,305.67498779296875,401877
2026-08-10 12:25:00-04:00,305.5299987792969,305.6737976074219,305.45001220703125,305.6300048828125,257512
2026-08-10 12:30:00-04:00,305.25,305.69000244140625,305.1700134277344,305.54998779296875,370480
2026-08-10 12:35:00-04:00,305.4750061035156,305.6700134277344,305.19000244140625,305.27740478515625,302380
2026-08-10 12:40:00-04:00,305.6357116699219,305.760009765625,305.4200134277344,305.4750061035156,241209
2026-08-10 12:45:00-04:00,305.8800048828125,305.9599914550781,305.6099853515625,305.6449890136719,269461
2026-08-10 12:50:00-04:00,306.0685119628906,306.0791015625,305.80499267578125,305.875,207090
2026-08-10 12:55:00-04:00,306.2699890136719,306.2900085449219,306.010009765625,306.05999755859375,233740
2026-08-10 13:00:00-04:00,306.4901123046875,306.5299987792969,306.2200012207031,306.2699890136719,305225
2026-08-10 13:05:00-04:00,306.614990234375,306.6300048828125,306.25,306.497802734375,236856
2026-08-10 13:10:00-04:00,306.4549865722656,306.614990234375,306.3102111816406,306.614990234375,195531
2026-08-10 13:15:00-04:00,306.4150085449219,306.7900085449219,306.4100036621094,306.4599914550781,232933
2026-08-10 13:20:00-04:00,306.6080017089844,306.6400146484375,306.28070068359375,306.4100036621094,191413
2026-08-10 13:25:00-04:00,306.4700012207031,306.6050109863281,306.2500915527344,306.6050109863281,187244
2026-08-10 13:30:00-04:00,306.5,306.5780029296875,306.3500061035156,306.4700012207031,192199
2026-08-10 13:35:00-04:00,306.5799865722656,306.7900085449219,306.42999267578125,306.4750061035156,170705
2026-08-10 13:40:00-04:00,306.7099914550781,306.8399963378906,306.54010009765625,306.5849914550781,143351
2026-08-10 13:45:00-04:00,306.3576965332031,306.7799987792969,306.0,306.7099914550781,585124
2026-08-10 13:50:00-04:00,306.260009765625,306.3800048828125,306.2099914550781,306.3399963378906,159683
2026-08-10 13:55:00-04:00,306.7276916503906,306.7900085449219,306.2777099609375,306.2799987792969,206601
2026-08-10 14:00:00-04:00,306.67999267578125,306.989990234375,306.6400146484375,306.7300109863281,213730
2026-08-10 14:05:00-04:00,306.70001220703125,306.75,306.6099853515625,306.67999267578125,163530
2026-08-10 14:10:00-04:00,306.6300048828125,306.7998962402344,306.55999755859375,306.70001220703125,190105
2026-08-10 14:15:00-04:00,306.6099853515625,306.760009765625,306.5201110839844,306.6199951171875,185259
2026-08-10 14:20:00-04:00,306.6000061035156,306.739990234375,306.5849914550781,306.6199951171875,165892
2026-08-10 14:25:00-04:00,306.7149963378906,306.779296875,306.6000061035156,306.6000061035156,178584
2026-08-10 14:30:00-04:00,306.8299865722656,306.9700012207031,306.6199951171875,306.71990966796875,245036
2026-08-10 14:35:00-04:00,306.6700134277344,306.8900146484375,306.6400146484375,306.82501220703125,236253
2026-08-10 14:40:00-04:00,306.8299865722656,306.8399963378906,306.6000061035156,306.67999267578125,203260
2026-08-10 14:45:00-04:00,306.82501220703125,306.8599853515625,306.7099914550781,306.8299865722656,180766
2026-08-10 14:50:00-04:00,307.18499755859375,307.260009765625,306.7699890136719,306.82501220703125,256393
2026-08-10 14:55:00-04:00,307.0400085449219,307.2099914550781,307.0199890136719,307.1702880859375,184180
2026-08-10 15:00:00-04:00,307.21240234375,307.2240905761719,307.0400085449219,307.04998779296875,246206
2026-08-10 15:05:00-04:00,307.2250061035156,307.34991455078125,307.1300048828125,307.2099914550781,282635
2026-08-10 15:10:00-04:00,307.43670654296875,307.4599914550781,307.1700134277344,307.2200012207031,318906
2026-08-10 15:15:00-04:00,307.510009765625,307.5199890136719,307.2799987792969,307.44000244140625,344843
2026-08-10 15:20:00-04:00,307.54998779296875,307.6513977050781,307.32000732421875,307.5150146484375,300256
2026-08-10 15:25:00-04:00,307.2300109863281,307.6698913574219,307.2001037597656,307.56500244140625,344698
2026-08-10 15:30:00-04:00,307.010009765625,307.239501953125,306.9800109863281,307.2200012207031,401510
2026-08-10 15:35:00-04:00,307.3399963378906,307.3500061035156,307.010009765625,307.010009765625,378617
2026-08-10 15:40:00-04:00,307.2565002441406,307.42999267578125,307.2300109863281,307.3299865722656,307797
2026-08-10 15:45:00-04:00,307.54730224609375,307.614990234375,307.17999267578125,307.25,328570
2026-08-10 15:50:00-04:00,306.9750061035156,307.5,306.8699951171875,307.5,721201
2026-08-10 15:55:00-04:00,308.19000244140625,308.2300109863281,306.989990234375,307.010009765625,2366029
2026-08-11 09:30:00-04:00,308.2388000488281,309.9700012207031,307.4100036621094,307.75,3996363
2026-08-11 09:35:00-04:00,306.7200012207031,308.239990234375,306.4200134277344,308.239990234375,556187
2026-08-11 09:40:00-04:00,306.4599914550781,306.92999267578125,306.25,306.70001220703125,533612
2026-08-11 09:45:00-04:00,305.8919982910156,306.6199951171875,305.8500061035156,306.4599914550781,642926
2026-08-11 09:50:00-04:00,306.1614990234375,306.30999755859375,305.6700134277344,305.9049987792969,387751
2026-08-11 09:55:00-04:00,306.2900085449219,306.5299072265625,306.1199951171875,306.1499938964844,268943
2026-08-11 10:00:00-04:00,306.510009765625,306.510009765625,306.05999755859375,306.29998779296875,269585
2026-08-11 10:05:00-04:00,306.5400085449219,306.656005859375,306.2900085449219,306.5199890136719,351485
2026-08-11 10:10:00-04:00,306.3599853515625,306.69000244140625,306.0299987792969,306.5199890136719,295458
2026-08-11 10:15:00-04:00,306.4599914550781,306.54998779296875,306.1268005371094,306.3797912597656,225028
2026-08-11 10:20:00-04:00,306.3800048828125,306.69000244140625,306.3599853515625,306.44000244140625,238959
2026-08-11 10:25:00-04:00,306.19000244140625,306.3828125,305.8900146484375,306.3500061035156,313741
2026-08-11 10:30:00-04:00,306.7049865722656,306.7099914550781,306.1199951171875,306.19000244140625,261265
2026-08-11 10:35:00-04:00,306.79998779296875,306.8349914550781,306.489990234375,306.70001220703125,230399
2026-08-11 10:40:00-04:00,306.6700134277344,306.94000244140625,306.6199951171875,306.7950134277344,182622
2026-08-11 10:45:00-04:00,306.55999755859375,306.94000244140625,306.5150146484375,306.6700134277344,180370
2026-08-11 10:50:00-04:00,306.70001220703125,306.79998779296875,306.54229736328125,306.55999755859375,205330
2026-08-11 10:55:00-04:00,306.5899963378906,306.7799987792969,306.54998779296875,306.7049865722656,148543
2026-08-11 11:00:00-04:00,306.447998046875,306.69000244140625,306.3301086425781,306.6000061035156,190200
2026-08-11 11:05:00-04:00,306.135009765625,306.4849853515625,306.04998779296875,306.4599914550781,201120
2026-08-11 11:10:00-04:00,306.2149963378906,306.3699951171875,306.1000061035156,306.135009765625,158720
2026-08-11 11:15:00-04:00,306.3089904785156,306.44000244140625,306.17999267578125,306.2200012207031,186922
2026-08-11 11:20:00-04:00,306.5899963378906,306.6099853515625,306.28009033203125,306.30999755859375,327832
2026-08-11 11:25:00-04:00,306.7049865722656,306.7699890136719,306.5,306.5899963378906,258940
2026-08-11 11:30:00-04:00,306.6499938964844,306.8699951171875,306.5799865722656,306.70001220703125,258381
2026-08-11 11:35:00-04:00,306.69000244140625,306.75,306.49090576171875,306.6499938964844,214721
2026-08-11 11:40:00-04:00,307.2349853515625,307.3599853515625,306.622314453125,306.67999267578125,280970
2026-08-11 11:45:00-04:00,307.4700012207031,307.4800109863281,307.17999267578125,307.2300109863281,189224
2026-08-11 11:50:00-04:00,307.2550048828125,307.6099853515625,307.2200012207031,307.4700012207031,208987
2026-08-11 11:55:00-04:00,307.25,307.3699951171875,307.0,307.2699890136719,192755
2026-08-11 12:00:00-04:00,307.07989501953125,307.3699951171875,307.0400085449219,307.2300109863281,214735
2026-08-11 12:05:00-04:00,307.06500244140625,307.2300109863281,306.9599914550781,307.07000732421875,152242
2026-08-11 12:10:00-04:00,306.8099060058594,307.07000732421875,306.6700134277344,307.06500244140625,320815
2026-08-11 12:15:00-04:00,306.9949951171875,306.9999084472656,306.7300109863281,306.81500244140625,209132
2026-08-11 12:20:00-04:00,306.8599853515625,307.1300048828125,306.80499267578125,307.0,184946
2026-08-11 12:25:00-04:00,306.55499267578125,306.8699951171875,306.45001220703125,306.85009765625,230722
2026-08-11 12:30:00-04:00,306.260009765625,306.5899963378906,306.25,306.57000732421875,240475
2026-08-11 12:35:00-04:00,306.4700012207031,306.54998779296875,306.239990234375,306.260009765625,260029
2026-08-11 12:40:00-04:00,305.8500061035156,306.4700012207031,305.79998779296875,306.4700012207031,273145
2026-08-11 12:45:00-04:00,306.125,306.20001220703125,305.6986999511719,305.8500061035156,280737
2026-08-11 12:50:00-04:00,306.3500061035156,306.3599853515625,306.0299987792969,306.1199951171875,190582
2026-08-11 12:55:00-04:00,306.2391052246094,306.3699951171875,306.1300048828125,306.3599853515625,155482
2026-08-11 13:00:00-04:00,306.110107421875,306.2799987792969,306.0201110839844,306.239990234375,157100
2026-08-11 13:05:00-04:00,306.239990234375,306.30999755859375,306.1000061035156,306.1000061035156,137599
2026-08-11 13:10:00-04:00,306.0,306.2799987792969,305.9649963378906,306.25,202141
2026-08-11 13:15:00-04:00,306.125,306.1451110839844,305.9750061035156,306.0,146051
2026-08-11 13:20:00-04:00,306.2950134277344,306.29998779296875,306.1000061035156,306.1300048828125,149341
2026-08-11 13:25:00-04:00,306.19000244140625,306.2950134277344,306.17999267578125,306.2950134277344,125334
2026-08-11 13:30:00-04:00,306.260009765625,306.2900085449219,306.1499938964844,306.1650085449219,142139
2026-08-11 13:35:00-04:00,306.4100036621094,306.42999267578125,306.2099914550781,306.260009765625,188995
2026-08-11 13:40:00-04:00,306.4049987792969,306.5199890136719,306.29998779296875,306.4100036621094,222090
2026-08-11 13:45:00-04:00,306.0,306.489990234375,305.9209899902344,306.3999938964844,427171
2026-08-11 13:50:00-04:00,306.1700134277344,306.2099914550781,305.760009765625,306.010009765625,175816
2026-08-11 13:55:00-04:00,306.0249938964844,306.25,306.010009765625,306.17999267578125,141716
2026-08-11 14:00:00-04:00,305.7699890136719,306.0249938964844,305.75,306.0249938964844,266653
2026-08-11 14:05:00-04:00,305.2749938964844,305.82000732421875,305.04998779296875,305.7601013183594,419044
2026-08-11 14:10:00-04:00,304.9599914550781,305.2749938964844,304.7900085449219,305.2749938964844,447365
2026-08-11 14:15:00-04:00,304.8599853515625,305.0,304.7149963378906,304.9599914550781,217738
2026-08-11 14:20:00-04:00,303.9800109863281,304.8699951171875,303.94000244140625,304.8550109863281,529266
2026-08-11 14:25:00-04:00,303.29998779296875,304.0,302.7900085449219,303.9800109863281,993298
2026-08-11 14:30:00-04:00,303.614990234375,303.67999267578125,302.9700012207031,303.27569580078125,516023
2026-08-11 14:35:00-04:00,303.2099914550781,303.7799987792969,303.0299987792969,303.614990234375,418930
2026-08-11 14:40:00-04:00,303.4601135253906,303.6199951171875,303.135009765625,303.23919677734375,420604
2026-08-11 14:45:00-04:00,303.56500244140625,303.6300048828125,303.1199951171875,303.4800109863281,300059
2026-08-11 14:50:00-04:00,304.4049987792969,304.42730712890625,303.5400085449219,303.56500244140625,303395
2026-08-11 14:55:00-04:00,304.3450012207031,304.5899963378906,304.29998779296875,304.3999938964844,242006
2026-08-11 15:00:00-04:00,304.2099914550781,304.489990234375,304.0,304.3500061035156,278505
2026-08-11 15:05:00-04:00,304.489990234375,304.510009765625,304.1300048828125,304.2101135253906,261519
2026-08-11 15:10:00-04:00,304.7449951171875,304.79998779296875,304.4800109863281,304.5,305275
2026-08-11 15:15:00-04:00,304.8689880371094,304.989990234375,304.739990234375,304.739990234375,293011
2026-08-11 15:20:00-04:00,304.9010925292969,305.0299987792969,304.8247985839844,304.8699951171875,343864
2026-08-11 15:25:00-04:00,305.1600036621094,305.20001220703125,304.8999938964844,304.9100036621094,282701
2026-08-11 15:30:00-04:00,304.4849853515625,305.29998779296875,304.3800048828125,305.1600036621094,525703
2026-08-11 15:35:00-04:00,304.6700134277344,304.760009765625,304.4700012207031,304.4849853515625,284661
2026-08-11 15:40:00-04:00,304.6199951171875,304.7250061035156,304.510009765625,304.6889953613281,396413
2026-08-11 15:45:00-04:00,304.4700012207031,304.6344909667969,304.2200012207031,304.6199951171875,380977
2026-08-11 15:50:00-04:00,304.9049987792969,304.92999267578125,303.75,304.4800109863281,1128738
2026-08-11 15:55:00-04:00,304.8999938964844,305.0899963378906,304.29998779296875,304.8800048828125,2002412
2026-08-12 09:30:00-04:00,303.0299987792969,305.6600036621094,302.17999267578125,305.1300048828125,2660889
2026-08-12 09:35:00-04:00,303.5360107421875,303.7200012207031,302.739990234375,303.0299987792969,480935
2026-08-12 09:40:00-04:00,303.3699951171875,303.7300109863281,303.1600036621094,303.54998779296875,373081
2026-08-12 09:45:00-04:00,302.97491455078125,303.6099853515625,302.9599914550781,303.3800048828125,478940
2026-08-12 09:50:00-04:00,303.0950012207031,303.20001220703125,302.5799865722656,302.9800109863281,545680
2026-08-12 09:55:00-04:00,303.3699951171875,303.46990966796875,303.0199890136719,303.0899963378906,376811
2026-08-12 10:00:00-04:00,303.5899963378906,304.32000732421875,303.1600036621094,303.385009765625,691238
2026-08-12 10:05:00-04:00,303.1600036621094,303.8190002441406,303.05999755859375,303.614990234375,372982
2026-08-12 10:10:00-04:00,302.4750061035156,303.30999755859375,302.260009765625,303.17498779296875,659176
2026-08-12 10:15:00-04:00,302.3349914550781,302.7090148925781,302.32000732421875,302.4750061035156,396815
2026-08-12 10:20:00-04:00,302.6300048828125,302.79998779296875,302.29998779296875,302.3399963378906,413930
2026-08-12 10:25:00-04:00,302.3450012207031,302.7900085449219,302.30999755859375,302.60211181640625,268781
2026-08-12 10:30:00-04:00,302.67498779296875,302.8599853515625,302.30999755859375,302.3599853515625,458950
2026-08-12 10:35:00-04:00,302.69000244140625,302.95001220703125,302.53009033203125,302.6650085449219,326753
2026-08-12 10:40:00-04:00,302.94000244140625,302.94000244140625,302.5799865722656,302.69500732421875,323633
2026-08-12 10:45:00-04:00,302.4049987792969,303.0299987792969,302.3800048828125,302.94000244140625,381845
2026-08-12 10:50:00-04:00,302.79998779296875,302.8399963378906,302.05999755859375,302.3900146484375,464421
2026-08-12 10:55:00-04:00,302.42999267578125,303.19000244140625,302.4100036621094,302.78009033203125,546405
2026-08-12 11:00:00-04:00,302.2300109863281,302.8299865722656,302.2200012207031,302.42999267578125,288291
2026-08-12 11:05:00-04:00,302.3334045410156,302.4800109863281,302.20001220703125,302.2200012207031,292973
2026-08-12 11:10:00-04:00,301.7149963378906,302.3399963378906,301.57000732421875,302.3398132324219,493616
2026-08-12 11:15:00-04:00,301.647705078125,301.74468994140625,301.4649963378906,301.6820068359375,434285
2026-08-12 11:20:00-04:00,301.0409851074219,301.6499938964844,301.0400085449219,301.64910888671875,469147
2026-08-12 11:25:00-04:00,301.0799865722656,301.29998779296875,301.0299987792969,301.0400085449219,368676
2026-08-12 11:30:00-04:00,300.9494934082031,301.1000061035156,300.57000732421875,301.08990478515625,590098
2026-08-12 11:35:00-04:00,300.9800109863281,301.2900085449219,300.8800048828125,300.989990234375,315405
2026-08-12 11:40:00-04:00,300.8450012207031,301.02801513671875,300.7699890136719,300.989990234375,280025
2026-08-12 11:45:00-04:00,300.9649963378906,300.989990234375,300.67999267578125,300.8299865722656,261277
2026-08-12 11:50:00-04:00,300.9100036621094,301.0899963378906,300.6199951171875,300.9800109863281,243947
2026-08-12 11:55:00-04:00,301.1700134277344,301.25,300.8900146484375,300.8999938964844,265378
2026-08-12 12:00:00-04:00,301.1549987792969,301.4457092285156,301.1300048828125,301.1899108886719,302083
2026-08-12 12:05:00-04:00,301.55999755859375,301.6499938964844,301.0,301.1549987792969,295371
2026-08-12 12:10:00-04:00,301.7749938964844,301.82000732421875,301.489990234375,301.55999755859375,353158
2026-08-12 12:15:00-04:00,301.45001220703125,301.80999755859375,301.3900146484375,301.7749938964844,211061
2026-08-12 12:20:00-04:00,301.4599914550781,301.5,301.3399963378906,301.4800109863281,241572
2026-08-12 12:25:00-04:00,301.510009765625,301.564697265625,301.239990234375,301.46990966796875,212942
2026-08-12 12:30:00-04:00,301.53009033203125,301.6099853515625,301.4100036621094,301.5150146484375,164051
2026-08-12 12:35:00-04:00,301.7200012207031,301.7200012207031,301.4599914550781,301.5299987792969,167347
2026-08-12 12:40:00-04:00,301.8999938964844,301.8999938964844,301.6400146484375,301.7099914550781,304575
2026-08-12 12:45:00-04:00,301.739013671875,301.9100036621094,301.6300048828125,301.8999938964844,204974
2026-08-12 12:50:00-04:00,302.07000732421875,302.1300048828125,301.7349853515625,301.7349853515625,313370
2026-08-12 12:55:00-04:00,302.1600036621094,302.2300109863281,301.9700012207031,302.05999755859375,213090
2026-08-12 13:00:00-04:00,302.19000244140625,302.20001220703125,302.0400085449219,302.1650085449219,137140
2026-08-12 13:05:00-04:00,302.30499267578125,302.3800048828125,302.20001220703125,302.20001220703125,211448
2026-08-12 13:10:00-04:00,302.44000244140625,302.510009765625,302.19000244140625,302.3074951171875,231130
2026-08-12 13:15:00-04:00,302.1499938964844,302.5,302.05999755859375,302.42999267578125,242777
2026-08-12 13:20:00-04:00,302.4294128417969,302.42999267578125,302.1300048828125,302.1400146484375,164503
2026-08-12 13:25:00-04:00,302.16009521484375,302.4700012207031,302.15008544921875,302.41229248046875,231187
2026-08-12 13:30:00-04:00,302.17999267578125,302.2300109863281,302.0400085449219,302.1700134277344,226283
2026-08-12 13:35:00-04:00,302.1199951171875,302.2976989746094,302.0199890136719,302.17999267578125,195195
2026-08-12 13:40:00-04:00,301.7900085449219,302.1300048828125,301.739990234375,302.1300048828125,290041
2026-08-12 13:45:00-04:00,301.5799865722656,301.79998779296875,301.54998779296875,301.7900085449219,231514
2026-08-12 13:50:00-04:00,301.4570007324219,301.6199951171875,301.2699890136719,301.5700988769531,358964
2026-08-12 13:55:00-04:00,301.5050048828125,301.57000732421875,301.4200134277344,301.4549865722656,297566
2026-08-12 14:00:00-04:00,301.58990478515625,301.6600036621094,301.5050048828125,301.510009765625,204161
2026-08-12 14:05:00-04:00,301.5799865722656,301.7900085449219,301.5199890136719,301.57000732421875,291688
2026-08-12 14:10:00-04:00,301.57000732421875,301.6600036621094,301.5299987792969,301.5799865722656,223587
2026-08-12 14:15:00-04:00,301.3900146484375,301.5799865722656,301.2723083496094,301.55499267578125,277543
2026-08-12 14:20:00-04:00,301.239990234375,301.4599914550781,301.1400146484375,301.3999938964844,276710
2026-08-12 14:25:00-04:00,301.125,301.30999755859375,301.05999755859375,301.24798583984375,240646
2026-08-12 14:30:00-04:00,301.2449951171875,301.3500061035156,301.0400085449219,301.1199951171875,347514
2026-08-12 14:35:00-04:00,301.1199951171875,301.3299865722656,301.1000061035156,301.25,276754
2026-08-12 14:40:00-04:00,301.42498779296875,301.5400085449219,301.0799865722656,301.1199951171875,735491
2026-08-12 14:45:00-04:00,301.69000244140625,302.0398864746094,301.34100341796875,301.42498779296875,760715
2026-08-12 14:50:00-04:00,301.57501220703125,302.0,301.5,301.69000244140625,270820
2026-08-12 14:55:00-04:00,301.4100036621094,301.8299865722656,301.3399963378906,301.57000732421875,336215
2026-08-12 15:00:00-04:00,301.4100036621094,301.58770751953125,301.375,301.419189453125,246063
2026-08-12 15:05:00-04:00,301.2799987792969,301.45001220703125,301.25,301.3999938964844,397278
2026-08-12 15:10:00-04:00,301.2699890136719,301.42999267578125,301.19000244140625,301.2900085449219,294935
2026-08-12 15:15:00-04:00,301.2799987792969,301.29998779296875,301.1700134277344,301.2749938964844,279821
2026-08-12 15:20:00-04:00,301.3699951171875,301.44000244140625,301.2300109863281,301.2699890136719,294359
2026-08-12 15:25:00-04:00,301.67999267578125,301.7099914550781,301.3500061035156,301.3699951171875,414621
2026-08-12 15:30:00-04:00,301.8949890136719,302.039794921875,301.6099853515625,301.6700134277344,524761
2026-08-12 15:35:00-04:00,301.6000061035156,301.9599914550781,301.5400085449219,301.8949890136719,517948
2026-08-12 15:40:00-04:00,301.5950012207031,301.59991455078125,301.0,301.59991455078125,774315
2026-08-12 15:45:00-04:00,301.55999755859375,301.6700134277344,301.260009765625,301.6000061035156,741002
2026-08-12 15:50:00-04:00,301.3699951171875,301.8500061035156,301.1499938964844,301.57000732421875,804715
2026-08-12 15:55:00-04:00,302.2250061035156,302.25,301.32000732421875,301.3599853515625,2121688
2026-08-13 09:30:00-04:00,303.8900146484375,304.260009765625,302.04998779296875,304.25799560546875,5014753
2026-08-13 09:35:00-04:00,304.5050048828125,304.75,303.6499938964844,303.8900146484375,757200
2026-08-13 09:40:00-04:00,303.4314880371094,304.7099914550781,303.18011474609375,304.4700012207031,524796
2026-08-13 09:45:00-04:00,303.7300109863281,303.92950439453125,302.9100036621094,303.4599914550781,596151
2026-08-13 09:50:00-04:00,304.29998779296875,304.5,303.635009765625,303.7401123046875,527102
2026-08-13 09:55:00-04:00,304.5801086425781,304.6400146484375,304.2699890136719,304.3299865722656,449531
2026-08-13 10:00:00-04:00,304.42498779296875,304.6400146484375,304.1499938964844,304.5799865722656,492569
2026-08-13 10:05:00-04:00,304.8399963378906,304.9700012207031,304.4104919433594,304.42498779296875,626219
2026-08-13 10:10:00-04:00,305.4801025390625,305.489990234375,304.7699890136719,304.8299865722656,716036
2026-08-13 10:15:00-04:00,304.5299987792969,305.9599914550781,304.3500061035156,305.489990234375,762338
2026-08-13 10:20:00-04:00,304.625,304.625,304.1600036621094,304.5199890136719,305287
2026-08-13 10:25:00-04:00,305.6449890136719,305.7200012207031,304.5909118652344,304.6332092285156,448870
2026-08-13 10:30:00-04:00,305.1199951171875,306.0,304.92999267578125,305.6600036621094,610150
2026-08-13 10:35:00-04:00,305.20001220703125,305.43951416015625,304.8500061035156,305.114990234375,373382
2026-08-13 10:40:00-04:00,304.9800109863281,305.3299865722656,304.9200134277344,305.17999267578125,310983
2026-08-13 10:45:00-04:00,304.5799865722656,305.04998779296875,304.5559997558594,304.9800109863281,308155
2026-08-13 10:50:00-04:00,304.885009765625,305.1700134277344,304.5397033691406,304.5799865722656,311482
2026-08-13 10:55:00-04:00,305.1050109863281,305.1499938964844,304.7699890136719,304.885009765625,309838
2026-08-13 11:00:00-04:00,304.9100036621094,305.19000244140625,304.7099914550781,305.1300048828125,398596
2026-08-13 11:05:00-04:00,304.20001220703125,304.9501037597656,304.0799865722656,304.9200134277344,354222
2026-08-13 11:10:00-04:00,304.239990234375,304.34991455078125,304.0799865722656,304.2196960449219,224842
2026-08-13 11:15:00-04:00,304.18011474609375,304.2449951171875,303.7799987792969,304.239990234375,353163
2026-08-13 11:20:00-04:00,304.1499938964844,304.3699035644531,303.9800109863281,304.17999267578125,299470
2026-08-13 11:25:00-04:00,303.7200012207031,304.2398986816406,303.54998779296875,304.1600036621094,440437
2026-08-13 11:30:00-04:00,303.7699890136719,303.9849853515625,303.510009765625,303.7300109863281,288171
2026-08-13 11:35:00-04:00,303.4949951171875,303.80999755859375,302.95001220703125,303.7900085449219,456805
2026-08-13 11:40:00-04:00,303.44500732421875,303.5899963378906,303.260009765625,303.4800109863281,217092
2026-08-13 11:45:00-04:00,303.3689880371094,303.5299987792969,303.2799987792969,303.44000244140625,175215
2026-08-13 11:50:00-04:00,303.31500244140625,303.5150146484375,303.2799987792969,303.3699035644531,183539
2026-08-13 11:55:00-04:00,302.7879943847656,303.3846130371094,302.7699890136719,303.3299865722656,330480
2026-08-13 12:00:00-04:00,302.68499755859375,302.8450012207031,302.6300048828125,302.7900085449219,230421
2026-08-13 12:05:00-04:00,303.2149963378906,303.239990234375,302.57000732421875,302.67999267578125,318268
2026-08-13 12:10:00-04:00,303.4150085449219,303.4150085449219,303.1099853515625,303.2250061035156,233059
2026-08-13 12:15:00-04:00,303.6099853515625,303.6099853515625,303.25,303.4150085449219,194867
2026-08-13 12:20:00-04:00,303.5199890136719,303.8699951171875,303.2799987792969,303.6099853515625,254078
2026-08-13 12:25:00-04:00,303.42999267578125,303.7499084472656,303.3900146484375,303.5249938964844,158936
2026-08-13 12:30:00-04:00,303.2049865722656,303.44989013671875,303.0799865722656,303.43499755859375,236253
2026-08-13 12:35:00-04:00,303.2099914550781,303.3500061035156,303.04998779296875,303.19000244140625,144340
2026-08-13 12:40:00-04:00,303.2349853515625,303.2699890136719,303.0801086425781,303.2300109863281,164777
2026-08-13 12:45:00-04:00,303.7300109863281,303.75,303.1600036621094,303.2349853515625,216565
2026-08-13 12:50:00-04:00,303.5249938964844,303.760009765625,303.3999938964844,303.7200012207031,185183
2026-08-13 12:55:00-04:00,303.0299987792969,303.6000061035156,303.010009765625,303.54998779296875,235014
2026-08-13 13:00:00-04:00,303.0,303.1899108886719,302.8500061035156,303.0400085449219,245567
2026-08-13 13:05:00-04:00,303.05999755859375,303.1199951171875,302.8599853515625,303.00201416015625,187156
2026-08-13 13:10:00-04:00,303.0899963378906,303.1000061035156,302.9100036621094,303.05999755859375,164237
2026-08-13 13:15:00-04:00,303.0350036621094,303.1099853515625,302.96099853515625,303.0799865722656,155418
2026-08-13 13:20:00-04:00,303.1600036621094,303.1600036621094,302.9700012207031,303.031005859375,127659
2026-08-13 13:25:00-04:00,303.3399963378906,303.385009765625,303.06500244140625,303.1700134277344,214436
2026-08-13 13:30:00-04:00,303.2349853515625,303.3900146484375,303.0799865722656,303.3301086425781,164558
2026-08-13 13:35:00-04:00,303.67999267578125,303.69000244140625,303.17999267578125,303.2300109863281,185021
2026-08-13 13:40:00-04:00,303.5400085449219,303.82000732421875,303.2900085449219,303.67999267578125,267862
2026-08-13 13:45:00-04:00,303.68499755859375,303.8999938964844,303.5299987792969,303.55999755859375,140621
2026-08-13 13:50:00-04:00,303.42498779296875,303.79998779296875,303.3800048828125,303.7099914550781,150522
2026-08-13 13:55:00-04:00,303.43499755859375,303.489990234375,303.3900146484375,303.4267883300781,87488
2026-08-13 14:00:00-04:00,303.0,303.5,302.92999267578125,303.43499755859375,265066
2026-08-13 14:05:00-04:00,303.04998779296875,303.17498779296875,302.9599914550781,302.989990234375,168222
2026-08-13 14:10:00-04:00,303.4200134277344,303.4700012207031,303.05999755859375,303.06500244140625,155302
2026-08-13 14:15:00-04:00,303.45001220703125,303.5,303.2200012207031,303.42498779296875,162068
2026-08-13 14:20:00-04:00,303.43011474609375,303.489990234375,303.3399963378906,303.45001220703125,98572
2026-08-13 14:25:00-04:00,303.30999755859375,303.5199890136719,303.281005859375,303.43499755859375,211617
2026-08-13 14:30:00-04:00,303.4399108886719,303.5199890136719,303.1300048828125,303.30999755859375,362827
2026-08-13 14:35:00-04:00,303.2300109863281,303.54998779296875,303.2099914550781,303.42498779296875,293771
2026-08-13 14:40:00-04:00,303.80499267578125,303.94000244140625,303.2200012207031,303.2200012207031,206977
2026-08-13 14:45:00-04:00,303.6400146484375,303.8500061035156,303.4700012207031,303.80499267578125,215011
2026-08-13 14:50:00-04:00,303.375,303.6600036621094,303.25,303.6400146484375,242441
2026-08-13 14:55:00-04:00,303.17999267578125,303.5408935546875,303.1499938964844,303.3800048828125,279299
2026-08-13 15:00:00-04:00,303.3299865722656,303.3299865722656,303.0299987792969,303.19500732421875,234726
2026-08-13 15:05:00-04:00,303.2149963378906,303.6400146484375,303.20001220703125,303.31500244140625,280170
2026-08-13 15:10:00-04:00,303.5,303.5199890136719,303.1973876953125,303.2149963378906,337949
2026-08-13 15:15:00-04:00,303.8699951171875,303.9800109863281,303.45001220703125,303.5,307333
2026-08-13 15:20:00-04:00,304.0899963378906,304.5799865722656,303.8059997558594,303.8599853515625,527594
2026-08-13 15:25:00-04:00,304.3999938964844,304.6099853515625,304.090087890625,304.0950012207031,412842
2026-08-13 15:30:00-04:00,304.5849914550781,304.6499938964844,304.1600036621094,304.3800048828125,349212
2026-08-13 15:35:00-04:00,304.2200012207031,304.6098937988281,303.9700012207031,304.5849914550781,368158
2026-08-13 15:40:00-04:00,304.1000061035156,304.2799987792969,303.9800109863281,304.2300109863281,420773
2026-08-13 15:45:00-04:00,304.7900085449219,304.8450012207031,304.0299987792969,304.0799865722656,416650
2026-08-13 15:50:00-04:00,305.2099914550781,305.239990234375,304.53009033203125,304.75,673876
2026-08-13 15:55:00-04:00,305.32000732421875,305.32000732421875,304.8599853515625,305.239990234375,1526752
2026-08-14 09:30:00-04:00,307.3599853515625,307.3800048828125,305.55999755859375,306.02801513671875,2764317
2026-08-14 09:35:00-04:00,307.0249938964844,307.489990234375,306.1099853515625,307.3299865722656,700806
2026-08-14 09:40:00-04:00,306.2300109863281,307.07000732421875,306.1499938964844,307.010009765625,389186
2026-08-14 09:45:00-04:00,306.6351013183594,307.010009765625,306.0,306.239990234375,417216
2026-08-14 09:50:00-04:00,306.1199951171875,306.7200012207031,305.8299865722656,306.6099853515625,336168
2026-08-14 09:55:00-04:00,306.1000061035156,306.2200012207031,305.70001220703125,306.114990234375,325996
2026-08-14 10:00:00-04:00,305.989990234375,306.35650634765625,305.7799987792969,306.07000732421875,312750
2026-08-14 10:05:00-04:00,305.94500732421875,306.1199951171875,305.75,306.0,203923
2026-08-14 10:10:00-04:00,305.7298889160156,306.1000061035156,305.5700988769531,305.94000244140625,257259
2026-08-14 10:15:00-04:00,305.6600036621094,305.8999938964844,305.4200134277344,305.7099914550781,277671
2026-08-14 10:20:00-04:00,305.30499267578125,305.75,305.07000732421875,305.66009521484375,399104
2026-08-14 10:25:00-04:00,304.989990234375,305.33990478515625,304.760009765625,305.33990478515625,350953
2026-08-14 10:30:00-04:00,304.9200134277344,305.1000061035156,304.6600036621094,305.0199890136719,235757
2026-08-14 10:35:00-04:00,305.19219970703125,305.19219970703125,304.70001220703125,304.94000244140625,212844
2026-08-14 10:40:00-04:00,304.9100036621094,305.17999267578125,304.7699890136719,305.17999267578125,225586
2026-08-14 10:45:00-04:00,305.260009765625,305.42999267578125,304.8299865722656,304.9200134277344,253610
2026-08-14 10:50:00-04:00,305.04998779296875,305.3080139160156,304.94000244140625,305.25,179477
2026-08-14 10:55:00-04:00,305.1600036621094,305.2300109863281,304.989990234375,305.04998779296875,171824
2026-08-14 11:00:00-04:00,305.093994140625,305.239990234375,305.0,305.1600036621094,175457
2026-08-14 11:05:00-04:00,304.3500061035156,305.25,304.3299865722656,305.0950012207031,308866
2026-08-14 11:10:00-04:00,304.7200012207031,304.739990234375,304.29998779296875,304.3699951171875,208529
2026-08-14 11:15:00-04:00,305.1650085449219,305.2099914550781,304.7200012207031,304.7401123046875,160398
2026-08-14 11:20:00-04:00,305.75,305.80999755859375,305.1549987792969,305.1700134277344,278564
2026-08-14 11:25:00-04:00,305.53289794921875,305.95989990234375,305.489990234375,305.7449951171875,364058
2026-08-14 11:30:00-04:00,305.7749938964844,305.7900085449219,305.4150085449219,305.5450134277344,146825
2026-08-14 11:35:00-04:00,305.7900085449219,305.87921142578125,305.614990234375,305.760009765625,169006
2026-08-14 11:40:00-04:00,305.7250061035156,305.91680908203125,305.6499938964844,305.7799987792969,163187
2026-08-14 11:45:00-04:00,305.6700134277344,305.8299865722656,305.6700134277344,305.7300109863281,123733
2026-08-14 11:50:00-04:00,305.67498779296875,305.7898864746094,305.5799865722656,305.6600036621094,113572
2026-08-14 11:55:00-04:00,305.6650085449219,305.739990234375,305.5249938964844,305.67999267578125,141884
2026-08-14 12:00:00-04:00,305.57000732421875,305.7099914550781,305.44000244140625,305.6400146484375,138650
2026-08-14 12:05:00-04:00,305.3299865722656,305.6242980957031,305.260009765625,305.57000732421875,129715
2026-08-14 12:10:00-04:00,305.25,305.34149169921875,305.20001220703125,305.3399963378906,97753
2026-08-14 12:15:00-04:00,305.0799865722656,305.3500061035156,305.0350036621094,305.2699890136719,123480
2026-08-14 12:20:00-04:00,305.1300964355469,305.19000244140625,304.9700012207031,305.0841979980469,156920
2026-08-14 12:25:00-04:00,305.44500732421875,305.4700012207031,305.10009765625,305.1400146484375,150573
2026-08-14 12:30:00-04:00,305.2850036621094,305.5,305.2300109863281,305.44500732421875,154548
2026-08-14 12:35:00-04:00,305.4100036621094,305.4200134277344,305.1650085449219,305.2850036621094,110237
2026-08-14 12:40:00-04:00,305.32000732421875,305.3999938964844,305.1700134277344,305.3999938964844,97914
2026-08-14 12:45:00-04:00,305.3299865722656,305.3399963378906,305.1199951171875,305.30999755859375,133617
2026-08-14 12:50:00-04:00,305.2101135253906,305.32000732421875,305.1600036621094,305.32000732421875,139215
2026-08-14 12:55:00-04:00,305.42999267578125,305.510009765625,305.2192077636719,305.2192077636719,425040
2026-08-14 13:00:00-04:00,305.3302001953125,305.5299987792969,305.260009765625,305.43499755859375,113540
2026-08-14 13:05:00-04:00,305.29998779296875,305.45001220703125,305.2900085449219,305.3450012207031,128990
2026-08-14 13:10:00-04:00,305.4800109863281,305.56500244140625,305.29998779296875,305.29998779296875,110832
2026-08-14 13:15:00-04:00,305.3699035644531,305.5249938964844,305.2799987792969,305.489990234375,98025
2026-08-14 13:20:00-04:00,305.1994934082031,305.3699951171875,305.15008544921875,305.3500061035156,114665
2026-08-14 13:25:00-04:00,305.19439697265625,305.2898864746094,305.0799865722656,305.17999267578125,90801
2026-08-14 13:30:00-04:00,305.19500732421875,305.25,305.1199951171875,305.19500732421875,95244
2026-08-14 13:35:00-04:00,305.44000244140625,305.45458984375,305.0400085449219,305.19500732421875,183876
2026-08-14 13:40:00-04:00,305.40008544921875,305.5299987792969,305.37030029296875,305.44000244140625,141749
2026-08-14 13:45:00-04:00,306.07000732421875,306.1600036621094,305.3999938964844,305.4100036621094,370160
2026-08-14 13:50:00-04:00,306.0050048828125,306.0979919433594,305.79998779296875,306.07989501953125,168936
2026-08-14 13:55:00-04:00,306.04998779296875,306.1199951171875,305.8999938964844,306.0199890136719,133091
2026-08-14 14:00:00-04:00,305.840087890625,306.1300048828125,305.840087890625,306.04010009765625,176666
2026-08-14 14:05:00-04:00,305.8800048828125,305.89990234375,305.5799865722656,305.8576965332031,190365
2026-08-14 14:10:00-04:00,306.1199951171875,306.1600036621094,305.79998779296875,305.8900146484375,687685
2026-08-14 14:15:00-04:00,306.1600036621094,306.25,306.0799865722656,306.1449890136719,182366
2026-08-14 14:20:00-04:00,306.1877136230469,306.2300109863281,306.1000061035156,306.1700134277344,120542
2026-08-14 14:25:00-04:00,305.97900390625,306.2200012207031,305.91009521484375,306.2049865722656,129693
2026-08-14 14:30:00-04:00,306.102294921875,306.17999267578125,305.92498779296875,305.9800109863281,153043
2026-08-14 14:35:00-04:00,305.875,306.1099853515625,305.8299865722656,306.1099853515625,148139
2026-08-14 14:40:00-04:00,305.7200012207031,305.8710021972656,305.6300048828125,305.8710021972656,163069
2026-08-14 14:45:00-04:00,305.7799987792969,305.8800048828125,305.70001220703125,305.7300109863281,123704
2026-08-14 14:50:00-04:00,305.8301086425781,305.875,305.6650085449219,305.7799987792969,216145
2026-08-14 14:55:00-04:00,305.5799865722656,305.8599853515625,305.55999755859375,305.8598937988281,140065
2026-08-14 15:00:00-04:00,305.57501220703125,305.7090148925781,305.54998779296875,305.6000061035156,152614
2026-08-14 15:05:00-04:00,305.4750061035156,305.6499938964844,305.4549865722656,305.5899963378906,131896
2026-08-14 15:10:00-04:00,305.45001220703125,305.5899963378906,305.2699890136719,305.4700012207031,215970
2026-08-14 15:15:00-04:00,305.6600036621094,305.69000244140625,305.45001220703125,305.4599914550781,175440
2026-08-14 15:20:00-04:00,305.56988525390625,305.6499938964844,305.4700012207031,305.6499938964844,157777
2026-08-14 15:25:00-04:00,305.94500732421875,306.04998779296875,305.4800109863281,305.56500244140625,205364
2026-08-14 15:30:00-04:00,305.9100036621094,305.9700012207031,305.7300109863281,305.92999267578125,308610
2026-08-14 15:35:00-04:00,305.6300048828125,305.9100036621094,305.510009765625,305.8999938964844,239793
2026-08-14 15:40:00-04:00,305.57000732421875,305.7583923339844,305.5,305.6400146484375,314246
2026-08-14 15:45:00-04:00,305.80999755859375,305.8299865722656,305.5450134277344,305.57000732421875,242150
2026-08-14 15:50:00-04:00,305.9649963378906,306.0400085449219,305.7500915527344,305.79998779296875,497945
2026-08-14 15:55:00-04:00,305.95001220703125,305.9800109863281,305.5400085449219,305.9649963378906,1210147
2026-08-17 09:30:00-04:00,305.760009765625,307.6600036621094,305.7300109863281,306.2099914550781,4059377
2026-08-17 09:35:00-04:00,305.260009765625,306.67999267578125,305.1199951171875,305.760009765625,504012
2026-08-17 09:40:00-04:00,305.15008544921875,305.32000732421875,304.05499267578125,305.2784118652344,533114
2026-08-17 09:45:00-04:00,306.0400085449219,306.0694885253906,305.0899963378906,305.1199951171875,479976
2026-08-17 09:50:00-04:00,305.4549865722656,306.32000732421875,305.3599853515625,306.0299987792969,331991
2026-08-17 09:55:00-04:00,305.44000244140625,305.8999938964844,305.2850036621094,305.4501037597656,278434
2026-08-17 10:00:00-04:00,305.0893859863281,305.55999755859375,304.8324890136719,305.3900146484375,404606
2026-08-17 10:05:00-04:00,304.7300109863281,305.0899963378906,304.6300048828125,305.0899963378906,226082
2026-08-17 10:10:00-04:00,304.8999938964844,305.07000732421875,304.6954040527344,304.7250061035156,307586
2026-08-17 10:15:00-04:00,304.8500061035156,305.1000061035156,304.7799987792969,304.8699951171875,245533
2026-08-17 10:20:00-04:00,304.7799987792969,305.0299987792969,304.5799865722656,304.8599853515625,314861
2026-08-17 10:25:00-04:00,304.4949951171875,304.79998779296875,304.4599914550781,304.7900085449219,215933
2026-08-17 10:30:00-04:00,304.2300109863281,304.5199890136719,304.1199951171875,304.48419189453125,297743
2026-08-17 10:35:00-04:00,304.32000732421875,304.5799865722656,304.2300109863281,304.2300109863281,353874
2026-08-17 10:40:00-04:00,304.55999755859375,304.82000732421875,304.2799987792969,304.32000732421875,315873
2026-08-17 10:45:00-04:00,304.18499755859375,304.7099914550781,304.05999755859375,304.57000732421875,280176
2026-08-17 10:50:00-04:00,303.80999755859375,304.2200012207031,303.6499938964844,304.1700134277344,495591
2026-08-17 10:55:00-04:00,304.1300048828125,304.2200012207031,303.80999755859375,303.80999755859375,450286
2026-08-17 11:00:00-04:00,304.0589904785156,304.1700134277344,303.79998779296875,304.1400146484375,318929
2026-08-17 11:05:00-04:00,304.3900146484375,304.5199890136719,303.9725036621094,304.05499267578125,488904
2026-08-17 11:10:00-04:00,304.6600036621094,304.75,304.2900085449219,304.3800048828125,295978
2026-08-17 11:15:00-04:00,304.80999755859375,304.9100036621094,304.6300048828125,304.65399169921875,378324
2026-08-17 11:20:00-04:00,304.6050109863281,304.8660888671875,304.44000244140625,304.8399963378906,245421
2026-08-17 11:25:00-04:00,304.5350036621094,304.6199951171875,304.4700012207031,304.6000061035156,223750
2026-08-17 11:30:00-04:00,304.25,304.5950927734375,304.25,304.5400085449219,308733
2026-08-17 11:35:00-04:00,303.7699890136719,304.318115234375,303.66009521484375,304.2200012207031,385688
2026-08-17 11:40:00-04:00,303.30499267578125,303.7799987792969,303.29998779296875,303.7699890136719,308507
2026-08-17 11:45:00-04:00,303.0899963378906,303.5199890136719,303.05499267578125,303.29998779296875,273926
2026-08-17 11:50:00-04:00,303.1611022949219,303.3900146484375,303.07501220703125,303.07501220703125,245466
2026-08-17 11:55:00-04:00,303.19000244140625,303.3599853515625,303.1499938964844,303.1700134277344,180667
2026-08-17 12:00:00-04:00,303.2300109863281,303.29058837890625,303.0899963378906,303.17498779296875,273512
2026-08-17 12:05:00-04:00,303.2250061035156,303.25,303.07000732421875,303.2349853515625,201300
2026-08-17 12:10:00-04:00,303.55999755859375,303.55999755859375,303.04998779296875,303.2250061035156,243339
2026-08-17 12:15:00-04:00,303.6400146484375,303.70001220703125,303.4100036621094,303.5408935546875,198879
2026-08-17 12:20:00-04:00,303.65509033203125,303.79998779296875,303.5400085449219,303.6600036621094,177884
2026-08-17 12:25:00-04:00,303.55499267578125,303.6449890136719,303.4049987792969,303.6400146484375,132774
2026-08-17 12:30:00-04:00,303.96148681640625,304.0,303.54998779296875,303.55999755859375,218003
2026-08-17 12:35:00-04:00,303.9200134277344,304.0392150878906,303.8100891113281,303.9700012207031,139186
2026-08-17 12:40:00-04:00,303.76800537109375,303.95001220703125,303.739990234375,303.9150085449219,134364
2026-08-17 12:45:00-04:00,303.7300109863281,303.79998779296875,303.510009765625,303.7650146484375,199429
2026-08-17 12:50:00-04:00,303.42999267578125,303.8399963378906,303.42999267578125,303.7200012207031,277711
2026-08-17 12:55:00-04:00,303.0400085449219,303.4696960449219,302.9389953613281,303.45001220703125,317340
2026-08-17 13:00:00-04:00,303.4599914550781,303.6046142578125,303.0199890136719,303.0299987792969,237192
2026-08-17 13:05:00-04:00,303.7950134277344,303.8039855957031,303.4049987792969,303.489990234375,191605
2026-08-17 13:10:00-04:00,303.8699951171875,303.9200134277344,303.6099853515625,303.79840087890625,201339
2026-08-17 13:15:00-04:00,304.25,304.29998779296875,303.82000732421875,303.8299865722656,243410
2026-08-17 13:20:00-04:00,304.1449890136719,304.42498779296875,304.1300048828125,304.2650146484375,195436
2026-08-17 13:25:00-04:00,304.4150085449219,304.42498779296875,304.0,304.1199951171875,134719
2026-08-17 13:30:00-04:00,304.45001220703125,304.64990234375,304.2300109863281,304.4150085449219,219898
2026-08-17 13:35:00-04:00,304.239990234375,304.5400085449219,304.0799865722656,304.431884765625,162311
2026-08-17 13:40:00-04:00,304.5350036621094,304.6199951171875,304.2204895019531,304.2349853515625,135323
2026-08-17 13:45:00-04:00,304.55999755859375,304.6400146484375,304.510009765625,304.5299987792969,134430
2026-08-17 13:50:00-04:00,304.3351135253906,304.5559997558594,304.29998779296875,304.54998779296875,119384
2026-08-17 13:55:00-04:00,304.30499267578125,304.3599853515625,304.1510009765625,304.3399963378906,145984
2026-08-17 14:00:00-04:00,304.0450134277344,304.3999938964844,304.010009765625,304.29998779296875,167090
2026-08-17 14:05:00-04:00,304.25,304.3500061035156,303.9599914550781,304.04998779296875,209062
2026-08-17 14:10:00-04:00,304.5899963378906,304.67999267578125,304.2200012207031,304.260009765625,194833
2026-08-17 14:15:00-04:00,304.69000244140625,304.7200012207031,304.55999755859375,304.5899963378906,161017
2026-08-17 14:20:00-04:00,304.92999267578125,304.94000244140625,304.69000244140625,304.7099914550781,167315
2026-08-17 14:25:00-04:00,304.7049865722656,304.9200134277344,304.60040283203125,304.9200134277344,646318
2026-08-17 14:30:00-04:00,304.7349853515625,304.94000244140625,304.69049072265625,304.70001220703125,176948
2026-08-17 14:35:00-04:00,305.1199951171875,305.1300048828125,304.7099914550781,304.760009765625,182811
2026-08-17 14:40:00-04:00,305.5201110839844,305.5201110839844,305.0899963378906,305.1199951171875,336726
2026-08-17 14:45:00-04:00,305.7449951171875,305.75,305.4200134277344,305.5249938964844,373593
2026-08-17 14:50:00-04:00,305.5315856933594,305.989990234375,305.4700927734375,305.760009765625,304244
2026-08-17 14:55:00-04:00,305.67999267578125,305.67999267578125,305.4599914550781,305.5400085449219,246055
2026-08-17 15:00:00-04:00,305.69000244140625,305.9700012207031,305.6600036621094,305.68499755859375,198607
2026-08-17 15:05:00-04:00,305.7300109863281,305.80999755859375,305.5899963378906,305.67999267578125,172792
2026-08-17 15:10:00-04:00,305.81500244140625,305.8550109863281,305.67999267578125,305.7200012207031,165700
2026-08-17 15:15:00-04:00,305.82000732421875,305.8900146484375,305.62579345703125,305.80999755859375,227975
2026-08-17 15:20:00-04:00,305.864990234375,306.1600036621094,305.7799987792969,305.82000732421875,285538
2026-08-17 15:25:00-04:00,306.1449890136719,306.1499938964844,305.8550109863281,305.864990234375,254529
2026-08-17 15:30:00-04:00,306.07000732421875,306.32000732421875,305.95001220703125,306.1499938964844,318230
2026-08-17 15:35:00-04:00,305.760009765625,306.0849914550781,305.7200012207031,306.07000732421875,238554
2026-08-17 15:40:00-04:00,305.6199951171875,305.7716979980469,305.5299987792969,305.75,280472
2026-08-17 15:45:00-04:00,305.739990234375,305.7557067871094,305.55999755859375,305.6400146484375,284454
2026-08-17 15:50:00-04:00,305.510009765625,305.760009765625,305.29998779296875,305.7449951171875,596602
2026-08-17 15:55:00-04:00,305.69000244140625,305.7900085449219,305.0299987792969,305.5199890136719,2262824
2026-08-18 09:30:00-04:00,306.20001220703125,307.8999938964844,305.989990234375,307.5299987792969,3701588
2026-08-18 09:35:00-04:00,306.30999755859375,307.0473937988281,306.0899963378906,306.2099914550781,563285
2026-08-18 09:40:00-04:00,306.9700927734375,307.2300109863281,305.9800109863281,306.3251037597656,703082
2026-08-18 09:45:00-04:00,306.2799987792969,307.25,306.2200012207031,306.9649963378906,567766
2026-08-18 09:50:00-04:00,306.489990234375,306.489990234375,305.739990234375,306.2900085449219,488743
2026-08-18 09:55:00-04:00,307.2900085449219,307.3599853515625,306.3500061035156,306.4700012207031,818690
2026-08-18 10:00:00-04:00,309.010009765625,309.1199951171875,307.1499938964844,307.29998779296875,1333846
2026-08-18 10:05:00-04:00,309.760009765625,309.8399963378906,308.9129943847656,309.0199890136719,944535
2026-08-18 10:10:00-04:00,309.92498779296875,310.1499938964844,309.2699890136719,309.79998779296875,1064713
2026-08-18 10:15:00-04:00,309.4849853515625,310.2699890136719,309.19000244140625,309.92498779296875,838432
2026-08-18 10:20:00-04:00,309.19000244140625,309.6199951171875,308.8500061035156,309.4849853515625,532963
2026-08-18 10:25:00-04:00,309.659912109375,309.6698913574219,308.80999755859375,309.1700134277344,482852
2026-08-18 10:30:00-04:00,310.9150085449219,310.989990234375,309.6000061035156,309.6400146484375,666169
2026-08-18 10:35:00-04:00,311.17999267578125,311.3299865722656,310.6600036621094,310.9150085449219,669942
2026-08-18 10:40:00-04:00,310.7699890136719,311.489990234375,310.7560119628906,311.1700134277344,626590
2026-08-18 10:45:00-04:00,310.9949951171875,311.2200012207031,310.70001220703125,310.7699890136719,525045
2026-08-18 10:50:00-04:00,310.5,311.20001220703125,310.4100036621094,311.0,615711
2026-08-18 10:55:00-04:00,310.3949890136719,310.7900085449219,310.2300109863281,310.510009765625,452861
2026-08-18 11:00:00-04:00,310.54998779296875,310.5946044921875,309.9200134277344,310.4100036621094,502730
2026-08-18 11:05:00-04:00,310.92999267578125,310.9700012207031,310.5199890136719,310.53009033203125,449386
2026-08-18 11:10:00-04:00,310.510009765625,311.1499938964844,310.44000244140625,310.92498779296875,437130
2026-08-18 11:15:00-04:00,310.6700134277344,310.9278869628906,310.3599853515625,310.510009765625,286596
2026-08-18 11:20:00-04:00,310.19989013671875,310.70001220703125,310.1199951171875,310.6300048828125,267740
2026-08-18 11:25:00-04:00,310.42999267578125,310.489990234375,310.07000732421875,310.1997985839844,298237
2026-08-18 11:30:00-04:00,310.05499267578125,310.5198974609375,310.0400085449219,310.42999267578125,265993
2026-08-18 11:35:00-04:00,310.32000732421875,310.44000244140625,309.989990234375,310.05499267578125,313851
2026-08-18 11:40:00-04:00,309.8763122558594,310.3699951171875,309.739990234375,310.3262023925781,275198
2026-08-18 11:45:00-04:00,309.6300048828125,310.0299987792969,309.4200134277344,309.8699951171875,339307
2026-08-18 11:50:00-04:00,309.5249938964844,309.6499938964844,309.3399963378906,309.6199951171875,278796
2026-08-18 11:55:00-04:00,309.5400085449219,309.8699951171875,309.3999938964844,309.5199890136719,471470
2026-08-18 12:00:00-04:00,309.4501037597656,309.5799865722656,309.0119934082031,309.5400085449219,352356
2026-08-18 12:05:00-04:00,309.8349914550781,310.05499267578125,309.4549865722656,309.4549865722656,341434
2026-08-18 12:10:00-04:00,310.25,310.45989990234375,309.8299865722656,309.840087890625,335924
2026-08-18 12:15:00-04:00,310.2099914550781,310.2900085449219,309.95001220703125,310.260009765625,245325
2026-08-18 12:20:00-04:00,310.2301025390625,310.2900085449219,310.1000061035156,310.2099914550781,193718
2026-08-18 12:25:00-04:00,310.614990234375,310.6400146484375,310.2300109863281,310.239990234375,352452
2026-08-18 12:30:00-04:00,310.6300048828125,310.75,310.3550109863281,310.6199951171875,313755
2026-08-18 12:35:00-04:00,310.3900146484375,310.67999267578125,310.2699890136719,310.6199951171875,195655
2026-08-18 12:40:00-04:00,310.4599914550781,310.5398864746094,310.3486022949219,310.3800048828125,203067
2026-08-18 12:45:00-04:00,310.3349914550781,310.4700012207031,310.20001220703125,310.4599914550781,200409
2026-08-18 12:50:00-04:00,310.4200134277344,310.760009765625,310.2921142578125,310.3349914550781,314603
2026-08-18 12:55:00-04:00,310.75,310.760009765625,310.4200134277344,310.4200134277344,175829
2026-08-18 13:00:00-04:00,310.6499938964844,310.94000244140625,310.5450134277344,310.7401123046875,1052491
2026-08-18 13:05:00-04:00,310.7349853515625,310.7900085449219,310.5400085449219,310.6499938964844,186820
2026-08-18 13:10:00-04:00,310.57000732421875,310.75,310.55999755859375,310.7349853515625,183564
2026-08-18 13:15:00-04:00,310.6499938964844,310.6600036621094,310.3399963378906,310.57501220703125,200027
2026-08-18 13:20:00-04:00,310.7002868652344,310.7699890136719,310.5799865722656,310.6600036621094,165449
2026-08-18 13:25:00-04:00,310.3999938964844,310.70001220703125,310.2701110839844,310.70001220703125,153913
2026-08-18 13:30:00-04:00,310.1000061035156,310.44000244140625,309.9599914550781,310.3999938964844,261646
2026-08-18 13:35:00-04:00,310.1300048828125,310.2900085449219,310.0610046386719,310.1050109863281,1496406
2026-08-18 13:40:00-04:00,310.0400085449219,310.2300109863281,309.8699951171875,310.135009765625,178711
2026-08-18 13:45:00-04:00,310.114990234375,310.2300109863281,310.0375061035156,310.0400085449219,200453
2026-08-18 13:50:00-04:00,310.17999267578125,310.20001220703125,310.05999755859375,310.114990234375,183729
2026-08-18 13:55:00-04:00,310.1300048828125,310.2699890136719,310.07000732421875,310.19500732421875,226855
2026-08-18 14:00:00-04:00,310.010009765625,310.1300048828125,309.75,310.125,305657
2026-08-18 14:05:00-04:00,310.29998779296875,310.3500061035156,309.9949951171875,310.0150146484375,267675
2026-08-18 14:10:00-04:00,310.5,310.5899963378906,310.2799987792969,310.2976989746094,257657
2026-08-18 14:15:00-04:00,310.42498779296875,310.55999755859375,310.2699890136719,310.4949951171875,226816
2026-08-18 14:20:00-04:00,310.5400085449219,310.64990234375,310.3768005371094,310.4150085449219,202814
2026-08-18 14:25:00-04:00,310.627685546875,310.6300048828125,310.45001220703125,310.5299987792969,170814
2026-08-18 14:30:00-04:00,310.4800109863281,310.6400146484375,310.4100036621094,310.6099853515625,204702
2026-08-18 14:35:00-04:00,310.45001220703125,310.67999267578125,310.3500061035156,310.4700012207031,253075
2026-08-18 14:40:00-04:00,311.05999755859375,311.20001220703125,310.43499755859375,310.44500732421875,620550
2026-08-18 14:45:00-04:00,310.8599853515625,311.239990234375,310.7601013183594,311.06500244140625,310641
2026-08-18 14:50:00-04:00,310.55499267578125,310.8900146484375,310.43231201171875,310.864990234375,223841
2026-08-18 14:55:00-04:00,310.3699951171875,310.6300048828125,310.3699951171875,310.5400085449219,177505
2026-08-18 15:00:00-04:00,310.1700134277344,310.42999267578125,310.07220458984375,310.3699951171875,290011
2026-08-18 15:05:00-04:00,309.8299865722656,310.19000244140625,309.82000732421875,310.1549987792969,259688
2026-08-18 15:10:00-04:00,309.6700134277344,309.8999938964844,309.6549987792969,309.8399963378906,288380
2026-08-18 15:15:00-04:00,309.5299987792969,309.760009765625,309.3800048828125,309.67498779296875,389668
2026-08-18 15:20:00-04:00,309.92498779296875,309.9700012207031,309.3699951171875,309.53009033203125,406184
2026-08-18 15:25:00-04:00,309.7099914550781,309.989990234375,309.6600036621094,309.9299011230469,377678
2026-08-18 15:30:00-04:00,309.885009765625,309.8900146484375,309.6014099121094,309.69500732421875,398390
2026-08-18 15:35:00-04:00,310.06500244140625,310.0799865722656,309.80999755859375,309.885009765625,367803
2026-08-18 15:40:00-04:00,310.45001220703125,310.5299987792969,310.0199890136719,310.05499267578125,423622
2026-08-18 15:45:00-04:00,310.57000732421875,310.7799987792969,310.3399963378906,310.44500732421875,518706
2026-08-18 15:50:00-04:00,310.489990234375,311.0690002441406,310.2300109863281,310.57000732421875,1049247
2026-08-18 15:55:00-04:00,310.20001220703125,310.57000732421875,309.95001220703125,310.5,3139994
2026-08-19 09:30:00-04:00,310.7250061035156,311.1000061035156,309.6000061035156,310.1300048828125,2987920
2026-08-19 09:35:00-04:00,312.260009765625,312.32000732421875,310.7200012207031,310.7250061035156,857918
2026-08-19 09:40:00-04:00,311.7049865722656,312.3900146484375,311.3500061035156,312.260009765625,561480
2026-08-19 09:45:00-04:00,312.9549865722656,313.3299865722656,311.69000244140625,311.6919860839844,772950
2026-08-19 09:50:00-04:00,315.44000244140625,315.45001220703125,312.8599853515625,312.9700012207031,1184049
2026-08-19 09:55:00-04:00,316.364990234375,316.3900146484375,314.7099914550781,315.4551086425781,1015846
2026-08-19 10:00:00-04:00,317.19000244140625,317.4989929199219,316.0600891113281,316.3900146484375,1217136
2026-08-19 10:05:00-04:00,316.43499755859375,317.42999267578125,316.3500061035156,317.2049865722656,924963
2026-08-19 10:10:00-04:00,317.1300048828125,317.489990234375,316.42999267578125,316.44000244140625,1003400
2026-08-19 10:15:00-04:00,317.6050109863281,317.739990234375,317.05999755859375,317.1499938964844,688799
2026-08-19 10:20:00-04:00,316.010009765625,317.80999755859375,315.7189025878906,317.6050109863281,756976
2026-08-19 10:25:00-04:00,316.010009765625,316.33990478515625,315.3699951171875,315.9909973144531,493992
2026-08-19 10:30:00-04:00,316.7500915527344,317.05999755859375,315.9100036621094,315.9599914550781,827125
2026-08-19 10:35:00-04:00,316.2799987792969,316.79998779296875,316.04998779296875,316.75,422237
2026-08-19 10:40:00-04:00,315.8800048828125,316.5047912597656,315.7550048828125,316.2300109863281,322101
2026-08-19 10:45:00-04:00,316.625,316.6440124511719,315.864990234375,315.8800048828125,302503
2026-08-19 10:50:00-04:00,317.6300048828125,317.6300048828125,316.54998779296875,316.6099853515625,403746
2026-08-19 10:55:00-04:00,317.868896484375,318.3299865722656,317.5400085449219,317.6199951171875,558747
2026-08-19 11:00:00-04:00,318.8323059082031,318.8550109863281,317.8599853515625,317.8800048828125,433250
2026-08-19 11:05:00-04:00,318.5350036621094,319.2799072265625,318.4700012207031,318.8299865722656,557909
2026-08-19 11:10:00-04:00,318.79998779296875,318.8500061035156,318.30999755859375,318.5350036621094,353765
2026-08-19 11:15:00-04:00,318.80999755859375,318.9700012207031,318.6400146484375,318.80999755859375,352682
2026-08-19 11:20:00-04:00,318.4949951171875,318.82000732421875,318.44000244140625,318.79998779296875,459065
2026-08-19 11:25:00-04:00,318.17999267578125,318.5,317.9800109863281,318.5,416430
2026-08-19 11:30:00-04:00,317.44049072265625,318.2300109863281,317.3599853515625,318.18499755859375,295149
2026-08-19 11:35:00-04:00,317.010009765625,317.42999267578125,316.6099853515625,317.42999267578125,418198
2026-08-19 11:40:00-04:00,316.42999267578125,317.0199890136719,316.30108642578125,317.010009765625,311834
2026-08-19 11:45:00-04:00,316.7200012207031,316.8450012207031,316.3500061035156,316.43499755859375,242563
2026-08-19 11:50:00-04:00,316.3599853515625,316.8599853515625,316.3500061035156,316.7300109863281,194803
2026-08-19 11:55:00-04:00,316.2950134277344,316.3699951171875,315.96600341796875,316.3599853515625,262358
2026-08-19 12:00:00-04:00,316.7676086425781,316.7749938964844,316.0,316.29998779296875,280913
2026-08-19 12:05:00-04:00,316.94000244140625,317.0299987792969,316.7101135253906,316.7799987792969,232732
2026-08-19 12:10:00-04:00,317.25,317.29998779296875,316.58599853515625,316.9599914550781,237374
2026-08-19 12:15:00-04:00,317.2200012207031,317.3500061035156,317.1499938964844,317.260009765625,204191
2026-08-19 12:20:00-04:00,316.989990234375,317.45001220703125,316.8599853515625,317.2099914550781,243369
2026-08-19 12:25:00-04:00,316.55999755859375,317.04998779296875,316.55999755859375,316.9801940917969,200773
2026-08-19 12:30:00-04:00,316.260009765625,316.54998779296875,316.2099914550781,316.54998779296875,177344
2026-08-19 12:35:00-04:00,315.3500061035156,316.2799987792969,315.2850036621094,316.2749938964844,531448
2026-08-19 12:40:00-04:00,315.260009765625,315.45001220703125,315.04998779296875,315.3500061035156,288737
2026-08-19 12:45:00-04:00,315.07000732421875,315.2900085449219,315.010009765625,315.260009765625,221346
2026-08-19 12:50:00-04:00,314.8999938964844,315.30999755859375,314.8746032714844,315.090087890625,335519
2026-08-19 12:55:00-04:00,315.0950012207031,315.1499938964844,314.6499938964844,314.9017028808594,653296
2026-08-19 13:00:00-04:00,314.9599914550781,315.1700134277344,314.8999938964844,315.1199951171875,195875
2026-08-19 13:05:00-04:00,314.5299987792969,314.96990966796875,314.489990234375,314.9599914550781,191501
2026-08-19 13:10:00-04:00,314.8699951171875,315.1499938964844,314.4909973144531,314.55999755859375,223772
2026-08-19 13:15:00-04:00,314.8673095703125,315.1600036621094,314.7001037597656,314.8699951171875,307330
2026-08-19 13:20:00-04:00,315.010009765625,315.0899963378906,314.79010009765625,314.8799133300781,173889
2026-08-19 13:25:00-04:00,315.05999755859375,315.1142883300781,314.8500061035156,315.0050048828125,232182
2026-08-19 13:30:00-04:00,315.260009765625,315.3450927734375,314.95001220703125,315.05999755859375,267733
2026-08-19 13:35:00-04:00,315.5050048828125,315.6000061035156,315.1700134277344,315.25,206383
2026-08-19 13:40:00-04:00,315.3599853515625,315.8190002441406,315.3301086425781,315.49090576171875,267208
2026-08-19 13:45:00-04:00,315.3299865722656,315.510009765625,315.1499938964844,315.3699951171875,176471
2026-08-19 13:50:00-04:00,315.26141357421875,315.45001220703125,315.239990234375,315.3299865722656,233966
2026-08-19 13:55:00-04:00,315.20269775390625,315.389892578125,315.1700134277344,315.2699890136719,187894
2026-08-19 14:00:00-04:00,315.6499938964844,315.67498779296875,315.10009765625,315.1919860839844,215052
2026-08-19 14:05:00-04:00,315.04998779296875,315.7099914550781,315.01470947265625,315.6549987792969,202964
2026-08-19 14:10:00-04:00,315.45001220703125,315.5899963378906,315.05499267578125,315.0599060058594,201152
2026-08-19 14:15:00-04:00,315.010009765625,315.45001220703125,314.7749938964844,315.45001220703125,389737
2026-08-19 14:20:00-04:00,315.04998779296875,315.1199951171875,314.9360046386719,315.0,204597
2026-08-19 14:25:00-04:00,314.8399963378906,315.07000732421875,314.7799987792969,315.0400085449219,272832
2026-08-19 14:30:00-04:00,314.5299987792969,314.94000244140625,314.2900085449219,314.8599853515625,316664
2026-08-19 14:35:00-04:00,314.8450012207031,314.8800048828125,314.44500732421875,314.5400085449219,212339
2026-08-19 14:40:00-04:00,314.8550109863281,315.0350036621094,314.7001037597656,314.8450012207031,181517
2026-08-19 14:45:00-04:00,315.2049865722656,315.2049865722656,314.7749938964844,314.8599853515625,292534
2026-08-19 14:50:00-04:00,315.0299987792969,315.2296142578125,314.9649963378906,315.20001220703125,1190988
2026-08-19 14:55:00-04:00,314.8699951171875,315.1300048828125,314.8699951171875,315.0299987792969,698655
2026-08-19 15:00:00-04:00,315.20001220703125,315.2200012207031,314.76519775390625,314.885009765625,218906
2026-08-19 15:05:00-04:00,315.79998779296875,315.8299865722656,315.20001220703125,315.20001220703125,381639
2026-08-19 15:10:00-04:00,315.82000732421875,315.9700012207031,315.5299987792969,315.7799987792969,370038
2026-08-19 15:15:00-04:00,316.3500061035156,316.35528564453125,315.69171142578125,315.80999755859375,389649
2026-08-19 15:20:00-04:00,316.2449951171875,316.539306640625,316.15130615234375,316.3351135253906,500952
2026-08-19 15:25:00-04:00,316.67840576171875,316.7300109863281,316.20001220703125,316.25,333084
2026-08-19 15:30:00-04:00,316.55999755859375,316.6700134277344,316.2799987792969,316.6600036621094,374942
2026-08-19 15:35:00-04:00,315.6400146484375,316.6199951171875,315.63800048828125,316.55499267578125,322823
2026-08-19 15:40:00-04:00,315.6600036621094,315.8800048828125,315.3706970214844,315.6700134277344,340764
2026-08-19 15:45:00-04:00,315.6499938964844,315.7300109863281,315.20001220703125,315.6549987792969,515829
2026-08-19 15:50:00-04:00,316.4200134277344,316.6400146484375,315.6199951171875,315.6199951171875,905366
2026-08-19 15:55:00-04:00,316.8800048828125,316.8800048828125,316.1400146484375,316.4100036621094,2879808
2026-08-20 09:30:00-04:00,318.7349853515625,320.2799987792969,316.7099914550781,317.4549865722656,3105154
2026-08-20 09:35:00-04:00,317.614990234375,318.8900146484375,317.1499938964844,318.7300109863281,649477
2026-08-20 09:40:00-04:00,318.44000244140625,318.5799865722656,317.4200134277344,317.6300048828125,599568
2026-08-20 09:45:00-04:00,317.41241455078125,318.510009765625,317.3869934082031,318.4800109863281,486542
2026-08-20 09:50:00-04:00,318.1495056152344,318.17999267578125,317.2300109863281,317.42999267578125,382237
2026-08-20 09:55:00-04:00,317.2799072265625,318.42999267578125,317.0,318.1300048828125,479871
2026-08-20 10:00:00-04:00,317.125,317.6199951171875,316.82000732421875,317.2300109863281,462245
2026-08-20 10:05:00-04:00,316.45001220703125,317.2084045410156,316.3200988769531,317.1199951171875,458437
2026-08-20 10:10:00-04:00,316.68499755859375,316.89990234375,316.3949890136719,316.4750061035156,298632
2026-08-20 10:15:00-04:00,316.79998779296875,317.0899963378906,316.6600036621094,316.6600036621094,270916
2026-08-20 10:20:00-04:00,316.62890625,316.8500061035156,316.2200012207031,316.83990478515625,319976
2026-08-20 10:25:00-04:00,316.4700012207031,316.7749938964844,316.3999938964844,316.6000061035156,202659
2026-08-20 10:30:00-04:00,316.32000732421875,316.5899963378906,316.2401123046875,316.42999267578125,199183
2026-08-20 10:35:00-04:00,316.4849853515625,316.57000732421875,316.1700134277344,316.32000732421875,174051
2026-08-20 10:40:00-04:00,316.3500061035156,316.6698913574219,316.3323974609375,316.4599914550781,164126
2026-08-20 10:45:00-04:00,316.6029052734375,316.92498779296875,316.3299865722656,316.3599853515625,200096
2026-08-20 10:50:00-04:00,317.03009033203125,317.1400146484375,316.4700012207031,316.6000061035156,192639
2026-08-20 10:55:00-04:00,317.4200134277344,317.4800109863281,316.92999267578125,317.04998779296875,230773
2026-08-20 11:00:00-04:00,317.70001220703125,317.7799987792969,317.3699951171875,317.42999267578125,258419
2026-08-20 11:05:00-04:00,316.8699951171875,317.70001220703125,316.75,317.69500732421875,428561
2026-08-20 11:10:00-04:00,316.5,316.8699951171875,316.25,316.864990234375,276674
2026-08-20 11:15:00-04:00,316.3399963378906,316.4700012207031,316.0,316.4100036621094,356966
2026-08-20 11:20:00-04:00,316.55999755859375,316.70001220703125,316.19000244140625,316.3699951171875,222893
2026-08-20 11:25:00-04:00,317.2200012207031,317.25,316.25,316.5350036621094,292118
2026-08-20 11:30:00-04:00,316.6300048828125,317.25,316.53009033203125,317.2298889160156,160560
2026-08-20 11:35:00-04:00,316.4100036621094,316.739990234375,316.3599853515625,316.6166076660156,113217
2026-08-20 11:40:00-04:00,316.5299987792969,316.7842102050781,316.2200012207031,316.4049987792969,168917
2026-08-20 11:45:00-04:00,316.2099914550781,316.6050109863281,316.010009765625,316.5050048828125,281784
2026-08-20 11:50:00-04:00,316.4551086425781,316.4700012207031,315.9599914550781,316.2300109863281,249007
2026-08-20 11:55:00-04:00,316.9100036621094,316.9700012207031,316.4100036621094,316.4700012207031,173062
2026-08-20 12:00:00-04:00,316.7799987792969,317.0887145996094,316.55999755859375,316.9100036621094,134489
2026-08-20 12:05:00-04:00,316.7650146484375,316.8699951171875,316.5745849609375,316.7799987792969,121717
2026-08-20 12:10:00-04:00,316.239990234375,316.92999267578125,316.239990234375,316.7701110839844,147396
2026-08-20 12:15:00-04:00,316.347412109375,316.4200134277344,316.05999755859375,316.239990234375,125985
2026-08-20 12:20:00-04:00,316.7099914550781,316.7850036621094,316.1499938964844,316.3399963378906,171839
2026-08-20 12:25:00-04:00,316.4649963378906,316.75,316.3999938964844,316.6400146484375,166859
2026-08-20 12:30:00-04:00,317.0799865722656,317.0899963378906,316.2900085449219,316.4649963378906,169536
2026-08-20 12:35:00-04:00,316.9747009277344,317.1000061035156,316.8949890136719,317.08319091796875,128013
2026-08-20 12:40:00-04:00,317.44000244140625,317.44000244140625,316.9700012207031,316.9700012207031,168444
2026-08-20 12:45:00-04:00,316.9800109863281,317.5400085449219,316.9599914550781,317.42999267578125,315476
2026-08-20 12:50:00-04:00,317.04998779296875,317.1199951171875,316.8800048828125,316.989990234375,125723
2026-08-20 12:55:00-04:00,317.2099914550781,317.239990234375,316.9635925292969,317.05999755859375,110553
2026-08-20 13:00:00-04:00,317.2300109863281,317.4800109863281,317.1700134277344,317.20001220703125,134759
2026-08-20 13:05:00-04:00,317.3500061035156,317.42498779296875,317.1401062011719,317.25,169861
2026-08-20 13:10:00-04:00,317.2799987792969,317.6300048828125,317.1499938964844,317.3399963378906,181096
2026-08-20 13:15:00-04:00,317.0517883300781,317.5799865722656,316.9700012207031,317.2850036621094,257699
2026-08-20 13:20:00-04:00,316.9599914550781,317.1499938964844,316.8505859375,317.010009765625,156164
2026-08-20 13:25:00-04:00,316.6700134277344,317.010009765625,316.6700134277344,316.94000244140625,108898
2026-08-20 13:30:00-04:00,316.6252136230469,316.79998779296875,316.5,316.6600036621094,195216
2026-08-20 13:35:00-04:00,316.6199951171875,316.8599853515625,316.55999755859375,316.6199951171875,157393
2026-08-20 13:40:00-04:00,316.6000061035156,316.69000244140625,316.5799865722656,316.6199951171875,104782
2026-08-20 13:45:00-04:00,316.3599853515625,316.635009765625,316.260009765625,316.6000061035156,176642
2026-08-20 13:50:00-04:00,316.57000732421875,316.6300048828125,316.2799987792969,316.3699951171875,166475
2026-08-20 13:55:00-04:00,316.32000732421875,316.6199951171875,316.2699890136719,316.55999755859375,111771
2026-08-20 14:00:00-04:00,316.1050109863281,316.30999755859375,316.0,316.30999755859375,270548
2026-08-20 14:05:00-04:00,315.306884765625,316.1300048828125,315.2850036621094,316.1050109863281,307629
2026-08-20 14:10:00-04:00,315.45001220703125,315.5799865722656,315.0799865722656,315.32000732421875,356580
2026-08-20 14:15:00-04:00,315.6050109863281,315.6499938964844,315.2908020019531,315.46978759765625,222495
2026-08-20 14:20:00-04:00,315.2099914550781,315.7099914550781,315.1300048828125,315.6099853515625,219252
2026-08-20 14:25:00-04:00,314.8399963378906,315.2200012207031,314.82000732421875,315.2149963378906,256665
2026-08-20 14:30:00-04:00,315.36090087890625,315.3800048828125,314.7799987792969,314.8100891113281,213222
2026-08-20 14:35:00-04:00,315.5299987792969,315.6600036621094,315.3299865722656,315.3599853515625,172817
2026-08-20 14:40:00-04:00,315.6300964355469,315.70001220703125,315.44000244140625,315.5299987792969,187766
2026-08-20 14:45:00-04:00,315.17999267578125,315.6300048828125,315.1300048828125,315.6300048828125,253698
2026-08-20 14:50:00-04:00,315.5350036621094,315.54998779296875,315.17999267578125,315.20001220703125,223167
2026-08-20 14:55:00-04:00,315.1278991699219,315.5350036621094,315.081787109375,315.5299987792969,176058
2026-08-20 15:00:00-04:00,315.0050048828125,315.1199951171875,314.840087890625,315.1199951171875,177116
2026-08-20 15:05:00-04:00,314.8999938964844,315.1199951171875,314.82000732421875,315.0299987792969,204053
2026-08-20 15:10:00-04:00,314.5599060058594,314.9150085449219,314.4849853515625,314.8999938964844,218634
2026-08-20 15:15:00-04:00,314.0400085449219,314.5400085449219,313.989990234375,314.5299987792969,317296
2026-08-20 15:20:00-04:00,313.8797912597656,314.1400146484375,313.54998779296875,314.0450134277344,560615
2026-08-20 15:25:00-04:00,313.3699951171875,313.9200134277344,313.29998779296875,313.8800048828125,452494
2026-08-20 15:30:00-04:00,313.3999938964844,313.45001220703125,312.94000244140625,313.3900146484375,473724
2026-08-20 15:35:00-04:00,313.44000244140625,313.6499938964844,313.2799987792969,313.3949890136719,482824
2026-08-20 15:40:00-04:00,312.9599914550781,313.5,312.9100036621094,313.45001220703125,340249
2026-08-20 15:45:00-04:00,312.6700134277344,313.08990478515625,312.43011474609375,313.0,587227
2026-08-20 15:50:00-04:00,311.92999267578125,312.9700012207031,311.9100036621094,312.6700134277344,743644
2026-08-20 15:55:00-04:00,311.3399963378906,311.9599914550781,310.6499938964844,311.94000244140625,2857840
2026-08-21 09:30:00-04:00,308.0899963378906,312.3800048828125,307.67999267578125,312.04998779296875,6494438
2026-08-21 09:35:00-04:00,308.1910095214844,308.885009765625,307.760009765625,308.0899963378906,746292
2026-08-21 09:40:00-04:00,308.1199951171875,308.364990234375,307.44000244140625,308.1600036621094,604460
2026-08-21 09:45:00-04:00,307.4295959472656,308.32501220703125,307.0199890136719,308.0899963378906,464468
2026-08-21 09:50:00-04:00,307.31500244140625,308.0199890136719,307.010009765625,307.4200134277344,446029
2026-08-21 09:55:00-04:00,307.3800048828125,307.5899963378906,307.07049560546875,307.3399963378906,301668
2026-08-21 10:00:00-04:00,307.8999938964844,307.92999267578125,307.0899963378906,307.3800048828125,430601
2026-08-21 10:05:00-04:00,307.80010986328125,308.04998779296875,307.6300048828125,307.8949890136719,627546
2026-08-21 10:10:00-04:00,307.7200012207031,307.94000244140625,307.5,307.79998779296875,313809
2026-08-21 10:15:00-04:00,307.9849853515625,308.2300109863281,307.70001220703125,307.70001220703125,2255631
2026-08-21 10:20:00-04:00,307.8949890136719,308.1000061035156,307.4599914550781,307.9991149902344,299377
2026-08-21 10:25:00-04:00,307.7950134277344,308.04998779296875,307.5799865722656,307.8949890136719,721077
2026-08-21 10:30:00-04:00,308.0954895019531,308.3109130859375,307.6000061035156,307.82000732421875,352870
2026-08-21 10:35:00-04:00,308.2174072265625,308.4700012207031,308.0,308.1000061035156,648228
2026-08-21 10:40:00-04:00,308.57501220703125,308.739990234375,307.9599914550781,308.22900390625,279509
2026-08-21 10:45:00-04:00,308.8399963378906,308.8599853515625,308.29638671875,308.54998779296875,243862
2026-08-21 10:50:00-04:00,308.885498046875,309.0,308.6549987792969,308.8500061035156,312710
2026-08-21 10:55:00-04:00,309.4549865722656,309.5,308.8699951171875,308.8699951171875,313297
2026-08-21 11:00:00-04:00,309.7349853515625,309.79998779296875,309.25,309.4599914550781,1287746
2026-08-21 11:05:00-04:00,309.55999755859375,309.94000244140625,309.5,309.7449951171875,219946
2026-08-21 11:10:00-04:00,309.70001220703125,309.8399963378906,309.4150085449219,309.5303955078125,2451066
2026-08-21 11:15:00-04:00,310.04998779296875,310.1300048828125,309.5299987792969,309.67498779296875,285912
2026-08-21 11:20:00-04:00,309.82501220703125,310.1499938964844,309.7900085449219,310.04998779296875,168693
2026-08-21 11:25:00-04:00,310.6000061035156,310.6400146484375,309.82000732421875,309.8251037597656,211944
2026-08-21 11:30:00-04:00,311.1000061035156,311.32000732421875,310.3999938964844,310.614990234375,369148
2026-08-21 11:35:00-04:00,311.4599914550781,311.6400146484375,311.0199890136719,311.0899963378906,1250508
2026-08-21 11:40:00-04:00,311.30999755859375,311.4599914550781,311.1700134277344,311.4549865722656,562710
2026-08-21 11:45:00-04:00,311.1300048828125,311.4200134277344,310.9200134277344,311.30999755859375,231486
2026-08-21 11:50:00-04:00,311.7900085449219,311.8399963378906,311.1000061035156,311.125,222465
2026-08-21 11:55:00-04:00,311.510009765625,311.92999267578125,311.32000732421875,311.8099060058594,217457
2026-08-21 12:00:00-04:00,311.375,311.82000732421875,311.260009765625,311.5249938964844,507857
2026-08-21 12:05:00-04:00,311.5,311.54998779296875,311.260009765625,311.3599853515625,275712
2026-08-21 12:10:00-04:00,311.19000244140625,311.5899963378906,311.1700134277344,311.5,149823
2026-08-21 12:15:00-04:00,311.1050109863281,311.4100036621094,311.0,311.17999267578125,174600
2026-08-21 12:20:00-04:00,311.364990234375,311.42999267578125,311.0899963378906,311.1004943847656,135046
2026-08-21 12:25:00-04:00,311.20318603515625,311.4339904785156,311.07000732421875,311.375,162338
2026-08-21 12:30:00-04:00,310.4100036621094,311.25,310.4100036621094,311.20001220703125,261578
2026-08-21 12:35:00-04:00,310.7099914550781,310.739990234375,310.2699890136719,310.4100036621094,211756
2026-08-21 12:40:00-04:00,310.70001220703125,310.8900146484375,310.5899963378906,310.7099914550781,345454
2026-08-21 12:45:00-04:00,310.79010009765625,310.8301086425781,310.5806884765625,310.739990234375,137639
2026-08-21 12:50:00-04:00,310.9700012207031,311.0299987792969,310.6600036621094,310.7900085449219,119319
2026-08-21 12:55:00-04:00,311.0050048828125,311.03009033203125,310.8699951171875,310.9649963378906,130945
2026-08-21 13:00:00-04:00,311.0299987792969,311.2799987792969,310.8900146484375,310.989990234375,264233
2026-08-21 13:05:00-04:00,311.57000732421875,311.6099853515625,311.0299987792969,311.0400085449219,170157
2026-08-21 13:10:00-04:00,311.55999755859375,311.6400146484375,311.4100036621094,311.55999755859375,163101
2026-08-21 13:15:00-04:00,311.42999267578125,311.6050109863281,311.18231201171875,311.5199890136719,303105
2026-08-21 13:20:00-04:00,311.2699890136719,311.6400146484375,311.1000061035156,311.42498779296875,203979
2026-08-21 13:25:00-04:00,311.05999755859375,311.4200134277344,310.9700012207031,311.2950134277344,165553
2026-08-21 13:30:00-04:00,310.7900085449219,311.1600036621094,310.7900085449219,311.0199890136719,180352
2026-08-21 13:35:00-04:00,310.32000732421875,310.7799987792969,310.2799987792969,310.7699890136719,199881
2026-08-21 13:40:00-04:00,310.0400085449219,310.3388977050781,309.8399963378906,310.31500244140625,267052
2026-08-21 13:45:00-04:00,309.7149963378906,310.14801025390625,309.6300048828125,310.0199890136719,185957
2026-08-21 13:50:00-04:00,309.79998779296875,309.860595703125,309.4200134277344,309.7149963378906,215756
2026-08-21 13:55:00-04:00,309.55999755859375,309.8399963378906,309.489990234375,309.7799987792969,166619
2026-08-21 14:00:00-04:00,309.5249938964844,309.6099853515625,309.30999755859375,309.5299987792969,1208735
2026-08-21 14:05:00-04:00,309.3699951171875,309.6000061035156,309.2300109863281,309.5400085449219,198996
2026-08-21 14:10:00-04:00,309.18499755859375,309.3699951171875,309.0,309.3699951171875,156494
2026-08-21 14:15:00-04:00,309.0400085449219,309.19000244140625,308.8999938964844,309.19000244140625,160557
2026-08-21 14:20:00-04:00,308.5299987792969,309.0899963378906,308.4599914550781,309.07000732421875,227018
2026-08-21 14:25:00-04:00,308.4700012207031,308.639892578125,308.4005126953125,308.5400085449219,142859
2026-08-21 14:30:00-04:00,308.7200012207031,308.8500061035156,308.4601135253906,308.4750061035156,209061
2026-08-21 14:35:00-04:00,308.82000732421875,308.9649963378906,308.614990234375,308.7099914550781,189425
2026-08-21 14:40:00-04:00,308.5450134277344,308.92999267578125,308.52020263671875,308.8299865722656,160108
2026-08-21 14:45:00-04:00,308.6099853515625,308.658203125,308.1600036621094,308.54998779296875,435239
2026-08-21 14:50:00-04:00,308.5899963378906,308.760009765625,308.510009765625,308.61968994140625,207580
2026-08-21 14:55:00-04:00,308.7829895019531,308.8799133300781,308.5,308.5799865722656,186061
2026-08-21 15:00:00-04:00,308.4800109863281,308.875,308.3999938964844,308.7799987792969,180159
2026-08-21 15:05:00-04:00,308.4949951171875,308.6300048828125,308.4501037597656,308.4800109863281,189933
2026-08-21 15:10:00-04:00,308.69000244140625,308.7289123535156,308.4100036621094,308.5050048828125,262644
2026-08-21 15:15:00-04:00,309.3699951171875,309.5,308.69000244140625,308.70001220703125,416932
2026-08-21 15:20:00-04:00,309.4700012207031,309.6000061035156,309.1600036621094,309.375,276617
2026-08-21 15:25:00-04:00,309.739990234375,309.8500061035156,309.40008544921875,309.4610900878906,321702
2026-08-21 15:30:00-04:00,309.7200012207031,310.010009765625,309.6900939941406,309.75,379940
2026-08-21 15:35:00-04:00,309.5199890136719,309.8699951171875,309.4200134277344,309.7200012207031,401640
2026-08-21 15:40:00-04:00,309.5452880859375,309.7200012207031,309.4549865722656,309.5299987792969,238853
2026-08-21 15:45:00-04:00,310.0249938964844,310.04998779296875,309.5299987792969,309.5400085449219,237523
2026-08-21 15:50:00-04:00,309.9599914550781,310.1789855957031,309.82000732421875,310.0249938964844,527698
2026-08-21 15:55:00-04:00,309.4200134277344,309.94500732421875,309.1600036621094,309.92999267578125,1764441
2026-08-24 09:30:00-04:00,310.489990234375,312.1300048828125,309.9700012207031,311.4700012207031,1491699
2026-08-24 09:35:00-04:00,311.54998779296875,312.0257873535156,310.3949890136719,310.489990234375,539588
2026-08-24 09:40:00-04:00,311.1300048828125,312.3399963378906,311.0899963378906,311.531494140625,633275
2026-08-24 09:45:00-04:00,311.44000244140625,311.8299865722656,310.55999755859375,311.1499938964844,608972
2026-08-24 09:50:00-04:00,311.4599914550781,311.6499938964844,311.15008544921875,311.4700012207031,341338
2026-08-24 09:55:00-04:00,311.875,311.8800048828125,310.95001220703125,311.44000244140625,381742
2026-08-24 10:00:00-04:00,312.2850036621094,312.94000244140625,311.739990234375,311.8500061035156,728024
2026-08-24 10:05:00-04:00,312.0799865722656,312.57000732421875,311.9100036621094,312.2850036621094,352288
2026-08-24 10:10:00-04:00,312.2300109863281,312.7998962402344,311.7001037597656,312.0899963378906,424923
2026-08-24 10:15:00-04:00,312.9949951171875,313.1700134277344,312.1099853515625,312.2099914550781,520226
2026-08-24 10:20:00-04:00,312.8999938964844,313.19989013671875,312.6199951171875,312.989990234375,301962
2026-08-24 10:25:00-04:00,312.94000244140625,313.0400085449219,312.6099853515625,312.9197082519531,282424
2026-08-24 10:30:00-04:00,313.17498779296875,313.3299865722656,312.8299865722656,312.92999267578125,360522
2026-08-24 10:35:00-04:00,312.95001220703125,313.25,312.8599853515625,313.1600036621094,218658
2026-08-24 10:40:00-04:00,313.1000061035156,313.30999755859375,312.80999755859375,312.94000244140625,191130
2026-08-24 10:45:00-04:00,313.19000244140625,313.24951171875,313.0299987792969,313.1099853515625,889480
2026-08-24 10:50:00-04:00,312.625,313.2699890136719,312.57501220703125,313.19000244140625,251222
2026-08-24 10:55:00-04:00,312.9700012207031,313.1099853515625,312.5,312.57000732421875,193010
2026-08-24 11:00:00-04:00,312.6050109863281,313.1600036621094,312.54998779296875,312.9750061035156,188446
2026-08-24 11:05:00-04:00,311.68499755859375,312.6300048828125,311.5400085449219,312.6050109863281,634775
2026-08-24 11:10:00-04:00,311.8800964355469,311.9200134277344,311.5299987792969,311.7099914550781,248018
2026-08-24 11:15:00-04:00,311.79998779296875,312.0400085449219,311.7499084472656,311.8800048828125,192734
2026-08-24 11:20:00-04:00,311.9501037597656,311.9898986816406,311.6650085449219,311.82000732421875,183463
2026-08-24 11:25:00-04:00,312.239990234375,312.45001220703125,311.9200134277344,311.9599914550781,807266
2026-08-24 11:30:00-04:00,311.92498779296875,312.3450012207031,311.8800048828125,312.239990234375,224727
2026-08-24 11:35:00-04:00,311.8599853515625,311.98858642578125,311.7001037597656,311.95001220703125,190427
2026-08-24 11:40:00-04:00,312.239990234375,312.3900146484375,311.80999755859375,311.8500061035156,168990
2026-08-24 11:45:00-04:00,311.9100036621094,312.2950134277344,311.87200927734375,312.25,172144
2026-08-24 11:50:00-04:00,311.7950134277344,312.07000732421875,311.7799987792969,311.8999938964844,165997
2026-08-24 11:55:00-04:00,311.69970703125,311.88909912109375,311.5799865722656,311.7950134277344,174914
2026-08-24 12:00:00-04:00,311.80999755859375,311.8800048828125,311.55999755859375,311.67999267578125,148129
2026-08-24 12:05:00-04:00,311.44000244140625,311.847412109375,311.3399963378906,311.8399963378906,124203
2026-08-24 12:10:00-04:00,311.4200134277344,311.5201110839844,311.3500061035156,311.44500732421875,124625
2026-08-24 12:15:00-04:00,311.7149963378906,311.9800109863281,311.3999938964844,311.4200134277344,186357
2026-08-24 12:20:00-04:00,311.7001037597656,311.7699890136719,311.5437927246094,311.70001220703125,116274
2026-08-24 12:25:00-04:00,311.9285888671875,312.0199890136719,311.6400146484375,311.70001220703125,163066
2026-08-24 12:30:00-04:00,312.1400146484375,312.1400146484375,311.8599853515625,311.9100036621094,159657
2026-08-24 12:35:00-04:00,312.2200012207031,312.2799987792969,312.0899963378906,312.135009765625,176906
2026-08-24 12:40:00-04:00,312.25,312.3299865722656,312.1300048828125,312.2200012207031,146243
2026-08-24 12:45:00-04:00,313.1700134277344,313.20001220703125,312.19000244140625,312.2699890136719,340686
2026-08-24 12:50:00-04:00,312.9200134277344,313.3599853515625,312.7101135253906,313.19000244140625,219335
2026-08-24 12:55:00-04:00,312.94000244140625,313.21990966796875,312.8800048828125,312.95001220703125,203815
2026-08-24 13:00:00-04:00,312.5799865722656,312.94000244140625,312.510009765625,312.94000244140625,180385
2026-08-24 13:05:00-04:00,312.5199890136719,312.5899963378906,312.1600036621094,312.57000732421875,168968
2026-08-24 13:10:00-04:00,312.4898986816406,312.7200012207031,312.3800048828125,312.5199890136719,152995
2026-08-24 13:15:00-04:00,312.1000061035156,312.4898986816406,312.0350036621094,312.4898986816406,154910
2026-08-24 13:20:00-04:00,312.0,312.1449890136719,311.8699951171875,312.114990234375,168561
2026-08-24 13:25:00-04:00,312.1199035644531,312.2598876953125,311.9299011230469,312.0199890136719,121829
2026-08-24 13:30:00-04:00,312.05999755859375,312.3500061035156,311.95001220703125,312.1189880371094,149803
2026-08-24 13:35:00-04:00,311.864990234375,312.09991455078125,311.70001220703125,312.05999755859375,133935
2026-08-24 13:40:00-04:00,311.85150146484375,312.0098876953125,311.81500244140625,311.8362121582031,147475
2026-08-24 13:45:00-04:00,312.0299987792969,312.04998779296875,311.7850036621094,311.9049987792969,184384
2026-08-24 13:50:00-04:00,311.875,312.2900085449219,311.7300109863281,312.03009033203125,168047
2026-08-24 13:55:00-04:00,312.0101013183594,312.0799865722656,311.8381042480469,311.8399963378906,141048
2026-08-24 14:00:00-04:00,311.8450012207031,312.1099853515625,311.7799987792969,312.0199890136719,143713
2026-08-24 14:05:00-04:00,311.7950134277344,311.8999938964844,311.5,311.8450012207031,194864
2026-08-24 14:10:00-04:00,311.7250061035156,311.7799987792969,311.5799865722656,311.7799987792969,155972
2026-08-24 14:15:00-04:00,311.6499938964844,311.80999755859375,311.6299133300781,311.7099914550781,177309
2026-08-24 14:20:00-04:00,311.6449890136719,311.8900146484375,311.6109924316406,311.6499938964844,208798
2026-08-24 14:25:00-04:00,311.739990234375,311.8799133300781,311.6300048828125,311.6488952636719,163341
2026-08-24 14:30:00-04:00,311.4150085449219,311.8399963378906,311.4150085449219,311.7200012207031,200560
2026-08-24 14:35:00-04:00,311.0899963378906,311.4189147949219,311.0799865722656,311.4100036621094,171130
2026-08-24 14:40:00-04:00,310.93499755859375,311.1099853515625,310.7200012207031,311.1099853515625,237120
2026-08-24 14:45:00-04:00,311.57000732421875,311.5799865722656,310.92999267578125,310.95001220703125,223663
2026-08-24 14:50:00-04:00,311.55999755859375,311.6300048828125,311.489990234375,311.57000732421875,170641
2026-08-24 14:55:00-04:00,311.5899963378906,311.7900085449219,311.489990234375,311.54998779296875,161745
2026-08-24 15:00:00-04:00,311.5599060058594,311.5899963378906,311.32000732421875,311.57000732421875,150391
2026-08-24 15:05:00-04:00,311.2900085449219,311.65570068359375,311.2500915527344,311.57000732421875,127656
2026-08-24 15:10:00-04:00,311.2200012207031,311.42999267578125,311.0199890136719,311.2699890136719,209045
2026-08-24 15:15:00-04:00,311.45001220703125,311.57000732421875,311.20001220703125,311.2200012207031,202718
2026-08-24 15:20:00-04:00,311.3299865722656,311.4700012207031,311.2699890136719,311.42999267578125,183164
2026-08-24 15:25:00-04:00,311.25,311.3500061035156,311.127197265625,311.32000732421875,150911
2026-08-24 15:30:00-04:00,311.1000061035156,311.2799072265625,310.8500061035156,311.2300109863281,225677
2026-08-24 15:35:00-04:00,311.010009765625,311.1000061035156,310.8500061035156,311.0849914550781,245231
2026-08-24 15:40:00-04:00,310.67999267578125,311.1300048828125,310.6700134277344,311.0400085449219,335732
2026-08-24 15:45:00-04:00,310.94061279296875,310.9700012207031,310.42999267578125,310.67999267578125,352417
2026-08-24 15:50:00-04:00,310.8299865722656,311.010009765625,310.6400146484375,310.9700012207031,438496
2026-08-24 15:55:00-04:00,310.3500061035156,310.80999755859375,310.1719970703125,310.80999755859375,1746673
2026-08-25 09:30:00-04:00,311.260009765625,313.5799865722656,310.75,310.93499755859375,1648735
2026-08-25 09:35:00-04:00,311.0799865722656,311.7200012207031,310.5299987792969,311.29998779296875,446057
2026-08-25 09:40:00-04:00,310.5050048828125,311.17999267578125,310.25,311.1365051269531,383683
2026-08-25 09:45:00-04:00,311.17498779296875,311.2099914550781,310.20001220703125,310.5050048828125,400067
2026-08-25 09:50:00-04:00,311.3349914550781,311.3599853515625,310.5600891113281,311.20001220703125,361674
2026-08-25 09:55:00-04:00,310.44000244140625,311.44500732421875,310.0400085449219,311.3500061035156,377826
2026-08-25 10:00:00-04:00,310.2300109863281,310.55999755859375,309.6499938964844,310.4599914550781,527449
2026-08-25 10:05:00-04:00,310.5299987792969,310.75,310.2250061035156,310.2250061035156,299383
2026-08-25 10:10:00-04:00,310.0950927734375,310.5599060058594,309.6719970703125,310.5400085449219,275803
2026-08-25 10:15:00-04:00,310.3399963378906,310.4150085449219,309.9200134277344,310.0899963378906,181443
2026-08-25 10:20:00-04:00,310.55999755859375,310.7236022949219,310.0509948730469,310.35400390625,224069
2026-08-25 10:25:00-04:00,310.0849914550781,310.5849914550781,310.07501220703125,310.57000732421875,218052
2026-08-25 10:30:00-04:00,310.2300109863281,310.7900085449219,309.6099853515625,310.0799865722656,441340
2026-08-25 10:35:00-04:00,310.5710144042969,310.58599853515625,310.0899963378906,310.2349853515625,183388
2026-08-25 10:40:00-04:00,309.8568115234375,310.5899963378906,309.75,310.57000732421875,185166
2026-08-25 10:45:00-04:00,309.69000244140625,309.9700012207031,309.6700134277344,309.8450012207031,274090
2026-08-25 10:50:00-04:00,309.67999267578125,309.7250061035156,309.239990234375,309.69000244140625,254566
2026-08-25 10:55:00-04:00,309.0899963378906,309.7099914550781,309.037109375,309.69000244140625,270318
2026-08-25 11:00:00-04:00,308.7099914550781,309.17999267578125,308.3900146484375,309.0899963378906,395952
2026-08-25 11:05:00-04:00,309.1600036621094,309.3699951171875,308.614990234375,308.69000244140625,270089
2026-08-25 11:10:00-04:00,309.4200134277344,309.4200134277344,308.95001220703125,309.1698913574219,193512
2026-08-25 11:15:00-04:00,309.2349853515625,309.489990234375,308.9880065917969,309.3999938964844,157903
2026-08-25 11:20:00-04:00,308.92010498046875,309.2799987792969,308.8699951171875,309.2200012207031,171765
2026-08-25 11:25:00-04:00,309.3100891113281,309.3349914550781,308.8800048828125,308.92498779296875,128246
2026-08-25 11:30:00-04:00,309.340087890625,309.70001220703125,309.25,309.30999755859375,197154
2026-08-25 11:35:00-04:00,309.6600036621094,309.7789001464844,309.3349914550781,309.3450012207031,265741
2026-08-25 11:40:00-04:00,309.7749938964844,309.8500061035156,309.5,309.6600036621094,163924
2026-08-25 11:45:00-04:00,309.2900085449219,309.8254089355469,309.2699890136719,309.760009765625,174852
2026-08-25 11:50:00-04:00,309.625,309.6600036621094,309.2200012207031,309.2799987792969,135233
2026-08-25 11:55:00-04:00,309.6000061035156,309.8299865722656,309.44000244140625,309.639892578125,167802
2026-08-25 12:00:00-04:00,309.5799865722656,309.7200012207031,309.4599914550781,309.5899963378906,112956
2026-08-25 12:05:00-04:00,309.4599914550781,309.6499938964844,309.30499267578125,309.5899963378906,138631
2026-08-25 12:10:00-04:00,309.5299987792969,309.5799865722656,309.4150085449219,309.4700012207031,99864
2026-08-25 12:15:00-04:00,309.6199951171875,309.69000244140625,309.45001220703125,309.5450134277344,114620
2026-08-25 12:20:00-04:00,310.0799865722656,310.1000061035156,309.53021240234375,309.62109375,129360
2026-08-25 12:25:00-04:00,309.9549865722656,310.19000244140625,309.7550048828125,310.0799865722656,206814
2026-08-25 12:30:00-04:00,309.7950134277344,310.0400085449219,309.70001220703125,309.95001220703125,130042
2026-08-25 12:35:00-04:00,309.5,309.8800048828125,309.5,309.79010009765625,142825
2026-08-25 12:40:00-04:00,309.78729248046875,309.909912109375,309.5,309.5150146484375,112118
2026-08-25 12:45:00-04:00,309.7149963378906,309.8699951171875,309.5899963378906,309.7900085449219,94074
2026-08-25 12:50:00-04:00,309.92999267578125,310.0,309.6400146484375,309.7149963378906,111592
2026-08-25 12:55:00-04:00,310.0350036621094,310.1000061035156,309.8299865722656,309.92999267578125,97852
2026-08-25 13:00:00-04:00,309.8598937988281,310.0400085449219,309.7799987792969,310.0350036621094,124371
2026-08-25 13:05:00-04:00,309.70001220703125,309.8800048828125,309.5899963378906,309.8399963378906,106893
2026-08-25 13:10:00-04:00,309.8200988769531,309.8800048828125,309.65008544921875,309.70001220703125,92145
2026-08-25 13:15:00-04:00,309.9750061035156,310.010009765625,309.82000732421875,309.8299865722656,105060
2026-08-25 13:20:00-04:00,309.68011474609375,309.9700012207031,309.5801086425781,309.9599914550781,121376
2026-08-25 13:25:00-04:00,309.6549987792969,309.7799987792969,309.5899963378906,309.67999267578125,94243
2026-08-25 13:30:00-04:00,309.7200012207031,309.7200012207031,309.5199890136719,309.6549987792969,109183
2026-08-25 13:35:00-04:00,309.69000244140625,309.8299865722656,309.5400085449219,309.7049865722656,122479
2026-08-25 13:40:00-04:00,309.69000244140625,309.82000732421875,309.6499938964844,309.68499755859375,109453
2026-08-25 13:45:00-04:00,309.6549987792969,309.80999755859375,309.6499938964844,309.69000244140625,101632
2026-08-25 13:50:00-04:00,309.42999267578125,309.6499938964844,309.30999755859375,309.6499938964844,134206
2026-08-25 13:55:00-04:00,309.4649963378906,309.55999755859375,309.3800048828125,309.44000244140625,439726
2026-08-25 14:00:00-04:00,308.8800048828125,309.4700012207031,308.7799987792969,309.4700012207031,223427
2026-08-25 14:05:00-04:00,309.04998779296875,309.0799865722656,308.6099853515625,308.8599853515625,188572
2026-08-25 14:10:00-04:00,309.2850036621094,310.3399963378906,309.0400085449219,309.0459899902344,148668
2026-08-25 14:15:00-04:00,309.4599914550781,309.4700012207031,309.20001220703125,309.2799987792969,594343
2026-08-25 14:20:00-04:00,309.5,309.7200012207031,309.4200134277344,309.4599914550781,172322
2026-08-25 14:25:00-04:00,309.5400085449219,309.67999267578125,309.3800048828125,309.489990234375,113835
2026-08-25 14:30:00-04:00,309.5403137207031,309.6099853515625,309.44000244140625,309.55499267578125,109701
2026-08-25 14:35:00-04:00,309.1300048828125,309.55999755859375,309.1099853515625,309.5400085449219,135635
2026-08-25 14:40:00-04:00,309.19500732421875,309.28948974609375,309.0400085449219,309.135009765625,152296
2026-08-25 14:45:00-04:00,309.1499938964844,309.29998779296875,309.0,309.19000244140625,144028
2026-08-25 14:50:00-04:00,309.0899963378906,309.19000244140625,309.0249938964844,309.135009765625,113863
2026-08-25 14:55:00-04:00,308.5799865722656,309.1300048828125,308.4150085449219,309.0780029296875,342229
2026-08-25 15:00:00-04:00,308.239990234375,308.6099853515625,308.2200012207031,308.5799865722656,266392
2026-08-25 15:05:00-04:00,308.42999267578125,308.510009765625,308.2099914550781,308.2300109863281,178920
2026-08-25 15:10:00-04:00,308.69000244140625,308.7749938964844,308.42999267578125,308.43499755859375,209921
2026-08-25 15:15:00-04:00,308.989990234375,309.07049560546875,308.69000244140625,308.69000244140625,223902
2026-08-25 15:20:00-04:00,309.17999267578125,309.17999267578125,308.9601135253906,308.989990234375,134413
2026-08-25 15:25:00-04:00,308.9700927734375,309.3951110839844,308.9549865722656,309.17999267578125,198056
2026-08-25 15:30:00-04:00,308.9700012207031,309.07000732421875,308.6199951171875,308.9700927734375,267941
2026-08-25 15:35:00-04:00,308.8399963378906,308.989990234375,308.7699890136719,308.95001220703125,174616
2026-08-25 15:40:00-04:00,308.9599914550781,308.989990234375,308.82501220703125,308.8500061035156,157446
2026-08-25 15:45:00-04:00,309.32000732421875,309.32000732421875,308.80999755859375,308.9599914550781,250852
2026-08-25 15:50:00-04:00,309.8900146484375,309.94000244140625,309.1700134277344,309.3299865722656,458645
2026-08-25 15:55:00-04:00,309.8999938964844,310.29998779296875,309.7900085449219,309.8999938964844,1542094
2026-08-26 09:30:00-04:00,309.5199890136719,311.6499938964844,308.80010986328125,310.2449951171875,1186615
2026-08-26 09:35:00-04:00,310.2699890136719,310.4700012207031,309.1199951171875,309.5199890136719,353995
2026-08-26 09:40:00-04:00,311.4100036621094,311.67999267578125,310.2200012207031,310.2650146484375,492395
2026-08-26 09:45:00-04:00,311.5950012207031,311.8299865722656,311.05999755859375,311.3900146484375,457575
2026-08-26 09:50:00-04:00,312.0299987792969,312.0400085449219,311.2799987792969,311.6199951171875,366662
2026-08-26 09:55:00-04:00,312.5,312.70001220703125,311.79998779296875,312.0299987792969,548297
2026-08-26 10:00:00-04:00,312.5249938964844,312.8999938964844,311.6499938964844,312.4649963378906,514488
2026-08-26 10:05:00-04:00,312.3699951171875,312.7799072265625,312.1000061035156,312.489990234375,289606
2026-08-26 10:10:00-04:00,312.8349914550781,313.4198913574219,312.35931396484375,312.35931396484375,472980
2026-08-26 10:15:00-04:00,312.6499938964844,313.0599060058594,312.5400085449219,312.8301086425781,337603
2026-08-26 10:20:00-04:00,312.69000244140625,313.2799987792969,312.6499938964844,312.6650085449219,266283
2026-08-26 10:25:00-04:00,311.7950134277344,312.7598876953125,311.7799987792969,312.6700134277344,328306
2026-08-26 10:30:00-04:00,311.8599853515625,311.99749755859375,311.6600036621094,311.7900085449219,271512
2026-08-26 10:35:00-04:00,312.114990234375,312.2099914550781,311.8450012207031,311.8999938964844,221618
2026-08-26 10:40:00-04:00,312.4849853515625,312.57000732421875,312.1099853515625,312.114990234375,209668
2026-08-26 10:45:00-04:00,312.497314453125,312.6600036621094,312.0745849609375,312.4873962402344,195574
2026-08-26 10:50:00-04:00,312.6650085449219,312.82000732421875,312.4100036621094,312.489990234375,174342
2026-08-26 10:55:00-04:00,312.79998779296875,312.864990234375,312.360107421875,312.6700134277344,198857
2026-08-26 11:00:00-04:00,312.54278564453125,312.9599914550781,312.4599914550781,312.82501220703125,202465
2026-08-26 11:05:00-04:00,313.2699890136719,313.45001220703125,312.5400085449219,312.55999755859375,690250
2026-08-26 11:10:00-04:00,313.05499267578125,313.42950439453125,312.82000732421875,313.2900085449219,250230
2026-08-26 11:15:00-04:00,312.75,313.20001220703125,312.5899963378906,313.0400085449219,286625
2026-08-26 11:20:00-04:00,312.7300109863281,313.1499938964844,312.7099914550781,312.7900085449219,165621
2026-08-26 11:25:00-04:00,312.5199890136719,312.7250061035156,312.5011901855469,312.7250061035156,134858
2026-08-26 11:30:00-04:00,312.29998779296875,312.5896911621094,312.17999267578125,312.5199890136719,208370
2026-08-26 11:35:00-04:00,312.4949951171875,312.5849914550781,312.239990234375,312.30499267578125,313446
2026-08-26 11:40:00-04:00,313.44000244140625,313.489990234375,312.4200134277344,312.489990234375,216123
2026-08-26 11:45:00-04:00,313.3900146484375,313.6199951171875,313.1400146484375,313.44500732421875,251975
2026-08-26 11:50:00-04:00,313.18499755859375,313.4549865722656,313.0799865722656,313.4200134277344,150821
2026-08-26 11:55:00-04:00,312.94000244140625,313.20001220703125,312.8399963378906,313.19549560546875,173076
2026-08-26 12:00:00-04:00,312.5899963378906,312.9320068359375,312.3699951171875,312.8999938964844,236629
2026-08-26 12:05:00-04:00,313.4849853515625,313.94000244140625,312.5400085449219,312.5799865722656,346399
2026-08-26 12:10:00-04:00,313.4100036621094,313.7099914550781,313.26141357421875,313.5,231408
2026-08-26 12:15:00-04:00,313.4150085449219,313.6050109863281,313.3500061035156,313.4100036621094,139521
2026-08-26 12:20:00-04:00,313.3399963378906,313.50250244140625,313.1448059082031,313.4100036621094,169120
2026-08-26 12:25:00-04:00,313.2947082519531,313.4700012207031,313.2699890136719,313.3699951171875,150663
2026-08-26 12:30:00-04:00,313.3599853515625,313.4750061035156,313.1000061035156,313.30499267578125,145456
2026-08-26 12:35:00-04:00,312.772705078125,313.4800109863281,312.772705078125,313.3500061035156,158469
2026-08-26 12:40:00-04:00,312.7300109863281,312.7799987792969,312.5,312.7699890136719,140371
2026-08-26 12:45:00-04:00,312.7099914550781,312.94000244140625,312.625,312.7099914550781,155787
2026-08-26 12:50:00-04:00,312.7749938964844,312.8999938964844,312.67999267578125,312.70001220703125,125705
2026-08-26 12:55:00-04:00,313.0299987792969,313.19000244140625,312.7699890136719,312.7749938964844,238587
2026-08-26 13:00:00-04:00,312.7900085449219,313.1000061035156,312.7300109863281,313.0249938964844,138710
2026-08-26 13:05:00-04:00,312.8280944824219,312.864990234375,312.7200012207031,312.79998779296875,119659
2026-08-26 13:10:00-04:00,312.6000061035156,312.82000732421875,312.5299987792969,312.80999755859375,218667
2026-08-26 13:15:00-04:00,312.8334045410156,313.0899963378906,312.6099853515625,312.6099853515625,205160
2026-08-26 13:20:00-04:00,313.2300109863281,313.239990234375,312.80999755859375,312.8291931152344,143767
2026-08-26 13:25:00-04:00,313.1300048828125,313.2699890136719,313.0400085449219,313.2300109863281,123511
2026-08-26 13:30:00-04:00,313.17498779296875,313.25,313.1199951171875,313.1549987792969,114087
2026-08-26 13:35:00-04:00,312.82501220703125,313.19000244140625,312.82501220703125,313.1715087890625,126565
2026-08-26 13:40:00-04:00,312.7850036621094,312.8900146484375,312.65008544921875,312.8200988769531,124545
2026-08-26 13:45:00-04:00,312.7799987792969,312.9200134277344,312.70001220703125,312.79998779296875,135866
2026-08-26 13:50:00-04:00,313.0199890136719,313.0199890136719,312.7726135253906,312.7900085449219,598978
2026-08-26 13:55:00-04:00,312.94000244140625,313.1199035644531,312.82000732421875,313.0199890136719,122471
2026-08-26 14:00:00-04:00,313.07000732421875,313.1300048828125,312.864990234375,312.95001220703125,120735
2026-08-26 14:05:00-04:00,313.04998779296875,313.1700134277344,312.9700012207031,313.0653076171875,638528
2026-08-26 14:10:00-04:00,312.81781005859375,313.0799865722656,312.80999755859375,313.04998779296875,145036
2026-08-26 14:15:00-04:00,313.0299987792969,313.0979919433594,312.7300109863281,312.80999755859375,128232
2026-08-26 14:20:00-04:00,312.989990234375,313.17999267578125,312.989990234375,313.0199890136719,111582
2026-08-26 14:25:00-04:00,313.0498962402344,313.1300048828125,312.9547119140625,312.9949951171875,0
2026-08-26 14:30:00-04:00,313.2099914550781,313.2200012207031,312.95001220703125,313.0299987792969,170235
2026-08-26 14:35:00-04:00,313.1600036621094,313.30279541015625,313.1300048828125,313.2099914550781,129458
2026-08-26 14:40:00-04:00,313.68499755859375,313.69000244140625,313.1300048828125,313.19000244140625,224831
2026-08-26 14:45:00-04:00,314.2300109863281,314.3999938964844,313.6700134277344,313.68499755859375,448609
2026-08-26 14:50:00-04:00,314.7449951171875,315.1000061035156,314.2200012207031,314.239990234375,707287
2026-08-26 14:55:00-04:00,314.56500244140625,314.7799987792969,314.4800109863281,314.7402038574219,316423
2026-08-26 15:00:00-04:00,315.1700134277344,315.1700134277344,314.44000244140625,314.57000732421875,327206
2026-08-26 15:05:00-04:00,315.1199951171875,315.239990234375,314.9529113769531,315.1600036621094,303844
2026-08-26 15:10:00-04:00,315.07000732421875,315.25,315.0199890136719,315.1199951171875,258185
2026-08-26 15:15:00-04:00,315.04998779296875,315.2300109863281,314.8599853515625,315.05999755859375,336444
2026-08-26 15:20:00-04:00,315.010009765625,315.1199951171875,314.8399963378906,315.07000732421875,289991
2026-08-26 15:25:00-04:00,314.8446044921875,315.0599060058594,314.8399963378906,315.010009765625,337544
2026-08-26 15:30:00-04:00,314.8999938964844,315.04998779296875,314.67999267578125,314.8599853515625,369454
2026-08-26 15:35:00-04:00,315.239990234375,315.239990234375,314.69000244140625,314.8900146484375,509585
2026-08-26 15:40:00-04:00,315.239990234375,315.42999267578125,315.1099853515625,315.25,408699
2026-08-26 15:45:00-04:00,314.9743957519531,315.3699951171875,314.7799987792969,315.25,369440
2026-08-26 15:50:00-04:00,314.29998779296875,315.07000732421875,314.17999267578125,315.0,647685
2026-08-26 15:55:00-04:00,313.4800109863281,314.3299865722656,313.19000244140625,314.2900085449219,2084438
2026-08-27 09:30:00-04:00,309.94580078125,312.0350036621094,309.40008544921875,310.5450134277344,2219262
2026-08-27 09:35:00-04:00,310.6549987792969,310.9855041503906,309.4289855957031,309.92498779296875,513875
2026-08-27 09:40:00-04:00,310.81500244140625,311.1200866699219,309.6300048828125,310.6400146484375,597288
2026-08-27 09:45:00-04:00,311.56500244140625,311.885009765625,310.82000732421875,310.8299865722656,409223
2026-08-27 09:50:00-04:00,311.95001220703125,312.1000061035156,311.42999267578125,311.54998779296875,304601
2026-08-27 09:55:00-04:00,311.6199951171875,312.10198974609375,311.260498046875,311.9700012207031,390791
2026-08-27 10:00:00-04:00,311.3500061035156,311.9898986816406,311.30999755859375,311.5799865722656,425135
2026-08-27 10:05:00-04:00,310.48089599609375,311.4200134277344,310.3800048828125,311.3699951171875,445037
2026-08-27 10:10:00-04:00,310.2200012207031,311.05999755859375,310.1700134277344,310.5150146484375,380817
2026-08-27 10:15:00-04:00,310.0580139160156,310.54998779296875,309.9100036621094,310.2300109863281,567258
2026-08-27 10:20:00-04:00,310.3949890136719,310.4200134277344,309.6300048828125,310.0450134277344,541814
2026-08-27 10:25:00-04:00,310.7921142578125,310.9100036621094,310.3077087402344,310.3800048828125,454229
2026-08-27 10:30:00-04:00,311.4388122558594,311.4800109863281,310.6300048828125,310.79998779296875,349616
2026-08-27 10:35:00-04:00,312.989990234375,313.1199951171875,311.45001220703125,311.45001220703125,648531
2026-08-27 10:40:00-04:00,312.8949890136719,313.5299987792969,312.75,312.989990234375,496469
2026-08-27 10:45:00-04:00,313.4800109863281,313.510009765625,312.65008544921875,312.8800048828125,325344
2026-08-27 10:50:00-04:00,313.5299987792969,313.7799987792969,313.135009765625,313.4700012207031,210671
2026-08-27 10:55:00-04:00,313.3999938964844,313.6400146484375,313.2250061035156,313.5199890136719,218308
2026-08-27 11:00:00-04:00,314.30999755859375,314.3299865722656,313.4200134277344,313.4200134277344,361885
2026-08-27 11:05:00-04:00,314.54998779296875,314.6700134277344,314.2207946777344,314.32501220703125,340345
2026-08-27 11:10:00-04:00,314.7297058105469,314.7300109863281,314.3399963378906,314.5299987792969,262458
2026-08-27 11:15:00-04:00,314.7749938964844,315.1600036621094,314.6499938964844,314.7200012207031,364063
2026-08-27 11:20:00-04:00,314.80999755859375,315.11248779296875,314.6099853515625,314.7749938964844,241240
2026-08-27 11:25:00-04:00,314.6499938964844,314.8500061035156,314.55999755859375,314.80499267578125,169706
2026-08-27 11:30:00-04:00,314.5400085449219,314.7550048828125,314.3299865722656,314.6549987792969,212471
2026-08-27 11:35:00-04:00,314.3699035644531,314.5990905761719,314.2799987792969,314.54998779296875,125127
2026-08-27 11:40:00-04:00,314.7550048828125,315.07989501953125,314.2799987792969,314.3699951171875,236617
2026-08-27 11:45:00-04:00,314.43499755859375,314.7950134277344,314.1499938964844,314.760009765625,211820
2026-08-27 11:50:00-04:00,314.67999267578125,314.8500061035156,314.4610900878906,314.4700012207031,502049
2026-08-27 11:55:00-04:00,314.80499267578125,314.8349914550781,314.4200134277344,314.69000244140625,152781
2026-08-27 12:00:00-04:00,314.8756103515625,314.9700012207031,314.7099914550781,314.82000732421875,189000
2026-08-27 12:05:00-04:00,314.3599853515625,314.8800048828125,314.3399963378906,314.8500061035156,619134
2026-08-27 12:10:00-04:00,314.68499755859375,314.70001220703125,314.2900085449219,314.3550109863281,162490
2026-08-27 12:15:00-04:00,314.3699951171875,314.7298889160156,314.3699951171875,314.7099914550781,132354
2026-08-27 12:20:00-04:00,314.3599853515625,314.3999938964844,314.110107421875,314.3500061035156,154786
2026-08-27 12:25:00-04:00,314.57000732421875,314.5849914550781,314.1600036621094,314.3699951171875,109193
2026-08-27 12:30:00-04:00,314.4949951171875,314.5950012207031,314.4175109863281,314.56500244140625,119157
2026-08-27 12:35:00-04:00,314.5950012207031,314.6400146484375,314.25,314.4800109863281,148223
2026-08-27 12:40:00-04:00,314.7550048828125,314.8299865722656,314.5299987792969,314.6000061035156,133247
2026-08-27 12:45:00-04:00,314.68499755859375,315.1600036621094,314.67999267578125,314.7699890136719,254789
2026-08-27 12:50:00-04:00,315.0639953613281,315.1814880371094,314.5299987792969,314.70001220703125,192080
2026-08-27 12:55:00-04:00,315.0,315.1199951171875,314.8500061035156,315.0450134277344,135742
2026-08-27 13:00:00-04:00,314.864990234375,315.05999755859375,314.75,315.0299987792969,121716
2026-08-27 13:05:00-04:00,315.2298889160156,315.30999755859375,314.739990234375,314.864990234375,186880
2026-08-27 13:10:00-04:00,314.92999267578125,315.3399963378906,314.8800964355469,315.2300109863281,137239
2026-08-27 13:15:00-04:00,315.2250061035156,315.239990234375,314.82000732421875,314.92999267578125,156475
2026-08-27 13:20:00-04:00,315.0150146484375,315.3999938964844,315.010009765625,315.2200012207031,217816
2026-08-27 13:25:00-04:00,315.2699890136719,315.2900085449219,314.9849853515625,315.0299987792969,139571
2026-08-27 13:30:00-04:00,314.8900146484375,315.3399963378906,314.8700866699219,315.2799987792969,144632
2026-08-27 13:35:00-04:00,314.5400085449219,314.9200134277344,314.5,314.885009765625,143351
2026-08-27 13:40:00-04:00,314.6899108886719,314.9800109863281,314.489990234375,314.5299987792969,142603
2026-08-27 13:45:00-04:00,314.82501220703125,314.8999938964844,314.6199951171875,314.69000244140625,114356
2026-08-27 13:50:00-04:00,314.7650146484375,314.8599853515625,314.6199951171875,314.8399963378906,119866
2026-08-27 13:55:00-04:00,314.82501220703125,315.0299987792969,314.7200012207031,314.7546081542969,208951
2026-08-27 14:00:00-04:00,314.2300109863281,314.9100036621094,314.2101135253906,314.8500061035156,146357
2026-08-27 14:05:00-04:00,314.3699951171875,314.3973083496094,314.1099853515625,314.2250061035156,118970
2026-08-27 14:10:00-04:00,314.3299865722656,314.4100036621094,314.20001220703125,314.3699951171875,123287
2026-08-27 14:15:00-04:00,314.32000732421875,314.3999938964844,314.1000061035156,314.3349914550781,152045
2026-08-27 14:20:00-04:00,314.2054138183594,314.364990234375,314.07000732421875,314.32000732421875,109492
2026-08-27 14:25:00-04:00,314.17999267578125,314.2898864746094,313.9934997558594,314.2099914550781,152412
2026-08-27 14:30:00-04:00,313.9200134277344,314.2300109863281,313.8800048828125,314.20001220703125,128695
2026-08-27 14:35:00-04:00,314.3900146484375,314.44000244140625,313.8599853515625,313.9200134277344,140104
2026-08-27 14:40:00-04:00,314.2449951171875,314.4800109863281,314.1600036621094,314.389892578125,102461
2026-08-27 14:45:00-04:00,314.2699890136719,314.5870056152344,314.2349853515625,314.25,151973
2026-08-27 14:50:00-04:00,313.67999267578125,314.2850036621094,313.610107421875,314.2699890136719,198463
2026-08-27 14:55:00-04:00,313.8794860839844,313.92999267578125,313.57000732421875,313.6600036621094,136780
2026-08-27 15:00:00-04:00,313.9601135253906,314.0799865722656,313.6499938964844,313.8500061035156,187062
2026-08-27 15:05:00-04:00,314.1000061035156,314.20001220703125,313.80999755859375,313.9800109863281,142894
2026-08-27 15:10:00-04:00,314.2099914550781,314.3800048828125,314.0400085449219,314.1000061035156,145075
2026-08-27 15:15:00-04:00,314.2200012207031,314.29998779296875,314.0450134277344,314.25,147920
2026-08-27 15:20:00-04:00,313.6700134277344,314.2179870605469,313.6000061035156,314.2149963378906,227736
2026-08-27 15:25:00-04:00,313.57000732421875,313.7200012207031,313.44500732421875,313.67498779296875,185621
2026-08-27 15:30:00-04:00,313.635009765625,313.7200012207031,313.5299987792969,313.5799865722656,160586
2026-08-27 15:35:00-04:00,313.6400146484375,313.67999267578125,313.3699951171875,313.635009765625,176906
2026-08-27 15:40:00-04:00,313.8900146484375,313.8999938964844,313.55499267578125,313.6300048828125,202798
2026-08-27 15:45:00-04:00,314.0299987792969,314.04998779296875,313.7699890136719,313.8800048828125,511929
2026-08-27 15:50:00-04:00,314.8818054199219,314.9800109863281,313.80010986328125,314.0199890136719,540614
2026-08-27 15:55:00-04:00,314.57501220703125,315.0899963378906,314.42999267578125,314.8800048828125,1717901
2026-08-28 09:30:00-04:00,317.6549987792969,318.0299987792969,315.5,317.0880126953125,2083952
2026-08-28 09:35:00-04:00,317.17999267578125,318.1300048828125,317.0199890136719,317.6700134277344,554912
2026-08-28 09:40:00-04:00,317.32000732421875,317.4649963378906,316.7200012207031,317.19000244140625,379468
2026-08-28 09:45:00-04:00,315.8700866699219,317.3699951171875,315.54998779296875,317.2825012207031,588247
2026-08-28 09:50:00-04:00,316.2001037597656,316.42999267578125,315.4504089355469,315.8699951171875,338699
2026-08-28 09:55:00-04:00,316.7799987792969,316.8699951171875,315.70001220703125,316.2380065917969,336208
2026-08-28 10:00:00-04:00,316.7850036621094,317.1199035644531,316.2149963378906,316.7699890136719,367141
2026-08-28 10:05:00-04:00,316.80999755859375,316.9649963378906,316.2449951171875,316.7850036621094,266951
2026-08-28 10:10:00-04:00,316.5,316.9200134277344,316.04998779296875,316.80499267578125,210419
2026-08-28 10:15:00-04:00,316.80499267578125,316.8999938964844,316.16259765625,316.4601135253906,228478
2026-08-28 10:20:00-04:00,317.0168151855469,317.1780090332031,316.6000061035156,316.8299865722656,317622
2026-08-28 10:25:00-04:00,316.7250061035156,317.0400085449219,316.1700134277344,317.010009765625,602127
2026-08-28 10:30:00-04:00,317.0450134277344,317.09991455078125,316.5199890136719,316.7250061035156,233652
2026-08-28 10:35:00-04:00,317.5400085449219,317.7900085449219,317.0201110839844,317.0201110839844,508893
2026-08-28 10:40:00-04:00,319.4700012207031,319.57501220703125,317.510009765625,317.5400085449219,1003493
2026-08-28 10:45:00-04:00,319.2200012207031,319.739990234375,318.5899963378906,319.4800109863281,930459
2026-08-28 10:50:00-04:00,320.0199890136719,320.2998962402344,318.94000244140625,319.2099914550781,740497
2026-08-28 10:55:00-04:00,320.7099914550781,320.7789001464844,319.95001220703125,320.02508544921875,630351
2026-08-28 11:00:00-04:00,321.2149963378906,321.260009765625,320.4599914550781,320.7099914550781,792494
2026-08-28 11:05:00-04:00,320.55499267578125,321.3399963378906,320.1199951171875,321.2149963378906,691706
2026-08-28 11:10:00-04:00,320.8500061035156,320.989990234375,320.0299987792969,320.56500244140625,441497
2026-08-28 11:15:00-04:00,321.1449890136719,321.3999938964844,320.7998962402344,320.7998962402344,525190
2026-08-28 11:20:00-04:00,321.489990234375,321.6299133300781,320.91009521484375,321.16009521484375,373707
2026-08-28 11:25:00-04:00,321.94000244140625,322.0299987792969,321.4200134277344,321.4949951171875,521196
2026-08-28 11:30:00-04:00,322.1700134277344,322.3699951171875,321.8399963378906,321.9549865722656,440671
2026-08-28 11:35:00-04:00,321.510009765625,322.3500061035156,321.4607849121094,322.19000244140625,384131
2026-08-28 11:40:00-04:00,321.79998779296875,322.0299987792969,321.29998779296875,321.5199890136719,673366
2026-08-28 11:45:00-04:00,322.0899963378906,322.364990234375,321.7799987792969,321.80999755859375,416671
2026-08-28 11:50:00-04:00,321.57000732421875,322.2300109863281,321.3299865722656,322.1000061035156,343438
2026-08-28 11:55:00-04:00,321.4800109863281,321.6199035644531,321.1099853515625,321.5899963378906,399442
2026-08-28 12:00:00-04:00,321.7149963378906,321.8599853515625,321.3804931640625,321.5,335120
2026-08-28 12:05:00-04:00,321.30010986328125,321.739990234375,321.30010986328125,321.70001220703125,269141
2026-08-28 12:10:00-04:00,321.6199951171875,321.6799011230469,321.1099853515625,321.32000732421875,291476
2026-08-28 12:15:00-04:00,321.1000061035156,321.8523864746094,320.67999267578125,321.6300048828125,326019
2026-08-28 12:20:00-04:00,320.94000244140625,321.1000061035156,320.5350036621094,321.1000061035156,318176
2026-08-28 12:25:00-04:00,320.9700012207031,321.0249938964844,320.5899963378906,320.9599914550781,206295
2026-08-28 12:30:00-04:00,321.2449951171875,321.44000244140625,320.94500732421875,320.94500732421875,247549
2026-08-28 12:35:00-04:00,321.30999755859375,321.5199890136719,321.168212890625,321.31500244140625,162932
2026-08-28 12:40:00-04:00,320.625,321.3301086425781,320.61358642578125,321.2900085449219,242457
2026-08-28 12:45:00-04:00,321.19000244140625,321.3500061035156,320.6145935058594,320.625,267440
2026-08-28 12:50:00-04:00,320.7817077636719,321.19940185546875,320.7406005859375,321.18499755859375,148844
2026-08-28 12:55:00-04:00,320.8450012207031,321.0150146484375,320.67999267578125,320.79998779296875,168712
2026-08-28 13:00:00-04:00,320.70001220703125,320.8299865722656,320.2799987792969,320.82000732421875,281424
2026-08-28 13:05:00-04:00,320.57000732421875,320.8299865722656,320.489990234375,320.69500732421875,197504
2026-08-28 13:10:00-04:00,320.7699890136719,320.7974853515625,320.4541931152344,320.5799865722656,187109
2026-08-28 13:15:00-04:00,320.1600036621094,320.79998779296875,320.0,320.7799987792969,298345
2026-08-28 13:20:00-04:00,319.7300109863281,320.3599853515625,319.5801086425781,320.1700134277344,220025
2026-08-28 13:25:00-04:00,319.739990234375,319.9285888671875,319.6600036621094,319.7179870605469,119598
2026-08-28 13:30:00-04:00,319.8349914550781,320.0400085449219,319.7699890136719,319.80999755859375,157001
2026-08-28 13:35:00-04:00,319.3800048828125,319.90130615234375,319.3800048828125,319.8374938964844,209749
2026-08-28 13:40:00-04:00,319.4150085449219,319.6199951171875,319.3800048828125,319.3800964355469,136402
2026-08-28 13:45:00-04:00,319.4624938964844,319.6499938964844,319.3800048828125,319.4150085449219,127741
2026-08-28 13:50:00-04:00,319.5,319.5799865722656,319.3699951171875,319.4649963378906,156291
2026-08-28 13:55:00-04:00,319.69000244140625,319.70001220703125,319.3999938964844,319.510009765625,215527
2026-08-28 14:00:00-04:00,319.875,319.9800109863281,319.44000244140625,319.7099914550781,155394
2026-08-28 14:05:00-04:00,319.635009765625,320.0199890136719,319.52301025390625,319.8699951171875,172237
2026-08-28 14:10:00-04:00,319.6499938964844,320.04998779296875,319.54998779296875,319.635009765625,185075
2026-08-28 14:15:00-04:00,319.6099853515625,319.8299865722656,319.4325866699219,319.6401062011719,117883
2026-08-28 14:20:00-04:00,319.4800109863281,319.67999267578125,319.3999938964844,319.614990234375,150908
2026-08-28 14:25:00-04:00,319.5400085449219,319.70001220703125,319.4700927734375,319.4700927734375,223649
2026-08-28 14:30:00-04:00,319.6300048828125,319.739990234375,319.5199890136719,319.54998779296875,132993
2026-08-28 14:35:00-04:00,319.5299987792969,319.69000244140625,319.42999267578125,319.6199951171875,159115
2026-08-28 14:40:00-04:00,319.5950012207031,319.75,319.5450134277344,319.55999755859375,153453
2026-08-28 14:45:00-04:00,319.4599914550781,319.6600036621094,319.40008544921875,319.5899963378906,809705
2026-08-28 14:50:00-04:00,319.489990234375,319.5498962402344,319.04998779296875,319.4599914550781,357855
2026-08-28 14:55:00-04:00,319.81500244140625,319.81500244140625,319.30499267578125,319.4700012207031,218883
2026-08-28 15:00:00-04:00,319.7373962402344,319.8493957519531,319.3301086425781,319.82000732421875,230918
2026-08-28 15:05:00-04:00,319.5899963378906,319.889892578125,319.4800109863281,319.739990234375,302096
2026-08-28 15:10:00-04:00,319.6400146484375,319.7499084472656,319.239990234375,319.5849914550781,206725
2026-08-28 15:15:00-04:00,319.760009765625,319.8699951171875,319.6099853515625,319.6400146484375,218462
2026-08-28 15:20:00-04:00,319.7099914550781,319.989990234375,319.67999267578125,319.75,215636
2026-08-28 15:25:00-04:00,319.5450134277344,319.82000732421875,319.5299987792969,319.70001220703125,246770
2026-08-28 15:30:00-04:00,320.0,320.0400085449219,319.5,319.54998779296875,389336
2026-08-28 15:35:00-04:00,319.9800109863281,320.1000061035156,319.7401123046875,320.0050048828125,330589
2026-08-28 15:40:00-04:00,319.8349914550781,320.1993103027344,319.82000732421875,319.9800109863281,448626
2026-08-28 15:45:00-04:00,319.8299865722656,319.9100036621094,319.5799865722656,319.8500061035156,366861
2026-08-28 15:50:00-04:00,319.92999267578125,320.3299865722656,319.54998779296875,319.82000732421875,651534
2026-08-28 15:55:00-04:00,319.6400146484375,320.0199890136719,319.5199890136719,319.92999267578125,1236837
2026-08-31 09:30:00-04:00,318.07501220703125,321.2349853515625,318.07501220703125,319.55999755859375,2138044
2026-08-31 09:35:00-04:00,318.6499938964844,318.81390380859375,317.2200012207031,318.04998779296875,595526
2026-08-31 09:40:00-04:00,317.375,318.8999938964844,317.0400085449219,318.6499938964844,469510
2026-08-31 09:45:00-04:00,317.3900146484375,317.55999755859375,316.739990234375,317.32501220703125,541641
2026-08-31 09:50:00-04:00,317.95001220703125,318.1000061035156,317.135009765625,317.4150085449219,398135
2026-08-31 09:55:00-04:00,317.260009765625,318.1000061035156,317.1650085449219,317.93499755859375,393523
2026-08-31 10:00:00-04:00,316.5199890136719,317.2449951171875,316.29998779296875,317.2049865722656,413939
2026-08-31 10:05:00-04:00,316.3599853515625,316.7900085449219,316.239990234375,316.510009765625,255533
2026-08-31 10:10:00-04:00,316.5150146484375,316.6199951171875,315.7705078125,316.3550109863281,483008
2026-08-31 10:15:00-04:00,316.19000244140625,316.8500061035156,316.0799865722656,316.4800109863281,306431
2026-08-31 10:20:00-04:00,315.6199951171875,316.20001220703125,315.510009765625,316.18499755859375,264132
2026-08-31 10:25:00-04:00,315.7099914550781,315.82000732421875,315.45001220703125,315.6000061035156,241585
2026-08-31 10:30:00-04:00,314.4049987792969,315.7099914550781,314.3599853515625,315.7099914550781,450287
2026-08-31 10:35:00-04:00,314.95001220703125,315.21978759765625,314.4100036621094,314.4200134277344,316342
2026-08-31 10:40:00-04:00,314.9750061035156,315.0199890136719,314.55999755859375,314.95001220703125,233699
2026-08-31 10:45:00-04:00,315.07000732421875,315.31988525390625,314.83709716796875,314.9700012207031,255873
2026-08-31 10:50:00-04:00,314.9800109863281,315.1650085449219,314.7650146484375,315.0600891113281,226094
2026-08-31 10:55:00-04:00,315.3800048828125,315.6299133300781,314.7200012207031,314.9649963378906,314975
2026-08-31 11:00:00-04:00,315.23809814453125,315.82000732421875,315.17999267578125,315.3800048828125,274488
2026-08-31 11:05:00-04:00,315.4549865722656,315.5,315.0299987792969,315.2300109863281,213565
2026-08-31 11:10:00-04:00,315.31500244140625,315.56500244140625,315.1050109863281,315.45989990234375,208702
2026-08-31 11:15:00-04:00,315.17999267578125,315.4100036621094,314.9200134277344,315.3299865722656,213849
2026-08-31 11:20:00-04:00,315.06500244140625,315.44000244140625,314.9200134277344,315.19000244140625,309626
2026-08-31 11:25:00-04:00,315.06988525390625,315.20001220703125,314.8999938964844,315.04998779296875,289855
2026-08-31 11:30:00-04:00,315.1000061035156,315.19000244140625,314.760009765625,315.0400085449219,254568
2026-08-31 11:35:00-04:00,314.7300109863281,315.2250061035156,314.6700134277344,315.0849914550781,171506
2026-08-31 11:40:00-04:00,314.91900634765625,314.91900634765625,314.6099853515625,314.7250061035156,147062
2026-08-31 11:45:00-04:00,314.9150085449219,314.92999267578125,314.68011474609375,314.9150085449219,134544
2026-08-31 11:50:00-04:00,314.92999267578125,315.1499938964844,314.8299865722656,314.9200134277344,184401
2026-08-31 11:55:00-04:00,314.6600036621094,315.010009765625,314.5899963378906,314.92999267578125,182915
2026-08-31 12:00:00-04:00,314.3699951171875,314.7099914550781,314.3599853515625,314.6650085449219,242055
2026-08-31 12:05:00-04:00,314.010009765625,314.3900146484375,313.95001220703125,314.3900146484375,288173
2026-08-31 12:10:00-04:00,314.4599914550781,314.489990234375,313.94000244140625,314.01239013671875,204694
2026-08-31 12:15:00-04:00,314.25,314.510009765625,314.0,314.4700012207031,237160
2026-08-31 12:20:00-04:00,314.30999755859375,314.3299865722656,314.1000061035156,314.2401123046875,181613
2026-08-31 12:25:00-04:00,314.6700134277344,314.8699951171875,314.2513122558594,314.32000732421875,208476
2026-08-31 12:30:00-04:00,314.06500244140625,316.0,312.79998779296875,314.6000061035156,1471634
2026-08-31 12:35:00-04:00,313.1300048828125,314.1000061035156,313.0400085449219,314.07989501953125,416310
2026-08-31 12:40:00-04:00,313.4800109863281,313.55999755859375,313.1199951171875,313.1400146484375,297615
2026-08-31 12:45:00-04:00,313.70001220703125,313.739990234375,313.3900146484375,313.4800109863281,243004
2026-08-31 12:50:00-04:00,313.760009765625,313.9200134277344,313.54998779296875,313.67999267578125,174985
2026-08-31 12:55:00-04:00,313.760009765625,313.8800048828125,313.6000061035156,313.7699890136719,162719
2026-08-31 13:00:00-04:00,313.4800109863281,313.7749938964844,313.4100036621094,313.760009765625,188527
2026-08-31 13:05:00-04:00,313.62200927734375,313.7898864746094,313.42498779296875,313.5050048828125,149124
2026-08-31 13:10:00-04:00,314.0314025878906,314.06500244140625,313.57000732421875,313.6199951171875,180786
2026-08-31 13:15:00-04:00,314.07000732421875,314.0950012207031,313.7699890136719,314.04998779296875,187943
2026-08-31 13:20:00-04:00,314.1499938964844,314.25,314.0150146484375,314.07000732421875,260186
2026-08-31 13:25:00-04:00,313.8800048828125,314.156005859375,313.760009765625,314.1499938964844,160494
2026-08-31 13:30:00-04:00,313.3949890136719,313.864990234375,313.385009765625,313.8500061035156,138625
2026-08-31 13:35:00-04:00,314.0950012207031,314.1000061035156,313.3900146484375,313.3949890136719,270304
2026-08-31 13:40:00-04:00,314.1700134277344,314.239990234375,313.9800109863281,314.1000061035156,185602
2026-08-31 13:45:00-04:00,314.42498779296875,314.4849853515625,314.1650085449219,314.1700134277344,184880
2026-08-31 13:50:00-04:00,315.1000061035156,315.114990234375,314.4200134277344,314.42120361328125,239749
2026-08-31 13:55:00-04:00,315.07489013671875,315.19500732421875,314.9200134277344,315.1098937988281,248862
2026-08-31 14:00:00-04:00,315.1600036621094,315.20001220703125,314.9100036621094,315.0799865722656,198971
2026-08-31 14:05:00-04:00,315.6000061035156,315.6000061035156,315.0600891113281,315.1600036621094,296818
2026-08-31 14:10:00-04:00,315.3599853515625,315.7099914550781,315.27978515625,315.6000061035156,263621
2026-08-31 14:15:00-04:00,315.43109130859375,315.44000244140625,315.1300048828125,315.3599853515625,165445
2026-08-31 14:20:00-04:00,315.80499267578125,316.0199890136719,315.44000244140625,315.44000244140625,271548
2026-08-31 14:25:00-04:00,315.68499755859375,315.8800048828125,315.51031494140625,315.82000732421875,230694
2026-08-31 14:30:00-04:00,315.8399963378906,315.9154052734375,315.6300048828125,315.681884765625,164684
2026-08-31 14:35:00-04:00,315.2926025390625,315.8500061035156,315.2900085449219,315.8399963378906,177102
2026-08-31 14:40:00-04:00,315.2701110839844,315.42498779296875,315.010009765625,315.29998779296875,190733
2026-08-31 14:45:00-04:00,315.2900085449219,315.46600341796875,315.17999267578125,315.2701110839844,134941
2026-08-31 14:50:00-04:00,315.3999938964844,315.45001220703125,315.2699890136719,315.2749938964844,117117
2026-08-31 14:55:00-04:00,315.3900146484375,315.45001220703125,315.2401123046875,315.3949890136719,147706
2026-08-31 15:00:00-04:00,315.6050109863281,315.69000244140625,315.3949890136719,315.3949890136719,192118
2026-08-31 15:05:00-04:00,315.65008544921875,315.69000244140625,315.4601135253906,315.57501220703125,127477
2026-08-31 15:10:00-04:00,316.0299987792969,316.06988525390625,315.69000244140625,315.69000244140625,272526
2026-08-31 15:15:00-04:00,315.93499755859375,316.0799865722656,315.8399963378906,316.010009765625,220237
2026-08-31 15:20:00-04:00,315.82000732421875,315.94500732421875,315.6600036621094,315.94000244140625,231510
2026-08-31 15:25:00-04:00,316.0249938964844,316.1600036621094,315.7099914550781,315.81201171875,251639
2026-08-31 15:30:00-04:00,315.82000732421875,316.07000732421875,315.75,316.0299987792969,212800
2026-08-31 15:35:00-04:00,316.0400085449219,316.05999755859375,315.7799987792969,315.81500244140625,236602
2026-08-31 15:40:00-04:00,316.4599914550781,316.510009765625,316.0199890136719,316.04998779296875,659598
2026-08-31 15:45:00-04:00,316.75,316.75,316.135009765625,316.44500732421875,566393
2026-08-31 15:50:00-04:00,316.9549865722656,317.69000244140625,316.510009765625,316.760009765625,1061414
2026-08-31 15:55:00-04:00,317.2300109863281,317.4800109863281,315.7099914550781,316.9649963378906,2266188
2026-09-01 09:30:00-04:00,315.3399963378906,317.3800048828125,314.73699951171875,316.9800109863281,1902858
2026-09-01 09:35:00-04:00,318.1650085449219,318.25,315.19000244140625,315.3699951171875,934885
2026-09-01 09:40:00-04:00,319.1499938964844,319.3399963378906,317.7200012207031,318.1700134277344,1104397
2026-09-01 09:45:00-04:00,320.6700134277344,321.0,319.0199890136719,319.1499938964844,1439857
2026-09-01 09:50:00-04:00,321.7449951171875,321.7799987792969,320.1700134277344,320.635009765625,1276862
2026-09-01 09:55:00-04:00,322.69500732421875,322.75,320.82000732421875,321.7101135253906,1398197
2026-09-01 10:00:00-04:00,321.80999755859375,323.3900146484375,321.4700012207031,322.69500732421875,1418102
2026-09-01 10:05:00-04:00,323.0,323.3399963378906,321.80999755859375,321.81988525390625,1105352
2026-09-01 10:10:00-04:00,323.4049987792969,323.5299987792969,322.9410095214844,323.0,727239
2026-09-01 10:15:00-04:00,323.5801086425781,323.760009765625,323.0299987792969,323.4049987792969,760577
2026-09-01 10:20:00-04:00,325.1449890136719,325.2099914550781,323.510009765625,323.5820007324219,1508077
2026-09-01 10:25:00-04:00,325.3445129394531,325.3900146484375,324.67010498046875,325.1600036621094,964585
2026-09-01 10:30:00-04:00,325.635009765625,325.8599853515625,324.65008544921875,325.3351135253906,1237010
2026-09-01 10:35:00-04:00,324.70001220703125,325.70001220703125,324.51458740234375,325.6400146484375,709192
2026-09-01 10:40:00-04:00,324.7349853515625,325.0989990234375,324.239990234375,324.76220703125,574414
2026-09-01 10:45:00-04:00,325.19000244140625,325.2550048828125,324.5350036621094,324.7349853515625,479054
2026-09-01 10:50:00-04:00,324.7998962402344,325.25,324.4523010253906,325.19989013671875,421140
2026-09-01 10:55:00-04:00,324.3800048828125,325.1199035644531,324.239990234375,324.80999755859375,406628
2026-09-01 11:00:00-04:00,323.1199951171875,324.3949890136719,322.95001220703125,324.3900146484375,731902
2026-09-01 11:05:00-04:00,323.1199951171875,323.489990234375,322.7699890136719,323.1199951171875,499992
2026-09-01 11:10:00-04:00,323.3599853515625,323.4100036621094,322.739990234375,323.1099853515625,402401
2026-09-01 11:15:00-04:00,325.05999755859375,325.0799865722656,323.3299865722656,323.3599853515625,634947
2026-09-01 11:20:00-04:00,324.9200134277344,325.44000244140625,324.739990234375,325.0400085449219,585300
2026-09-01 11:25:00-04:00,324.6000061035156,324.9999084472656,324.3999938964844,324.95001220703125,378289
2026-09-01 11:30:00-04:00,324.4200134277344,324.7262878417969,324.20001220703125,324.6199951171875,262069
2026-09-01 11:35:00-04:00,324.5400085449219,324.82989501953125,324.0199890136719,324.44000244140625,331217
2026-09-01 11:40:00-04:00,325.1499938964844,325.2799987792969,324.385009765625,324.5400085449219,412344
2026-09-01 11:45:00-04:00,326.2200012207031,326.2699890136719,324.8700866699219,325.1700134277344,1048966
2026-09-01 11:50:00-04:00,326.8800048828125,327.226806640625,325.9601135253906,326.2300109863281,760348
2026-09-01 11:55:00-04:00,326.3599853515625,326.95001220703125,326.30999755859375,326.8800048828125,521053
2026-09-01 12:00:00-04:00,326.1700134277344,326.42999267578125,325.8550109863281,326.3800048828125,302942
2026-09-01 12:05:00-04:00,326.3900146484375,326.5400085449219,326.04998779296875,326.19000244140625,366203
2026-09-01 12:10:00-04:00,325.5350036621094,326.489990234375,325.5199890136719,326.4100036621094,286023
2026-09-01 12:15:00-04:00,325.4849853515625,325.8299865722656,325.3599853515625,325.5350036621094,288689
2026-09-01 12:20:00-04:00,326.9599914550781,327.29998779296875,325.3399963378906,325.4800109863281,539544
2026-09-01 12:25:00-04:00,326.6600036621094,327.1499938964844,326.3599853515625,326.9599914550781,383853
2026-09-01 12:30:00-04:00,326.3900146484375,326.885009765625,326.3299865722656,326.67999267578125,430869
2026-09-01 12:35:00-04:00,326.4599914550781,326.6300048828125,326.0,326.4100036621094,436275
2026-09-01 12:40:00-04:00,325.5299987792969,326.489990234375,325.3999938964844,326.489990234375,360732
2026-09-01 12:45:00-04:00,325.9125061035156,326.2699890136719,325.3599853515625,325.489990234375,398592
2026-09-01 12:50:00-04:00,325.3800048828125,325.92010498046875,325.32000732421875,325.9200134277344,285102
2026-09-01 12:55:00-04:00,325.8599853515625,325.95001220703125,325.375,325.4800109863281,297998
2026-09-01 13:00:00-04:00,325.5199890136719,325.9700012207031,325.45001220703125,325.8500061035156,537681
2026-09-01 13:05:00-04:00,325.04998779296875,325.56500244140625,324.9599914550781,325.5299987792969,608769
2026-09-01 13:10:00-04:00,325.0639953613281,325.3500061035156,324.95001220703125,325.05499267578125,281831
2026-09-01 13:15:00-04:00,324.9801025390625,325.30999755859375,324.8299865722656,325.05499267578125,262353
2026-09-01 13:20:00-04:00,324.8999938964844,325.3500061035156,324.8399963378906,325.00799560546875,216517
2026-09-01 13:25:00-04:00,324.6499938964844,325.2493896484375,324.4849853515625,324.9200134277344,381008
2026-09-01 13:30:00-04:00,324.77099609375,324.8800048828125,324.510009765625,324.69000244140625,221311
2026-09-01 13:35:00-04:00,324.6099853515625,324.7860107421875,324.5,324.7699890136719,208414
2026-09-01 13:40:00-04:00,324.86199951171875,324.9200134277344,324.32000732421875,324.6099853515625,214379
2026-09-01 13:45:00-04:00,324.5849914550781,324.9800109863281,324.510009765625,324.8949890136719,170032
2026-09-01 13:50:00-04:00,324.75,324.95001220703125,324.5,324.5849914550781,200565
2026-09-01 13:55:00-04:00,325.2099914550781,325.2200012207031,324.7300109863281,324.7799987792969,242029
2026-09-01 14:00:00-04:00,325.17010498046875,325.75,325.1449890136719,325.2200012207031,389609
2026-09-01 14:05:00-04:00,325.20001220703125,325.2300109863281,324.760009765625,325.1499938964844,229050
2026-09-01 14:10:00-04:00,324.92498779296875,325.2200012207031,324.8800048828125,325.2149963378906,175126
2026-09-01 14:15:00-04:00,325.114990234375,325.125,324.6300048828125,324.92999267578125,293001
2026-09-01 14:20:00-04:00,324.9800109863281,325.2300109863281,324.75,325.1199951171875,230264
2026-09-01 14:25:00-04:00,325.2099914550781,325.5199890136719,324.82000732421875,324.9599914550781,305987
2026-09-01 14:30:00-04:00,324.8599853515625,325.239990234375,324.5700988769531,325.20001220703125,244931
2026-09-01 14:35:00-04:00,324.69000244140625,325.1400146484375,324.66009521484375,324.8999938964844,223282
2026-09-01 14:40:00-04:00,324.5400085449219,324.8595886230469,324.3905029296875,324.66009521484375,195715
2026-09-01 14:45:00-04:00,325.0400085449219,325.0899963378906,324.4562072753906,324.5400085449219,220059
2026-09-01 14:50:00-04:00,325.4599914550781,325.7294921875,324.7300109863281,325.0299987792969,437212
2026-09-01 14:55:00-04:00,325.5450134277344,325.8599853515625,325.29998779296875,325.44000244140625,377092
2026-09-01 15:00:00-04:00,325.5249938964844,325.8500061035156,325.25,325.5400085449219,307465
2026-09-01 15:05:00-04:00,325.2361145019531,325.6400146484375,325.05999755859375,325.5400085449219,302807
2026-09-01 15:10:00-04:00,325.7799987792969,325.82000732421875,325.1199951171875,325.2300109863281,291064
2026-09-01 15:15:00-04:00,325.6300048828125,325.92999267578125,325.5000915527344,325.7554931640625,318874
2026-09-01 15:20:00-04:00,325.660400390625,325.79998779296875,325.3757019042969,325.625,249223
2026-09-01 15:25:00-04:00,325.57000732421875,325.8900146484375,325.5199890136719,325.67999267578125,331624
2026-09-01 15:30:00-04:00,325.3299865722656,325.7398986816406,325.17999267578125,325.6099853515625,333666
2026-09-01 15:35:00-04:00,325.3999938964844,325.57501220703125,325.1400146484375,325.3699951171875,351621
2026-09-01 15:40:00-04:00,325.364990234375,325.489990234375,325.1839904785156,325.3999938964844,354072
2026-09-01 15:45:00-04:00,325.7749938964844,325.7898864746094,325.29998779296875,325.3800048828125,456391
2026-09-01 15:50:00-04:00,324.92999267578125,325.88800048828125,324.260009765625,325.7699890136719,1478844
2026-09-01 15:55:00-04:00,325.1400146484375,325.260009765625,324.1000061035156,324.9100036621094,2780368
2026-09-02 09:30:00-04:00,325.6300048828125,328.3999938964844,325.510009765625,326.9700012207031,2314908
2026-09-02 09:35:00-04:00,325.010009765625,325.6658020019531,324.07000732421875,325.6658020019531,769788
2026-09-02 09:40:00-04:00,325.45001220703125,325.5,324.3999938964844,325.010009765625,585443
2026-09-02 09:45:00-04:00,324.5450134277344,325.57489013671875,324.5199890136719,325.4549865722656,619550
2026-09-02 09:50:00-04:00,325.0050048828125,325.3599853515625,324.4599914550781,324.5450134277344,497853
2026-09-02 09:55:00-04:00,325.19000244140625,325.54998779296875,324.44000244140625,325.010009765625,497060
2026-09-02 10:00:00-04:00,323.9649963378906,325.18499755859375,323.94000244140625,325.1600036621094,1028823
2026-09-02 10:05:00-04:00,324.20001220703125,324.49951171875,323.5299987792969,323.94000244140625,536329
2026-09-02 10:10:00-04:00,323.989990234375,324.3599853515625,323.5369873046875,324.25,401259
2026-09-02 10:15:00-04:00,323.7847900390625,324.29998779296875,323.7099914550781,323.9700012207031,300453
2026-09-02 10:20:00-04:00,324.07501220703125,324.29998779296875,323.6000061035156,323.79998779296875,262539
2026-09-02 10:25:00-04:00,324.57000732421875,324.95001220703125,324.0299987792969,324.0799865722656,326565
2026-09-02 10:30:00-04:00,324.07000732421875,324.7699890136719,324.0,324.5849914550781,300684
2026-09-02 10:35:00-04:00,324.55999755859375,324.6000061035156,324.0205078125,324.07000732421875,224772
2026-09-02 10:40:00-04:00,324.7250061035156,324.8399963378906,324.3900146484375,324.57000732421875,248456
2026-09-02 10:45:00-04:00,324.75,325.0799865722656,324.54998779296875,324.72698974609375,326124
2026-09-02 10:50:00-04:00,324.2049865722656,324.7699890136719,324.1499938964844,324.7300109863281,300889
2026-09-02 10:55:00-04:00,324.6191101074219,324.75,324.1755065917969,324.2049865722656,217256
2026-09-02 11:00:00-04:00,324.40240478515625,324.94500732421875,324.3900146484375,324.6499938964844,197314
2026-09-02 11:05:00-04:00,324.3900146484375,324.67999267578125,324.2699890136719,324.3999938964844,177398
2026-09-02 11:10:00-04:00,324.4599914550781,324.6000061035156,324.1099853515625,324.3999938964844,174436
2026-09-02 11:15:00-04:00,325.2099914550781,325.2099914550781,324.4501037597656,324.4800109863281,248847
2026-09-02 11:20:00-04:00,325.4800109863281,325.5849914550781,324.9599914550781,325.19000244140625,299652
2026-09-02 11:25:00-04:00,326.54998779296875,326.54998779296875,325.4700012207031,325.5,494249
2026-09-02 11:30:00-04:00,326.71258544921875,327.05499267578125,326.4501037597656,326.5299987792969,717762
2026-09-02 11:35:00-04:00,326.70001220703125,326.9599914550781,326.160888671875,326.7300109863281,533526
2026-09-02 11:40:00-04:00,325.114990234375,326.7250061035156,324.91009521484375,326.6962890625,742326
2026-09-02 11:45:00-04:00,324.1400146484375,325.4898986816406,324.0,325.0899963378906,414562
2026-09-02 11:50:00-04:00,324.54998779296875,324.6549987792969,323.8949890136719,324.1499938964844,573871
2026-09-02 11:55:00-04:00,325.010009765625,325.1700134277344,324.3299865722656,324.57000732421875,295364
2026-09-02 12:00:00-04:00,325.8550109863281,325.8599853515625,324.9549865722656,325.010009765625,412206
2026-09-02 12:05:00-04:00,325.760009765625,326.19000244140625,325.6700134277344,325.8550109863281,773418
2026-09-02 12:10:00-04:00,325.29998779296875,325.94000244140625,325.2615966796875,325.75,268825
2026-09-02 12:15:00-04:00,324.8399963378906,325.3299865722656,324.6182861328125,325.2755126953125,395191
2026-09-02 12:20:00-04:00,324.5851135253906,325.1199951171875,324.114990234375,324.8299865722656,331790
2026-09-02 12:25:00-04:00,324.6698913574219,324.7799987792969,324.489990234375,324.5799865722656,200655
2026-09-02 12:30:00-04:00,325.4599914550781,325.69000244140625,324.6199951171875,324.6600036621094,319533
2026-09-02 12:35:00-04:00,325.42999267578125,325.6600036621094,325.2900085449219,325.44500732421875,259153
2026-09-02 12:40:00-04:00,325.385009765625,325.5299987792969,325.17999267578125,325.42999267578125,153937
2026-09-02 12:45:00-04:00,325.5050048828125,325.75,325.364990234375,325.3999938964844,196884
2026-09-02 12:50:00-04:00,326.0,326.2099914550781,325.45001220703125,325.510009765625,353644
2026-09-02 12:55:00-04:00,326.1199951171875,326.2380065917969,325.9599914550781,326.0050048828125,198285
2026-09-02 13:00:00-04:00,326.2749938964844,326.5,326.1000061035156,326.1300048828125,251342
2026-09-02 13:05:00-04:00,325.75,326.3450012207031,325.7250061035156,326.25,257700
2026-09-02 13:10:00-04:00,325.5599060058594,325.8500061035156,325.44000244140625,325.755615234375,198415
2026-09-02 13:15:00-04:00,325.67010498046875,325.9999084472656,325.5,325.55499267578125,161448
2026-09-02 13:20:00-04:00,325.6099853515625,325.7998962402344,325.53009033203125,325.67999267578125,166576
2026-09-02 13:25:00-04:00,325.07501220703125,325.69000244140625,325.07000732421875,325.6300048828125,174916
2026-09-02 13:30:00-04:00,324.8699951171875,325.2099914550781,324.6803894042969,325.07501220703125,163803
2026-09-02 13:35:00-04:00,325.0199890136719,325.125,324.8599853515625,324.8599853515625,180247
2026-09-02 13:40:00-04:00,325.3301086425781,325.4800109863281,324.8500061035156,325.0,189480
2026-09-02 13:45:00-04:00,325.5,325.7049865722656,325.2701110839844,325.3599853515625,146271
2026-09-02 13:50:00-04:00,325.8299865722656,325.9800109863281,325.4100036621094,325.5299987792969,263289
2026-09-02 13:55:00-04:00,325.9549865722656,326.19000244140625,325.760009765625,325.8399963378906,234582
2026-09-02 14:00:00-04:00,326.30010986328125,326.32989501953125,325.7200927734375,325.95001220703125,273836
2026-09-02 14:05:00-04:00,325.9700012207031,326.32501220703125,325.8900146484375,326.32501220703125,198944
2026-09-02 14:10:00-04:00,326.0,326.04998779296875,325.7900085449219,325.9700012207031,248603
2026-09-02 14:15:00-04:00,326.19000244140625,326.4200134277344,325.9599914550781,325.989990234375,273017
2026-09-02 14:20:00-04:00,326.17999267578125,326.385009765625,326.1000061035156,326.19000244140625,160014
2026-09-02 14:25:00-04:00,326.2955017089844,326.489990234375,326.1300048828125,326.17999267578125,213766
2026-09-02 14:30:00-04:00,325.94500732421875,326.42999267578125,325.92999267578125,326.3099060058594,189990
2026-09-02 14:35:00-04:00,325.80010986328125,326.1299133300781,325.7799987792969,325.9599914550781,177692
2026-09-02 14:40:00-04:00,325.3399963378906,325.8399963378906,325.18011474609375,325.80999755859375,236934
2026-09-02 14:45:00-04:00,325.29998779296875,325.3949890136719,325.04998779296875,325.3500061035156,174288
2026-09-02 14:50:00-04:00,325.17498779296875,325.39990234375,324.96258544921875,325.29998779296875,205980
2026-09-02 14:55:00-04:00,325.0,325.2300109863281,324.8526916503906,325.17999267578125,219566
2026-09-02 15:00:00-04:00,324.97979736328125,325.010009765625,324.60009765625,324.9849853515625,259074
2026-09-02 15:05:00-04:00,325.4750061035156,325.5,324.9800109863281,324.9800109863281,290201
2026-09-02 15:10:00-04:00,325.5299987792969,325.82000732421875,325.3550109863281,325.4800109863281,280267
2026-09-02 15:15:00-04:00,325.6050109863281,325.739990234375,325.2799987792969,325.5350036621094,272751
2026-09-02 15:20:00-04:00,325.4800109863281,325.67498779296875,325.3800048828125,325.5849914550781,185408
2026-09-02 15:25:00-04:00,325.6400146484375,325.6600036621094,325.4599914550781,325.4800109863281,289615
2026-09-02 15:30:00-04:00,325.9200134277344,325.92498779296875,325.4200134277344,325.6405029296875,320713
2026-09-02 15:35:00-04:00,325.1099853515625,325.95001220703125,325.05621337890625,325.8999938964844,351253
2026-09-02 15:40:00-04:00,325.20001220703125,325.42498779296875,324.9599914550781,325.1189880371094,313090
2026-09-02 15:45:00-04:00,325.2699890136719,325.5198974609375,325.1300048828125,325.2049865722656,340190
2026-09-02 15:50:00-04:00,325.2699890136719,325.3699951171875,324.90008544921875,325.239990234375,494166
2026-09-02 15:55:00-04:00,324.989990234375,325.2900085449219,324.6700134277344,325.2799987792969,1245791
2026-09-03 09:30:00-04:00,325.6199951171875,327.5,324.25,324.94769287109375,1747712
2026-09-03 09:35:00-04:00,326.45001220703125,326.47100830078125,324.1099853515625,325.5400085449219,543838
2026-09-03 09:40:00-04:00,326.4849853515625,326.6700134277344,325.4005126953125,326.45001220703125,415504
2026-09-03 09:45:00-04:00,326.5899963378906,326.9700012207031,326.19000244140625,326.4700012207031,407058
2026-09-03 09:50:00-04:00,326.2699890136719,326.9198913574219,326.0,326.55999755859375,402373
2026-09-03 09:55:00-04:00,326.7200012207031,326.79998779296875,325.6000061035156,326.2900085449219,376428
2026-09-03 10:00:00-04:00,326.0400085449219,326.79998779296875,325.94500732421875,326.6000061035156,330446
2026-09-03 10:05:00-04:00,327.06878662109375,327.1099853515625,326.0299987792969,326.0400085449219,365079
2026-09-03 10:10:00-04:00,328.1300048828125,328.1300048828125,326.6700134277344,327.0799865722656,472878
2026-09-03 10:15:00-04:00,328.70001220703125,328.70220947265625,328.0,328.1300048828125,596826
2026-09-03 10:20:00-04:00,329.1654052734375,329.29998779296875,328.5400085449219,328.70001220703125,600486
2026-09-03 10:25:00-04:00,329.7149963378906,330.30999755859375,328.9200134277344,329.1585998535156,1312317
2026-09-03 10:30:00-04:00,329.4200134277344,330.67999267578125,329.368896484375,329.7149963378906,820115
2026-09-03 10:35:00-04:00,328.375,329.92999267578125,328.19000244140625,329.41009521484375,507732
2026-09-03 10:40:00-04:00,328.31500244140625,328.67498779296875,327.9200134277344,328.375,504134
2026-09-03 10:45:00-04:00,328.860107421875,328.8999938964844,328.2301025390625,328.2900085449219,541639
2026-09-03 10:50:00-04:00,328.1300048828125,328.9200134277344,327.6600036621094,328.9100036621094,316501
2026-09-03 10:55:00-04:00,327.9849853515625,328.3399963378906,327.6099853515625,328.1051940917969,380724
2026-09-03 11:00:00-04:00,329.20001220703125,329.2200012207031,328.010009765625,328.0199890136719,438389
2026-09-03 11:05:00-04:00,330.0450134277344,330.05999755859375,329.2449951171875,329.260009765625,388435
2026-09-03 11:10:00-04:00,330.4649963378906,330.80999755859375,330.0450134277344,330.04998779296875,460611
2026-09-03 11:15:00-04:00,330.05999755859375,330.760009765625,329.8699951171875,330.5,567657
2026-09-03 11:20:00-04:00,329.5299072265625,330.3299865722656,329.52398681640625,330.0783996582031,348824
2026-09-03 11:25:00-04:00,329.8299865722656,330.2699890136719,329.4800109863281,329.5199890136719,640357
2026-09-03 11:30:00-04:00,330.110107421875,330.19000244140625,329.7200012207031,329.8500061035156,332317
2026-09-03 11:35:00-04:00,329.8399963378906,330.4800109863281,329.7699890136719,330.1400146484375,299685
2026-09-03 11:40:00-04:00,329.67999267578125,329.9700012207031,329.239990234375,329.82501220703125,259972
2026-09-03 11:45:00-04:00,329.7300109863281,329.8800048828125,329.4200134277344,329.69000244140625,168885
2026-09-03 11:50:00-04:00,329.5403137207031,329.760009765625,329.2799987792969,329.7099914550781,185096
2026-09-03 11:55:00-04:00,329.7699890136719,329.8399963378906,329.29998779296875,329.5400085449219,149676
2026-09-03 12:00:00-04:00,329.9200134277344,330.0199890136719,329.5950012207031,329.75,237763
2026-09-03 12:05:00-04:00,329.57000732421875,329.9360046386719,329.45001220703125,329.9200134277344,204327
2026-09-03 12:10:00-04:00,330.02020263671875,330.05999755859375,329.44000244140625,329.55999755859375,259638
2026-09-03 12:15:00-04:00,329.6400146484375,330.04998779296875,329.55999755859375,330.0299987792969,184648
2026-09-03 12:20:00-04:00,330.385009765625,330.57000732421875,329.5199890136719,329.6499938964844,426646
2026-09-03 12:25:00-04:00,330.06988525390625,330.4137878417969,329.8399963378906,330.385009765625,280398
2026-09-03 12:30:00-04:00,330.1099853515625,330.239990234375,329.8699951171875,330.0400085449219,223414
2026-09-03 12:35:00-04:00,329.8999938964844,330.114990234375,329.7099914550781,330.114990234375,231622
2026-09-03 12:40:00-04:00,329.8299865722656,329.989990234375,329.75,329.9100036621094,136171
2026-09-03 12:45:00-04:00,329.4200134277344,329.8599853515625,329.3299865722656,329.8349914550781,203932
2026-09-03 12:50:00-04:00,329.31500244140625,329.5299987792969,329.239990234375,329.3999938964844,151193
2026-09-03 12:55:00-04:00,328.9400939941406,329.2950134277344,328.8800048828125,329.2950134277344,164547
2026-09-03 13:00:00-04:00,328.69000244140625,329.0199890136719,328.44000244140625,328.947998046875,188558
2026-09-03 13:05:00-04:00,328.510009765625,328.7799987792969,328.5,328.7099914550781,178978
2026-09-03 13:10:00-04:00,328.114990234375,328.55499267578125,328.0600891113281,328.5050048828125,196685
2026-09-03 13:15:00-04:00,327.9700012207031,328.32000732421875,327.9200134277344,328.1099853515625,195100
2026-09-03 13:20:00-04:00,327.6600036621094,328.0400085449219,327.4800109863281,327.9700012207031,367367
2026-09-03 13:25:00-04:00,327.7300109863281,327.82000732421875,327.45001220703125,327.67999267578125,249870
2026-09-03 13:30:00-04:00,327.75,328.0400085449219,327.614990234375,327.7200012207031,257150
2026-09-03 13:35:00-04:00,327.2149963378906,327.8099060058594,327.1300048828125,327.7900085449219,271022
2026-09-03 13:40:00-04:00,326.9200134277344,327.239990234375,326.739990234375,327.2149963378906,303398
2026-09-03 13:45:00-04:00,327.2054138183594,327.32000732421875,326.67999267578125,326.9150085449219,242222
2026-09-03 13:50:00-04:00,327.1300048828125,327.2698974609375,327.03009033203125,327.19500732421875,192922
2026-09-03 13:55:00-04:00,326.8999938964844,327.2237854003906,326.8399963378906,327.1300048828125,199855
2026-09-03 14:00:00-04:00,327.135009765625,327.3599853515625,326.8800048828125,326.8999938964844,277123
2026-09-03 14:05:00-04:00,327.1296081542969,327.3450012207031,327.0299987792969,327.2749938964844,189955
2026-09-03 14:10:00-04:00,327.3299865722656,327.4700012207031,327.1700134277344,327.18499755859375,325407
2026-09-03 14:15:00-04:00,327.2174072265625,327.55999755859375,327.2080078125,327.32501220703125,210878
2026-09-03 14:20:00-04:00,326.9501953125,327.25,326.9200134277344,327.2200012207031,212824
2026-09-03 14:25:00-04:00,327.1199951171875,327.17999267578125,326.9200134277344,326.9775085449219,210693
2026-09-03 14:30:00-04:00,327.239990234375,327.25,326.989990234375,327.1449890136719,182492
2026-09-03 14:35:00-04:00,327.1600036621094,327.2900085449219,327.0299987792969,327.239990234375,254913
2026-09-03 14:40:00-04:00,326.8951110839844,327.17999267578125,326.864990234375,327.17999267578125,439294
2026-09-03 14:45:00-04:00,326.7900085449219,326.9599914550781,326.510009765625,326.8699951171875,428859
2026-09-03 14:50:00-04:00,326.94500732421875,327.0199890136719,326.57000732421875,326.7799987792969,240029
2026-09-03 14:55:00-04:00,327.19000244140625,327.260009765625,326.7300109863281,326.9458923339844,228571
2026-09-03 15:00:00-04:00,327.2699890136719,327.3999938964844,327.04998779296875,327.20001220703125,191361
2026-09-03 15:05:00-04:00,327.4800109863281,327.639892578125,327.20001220703125,327.2900085449219,245776
2026-09-03 15:10:00-04:00,327.3500061035156,327.5899963378906,327.3399963378906,327.4849853515625,214022
2026-09-03 15:15:00-04:00,327.5299987792969,327.5899963378906,327.25,327.3399963378906,223494
2026-09-03 15:20:00-04:00,327.510009765625,327.6099853515625,327.4100036621094,327.5299987792969,224799
2026-09-03 15:25:00-04:00,327.7950134277344,327.8399963378906,327.5,327.510009765625,292697
2026-09-03 15:30:00-04:00,327.5679931640625,327.7900085449219,327.4100036621094,327.7900085449219,269410
2026-09-03 15:35:00-04:00,327.510009765625,327.7200012207031,327.4700012207031,327.57000732421875,239093
2026-09-03 15:40:00-04:00,327.7835998535156,327.8500061035156,327.45001220703125,327.5199890136719,345332
2026-09-03 15:45:00-04:00,328.0144958496094,328.2099914550781,327.7900085449219,327.79998779296875,392217
2026-09-03 15:50:00-04:00,328.6199951171875,328.8399963378906,327.7200012207031,328.0299987792969,661396
2026-09-03 15:55:00-04:00,328.2099914550781,328.7699890136719,327.989990234375,328.6300048828125,1623787
2026-09-04 09:30:00-04:00,327.17999267578125,328.92999267578125,327.0199890136719,328.30499267578125,1741966
2026-09-04 09:35:00-04:00,326.29998779296875,327.1499938964844,325.3450012207031,327.1499938964844,775429
2026-09-04 09:40:00-04:00,324.82000732421875,326.2300109863281,324.2799987792969,326.2300109863281,662195
2026-09-04 09:45:00-04:00,323.93499755859375,324.8900146484375,323.4700012207031,324.8900146484375,626493
2026-09-04 09:50:00-04:00,324.20989990234375,324.2650146484375,323.05999755859375,323.8819885253906,850282
2026-09-04 09:55:00-04:00,323.69500732421875,324.18499755859375,323.1499938964844,324.18499755859375,499438
2026-09-04 10:00:00-04:00,323.07000732421875,323.6600036621094,322.67999267578125,323.6199951171875,672047
2026-09-04 10:05:00-04:00,322.7008972167969,323.20001220703125,322.45001220703125,323.0899963378906,351646
2026-09-04 10:10:00-04:00,321.2099914550781,322.67999267578125,321.2099914550781,322.67999267578125,900953
2026-09-04 10:15:00-04:00,321.5899963378906,321.8900146484375,321.1000061035156,321.2160949707031,588824
2026-09-04 10:20:00-04:00,321.239990234375,321.6600036621094,321.19000244140625,321.5899963378906,743842
2026-09-04 10:25:00-04:00,320.7099914550781,321.3299865722656,320.44000244140625,321.25,789951
2026-09-04 10:30:00-04:00,320.8800048828125,321.07501220703125,320.67498779296875,320.7099914550781,591037
2026-09-04 10:35:00-04:00,320.67999267578125,321.1600036621094,320.6600036621094,320.8800048828125,439619
2026-09-04 10:40:00-04:00,320.0299987792969,320.6700134277344,319.8800048828125,320.6700134277344,634838
2026-09-04 10:45:00-04:00,320.0950012207031,320.2300109863281,319.8800048828125,320.0400085449219,457362
2026-09-04 10:50:00-04:00,318.9800109863281,320.1000061035156,318.9700012207031,320.0950012207031,558316
2026-09-04 10:55:00-04:00,318.44000244140625,319.07000732421875,318.29998779296875,318.9800109863281,619767
2026-09-04 11:00:00-04:00,318.5899963378906,318.6400146484375,317.8599853515625,318.44000244140625,769124
2026-09-04 11:05:00-04:00,318.94000244140625,318.97320556640625,318.45001220703125,318.57000732421875,569186
2026-09-04 11:10:00-04:00,319.2850036621094,319.3999938964844,318.760009765625,318.94000244140625,502040
2026-09-04 11:15:00-04:00,318.79998779296875,319.4100036621094,318.67999267578125,319.2850036621094,428107
2026-09-04 11:20:00-04:00,319.1400146484375,319.1400146484375,318.57000732421875,318.8056945800781,315285
2026-09-04 11:25:00-04:00,319.4700012207031,319.510009765625,318.9309997558594,319.1099853515625,342114
2026-09-04 11:30:00-04:00,319.6300048828125,319.6700134277344,319.1099853515625,319.4700012207031,410132
2026-09-04 11:35:00-04:00,319.92498779296875,320.1300048828125,319.6080017089844,319.6099853515625,420408
2026-09-04 11:40:00-04:00,320.3399963378906,320.5899963378906,319.9100036621094,319.9200134277344,422874
2026-09-04 11:45:00-04:00,320.43499755859375,320.4750061035156,320.1600036621094,320.3299865722656,253159
2026-09-04 11:50:00-04:00,321.0,321.239990234375,320.4200134277344,320.44000244140625,475102
2026-09-04 11:55:00-04:00,321.010009765625,321.2799987792969,320.82000732421875,321.010009765625,373855
2026-09-04 12:00:00-04:00,321.0,321.125,320.7099914550781,321.0249938964844,287090
2026-09-04 12:05:00-04:00,321.0299072265625,321.1300048828125,320.6600036621094,321.0,269543
2026-09-04 12:10:00-04:00,321.0498962402344,321.2690124511719,320.94000244140625,321.0199890136719,301962
2026-09-04 12:15:00-04:00,321.2699890136719,321.32000732421875,320.6300048828125,321.0400085449219,275958
2026-09-04 12:20:00-04:00,320.9700012207031,321.3291931152344,320.75,321.2506103515625,250473
2026-09-04 12:25:00-04:00,320.5,320.989990234375,320.4200134277344,320.9649963378906,267672
2026-09-04 12:30:00-04:00,321.10009765625,321.1300048828125,320.41009521484375,320.51739501953125,213296
2026-09-04 12:35:00-04:00,320.8949890136719,321.1400146484375,320.7300109863281,321.1000061035156,183931
2026-09-04 12:40:00-04:00,320.8399963378906,321.05999755859375,320.7001037597656,320.8800048828125,189552
2026-09-04 12:45:00-04:00,320.9800109863281,321.04998779296875,320.7701110839844,320.8500061035156,195370
2026-09-04 12:50:00-04:00,321.07501220703125,321.239990234375,320.82000732421875,320.989990234375,211020
2026-09-04 12:55:00-04:00,321.0299987792969,321.2099914550781,320.9599914550781,321.07501220703125,179729
2026-09-04 13:00:00-04:00,320.9601135253906,321.2200927734375,320.9601135253906,321.0450134277344,150218
2026-09-04 13:05:00-04:00,321.3500061035156,321.3500061035156,320.92999267578125,320.9949951171875,121356
