Date,Close,High,Low,Open,Volume
2016-09-06,24.62944221496582,24.7666549918823,24.585993130693005,24.675180388848958,107521600
2016-09-07,24.780372619628906,24.871847211765008,24.485367975974665,24.65916952655998,169457200
2016-09-08,24.130910873413086,24.531110791645812,24.06687916565316,24.52653784597718,212008000
2016-09-09,23.584348678588867,24.17664537470225,23.584348678588867,23.929664472583937,186228000
2016-09-12,24.11261558532715,24.176647288411548,23.44713950384346,23.47458241005094,181171200
2016-09-13,24.686614990234375,24.878711841710718,24.524248389610946,24.585994491587748,248704800
2016-09-14,25.560195922851562,25.84834034830154,24.835262785991265,24.86499303896986,443554800
2016-09-15,26.4291934967041,26.4657840284791,25.953527052024643,26.038141348204885,359934400
2016-09-16,26.280555725097656,26.55726516534714,26.07931297166161,26.326293904105707,319547600
2016-09-19,25.974117279052734,26.56869963689273,25.89865059368618,26.342301325526172,188092000
2016-09-20,25.97182846069336,26.09760626250278,25.729422236914832,25.852912693764175,138057200
2016-09-21,25.96725082397461,26.06787130250994,25.713409665990444,26.03585545778515,144012800
2016-09-22,26.211946487426758,26.285125816302454,26.070160774409487,26.150200392752776,124296000
2016-09-23,25.775157928466797,26.250824472007036,25.509883496894744,26.166210158240865,209924800
2016-09-26,25.81403923034668,25.930669417027655,25.50988859840866,25.530469472375913,119477600
2016-09-27,25.862064361572266,25.882646981345026,25.69055009064395,25.841483486532894,98429600
2016-09-28,26.058731079101562,26.216524747781484,25.93981529984219,25.999274061838467,118564400
2016-09-29,25.653953552246094,26.024424893860175,25.56705364261295,25.878066233039693,143548000
2016-09-30,25.852909088134766,25.92608841405423,25.56705207364735,25.71798367003567,145516400
2016-10-03,25.73170280456543,25.852907637482588,25.67681874938866,25.775153626643895,86807200
2016-10-04,25.841476440429688,26.141054060318368,25.75686212840585,25.855197020048127,118947200
2016-10-05,25.852909088134766,25.992407450783244,25.77058212838377,25.93294870324469,85812400
2016-10-06,26.045007705688477,26.147915547003027,25.87120612872349,26.001556875263983,115117200
2016-10-07,26.083881378173828,26.19822418869675,25.958105333438315,26.14105278343529,97433600
2016-10-10,26.538969039916992,26.69904828893821,26.234816722043714,26.303421366738682,144944000
2016-10-11,26.59613800048828,27.1426964864746,26.573268042962923,26.916296469049705,256164000
2016-10-12,26.833974838256836,26.980335267618475,26.69905113466278,26.83626218341035,150347200
2016-10-13,26.75164794921875,26.856843138239455,26.46350354336801,26.708197117656685,140769600
2016-10-14,26.900291442871094,27.023781898930597,26.785948621860403,26.957462853376438,142608800
2016-10-17,26.881994247436523,26.948311539203715,26.705905350070164,26.83168313390328,94499600
2016-10-18,26.86370277404785,27.032929661416194,26.859128084135385,27.02606937128049,98214000
2016-10-19,26.783662796020508,26.930021466102616,26.024426540694705,26.813391301128977,80138400
2016-10-20,26.769935607910156,26.843114929656746,26.602996098019183,26.724199186093283,96503200
2016-10-21,26.664743423461914,26.735637153357494,26.59156409353278,26.712767195159202,92770800
2016-10-24,26.904865264892578,26.92544613453879,26.756219253426952,26.779087467944834,94154800
2016-10-25,27.042081832885742,27.06723739742523,26.827116733996778,26.97347543055382,192516000
2016-10-26,26.43376922607422,26.458924783136965,25.91236630646959,26.141051919961637,264536800
2016-10-27,26.179927825927734,26.495513320643504,26.093026182725357,26.388030811250648,138248000
2016-10-28,26.006135940551758,26.346877116953255,25.944389829588207,26.040439141672255,151446800
2016-10-31,25.964969635009766,26.122763296228115,25.887215604578586,25.990125196790462,105677600
2016-11-01,25.49616241455078,26.01756541298802,25.276624401773685,25.94667342040158,175303200
2016-11-02,25.519027709960938,25.692829271127486,25.436702491232396,25.475578628218926,113326800
2016-11-03,25.245498657226562,25.62016944650457,25.18113820298895,25.50983774029462,107730400
2016-11-04,25.01793670654297,25.34203982636608,24.85014005529243,24.94668073850706,123348000
2016-11-07,25.378816604614258,25.401802229569288,25.160448783314564,25.302962463940972,130240000
2016-11-08,25.528221130371094,25.67992939440463,25.215611756323725,25.355826332346027,97016800
2016-11-09,25.48685646057129,25.58799534354575,24.83635449638822,25.256996638313893,236705600
2016-11-10,24.77658462524414,25.535120808105646,24.32605969000553,25.535120808105646,228538000
2016-11-11,24.923688888549805,25.02482772400998,24.491553257048928,24.62257322403577,136575600
2016-11-14,24.298471450805664,24.781176525179863,23.92380072835661,24.758190903293574,204702000
2016-11-15,24.620281219482422,24.751301224165672,24.401915129573986,24.496156727620768,129058000
2016-11-16,25.28227424621582,25.337441850694617,24.50304980828329,24.526035433304067,235362000
2016-11-17,25.273086547851562,25.365030826736525,25.015644671403166,25.24090631329551,110528000
2016-11-18,25.298364639282227,25.408698095771,25.206422138180844,25.220213162607894,113715600
2016-11-21,25.68222999572754,25.741992266573043,25.286870955041636,25.312155667203456,117058400
2016-11-22,25.698322296142578,25.84083422734658,25.60637803987788,25.73279985776237,103862000
2016-11-23,25.567302703857422,25.631663158149788,25.360428562424204,25.597183842295777,109705600
2016-11-25,25.69602394104004,25.71441314355612,25.50294082200296,25.5443156508187,45903600
2016-11-28,25.645462036132812,25.852336240914763,25.604087195176422,25.61328179913244,108776000
2016-11-29,25.62017250061035,25.751192513409958,25.300667526350065,25.46386777010459,114115200
2016-11-30,25.404102325439453,25.79026682920152,25.346637379961116,25.652351310791705,144649200
2016-12-01,25.167335510253906,25.50063309367511,25.061600269417227,25.36961314810682,148347600
2016-12-02,25.26158905029297,25.305261214042645,25.02023559054062,25.093790646724717,106112000
2016-12-05,25.079998016357422,25.291468570139198,24.88231848669901,25.284573058077516,137298000
2016-12-06,25.273086547851562,25.367329915973748,25.09839434703051,25.16965033016301,104782000
2016-12-07,25.52132797241211,25.558106374487007,25.09149135872883,25.114476983180275,119994800
2016-12-08,25.771881103515625,25.843137079494465,25.422493229567383,25.48225726789636,108273200
2016-12-09,26.192514419555664,26.364909209733586,25.815544618661853,25.815544618661853,137610400
2016-12-12,26.043107986450195,26.433868824113034,25.8569204135273,26.040808898127786,105497600
2016-12-13,26.47754669189453,26.645343337012505,26.146548071609143,26.16723460853157,174935200
2016-12-14,26.47754669189453,26.709703790136704,26.42927635205138,26.443067376666335,136127200
2016-12-15,26.622358322143555,26.831531553286478,26.486741900476627,26.521219462804925,186098000
2016-12-16,26.656841278076172,26.778666691446684,26.583286212247312,26.77177117803946,177404400
2016-12-19,26.810836791992188,26.98093248862941,26.606261787656628,26.617755474786218,111117600
2016-12-20,26.88209342956543,27.008516976463365,26.82003207707311,26.833823099029075,85700000
2016-12-21,26.907384872436523,26.985538108355716,26.843024415615375,26.8476225932117,95132800
2016-12-22,26.730392456054688,26.78096188527395,26.580983257095284,26.74418348086327,104343600
2016-12-23,26.783266067504883,26.783266067504883,26.569496359866754,26.569496359866754,56998000
2016-12-27,26.953351974487305,27.07747643702863,26.77635900331725,26.78325451451001,73187600
2016-12-28,26.838424682617188,27.128046702602873,26.709702031155068,27.01311682853819,83623600
2016-12-29,26.831533432006836,26.918879518839184,26.755679282191622,26.767171219208755,60158000
2016-12-30,26.622358322143555,26.93956417139991,26.532713152708265,26.813142350917477,122345200
2017-01-03,26.698209762573242,26.739584586867494,26.37870485695846,26.617759202470722,115127600
2017-01-04,26.668331146240234,26.78096370212091,26.606269776700465,26.629255404171083,84472400
2017-01-05,26.803945541381836,26.861410478782332,26.62005704022397,26.645341752975444,88774400
2017-01-06,27.10276222229004,27.160227156096582,26.77176364238335,26.84301959912247,127007600
2017-01-09,27.35101318359375,27.452152042252223,27.10966148046446,27.111958815476992,134247600
2017-01-10,27.378597259521484,27.44065862560375,27.192411407583823,27.30044402604622,97848400
2017-01-11,27.525705337524414,27.567080163085443,27.261366271645112,27.293546496671386,110354400
2017-01-12,27.410776138305664,27.422269827680637,27.17172177957063,27.330325573753196,108344800
2017-01-13,27.362506866455078,27.49582595216352,27.309638348435918,27.378596979992935,104447600
2017-01-17,27.583175659179688,27.638341519464547,27.174025500825763,27.201607554122653,137759200
2017-01-18,27.580869674682617,27.698098632959226,27.51650922815919,27.583168763112923,94852000
2017-01-19,27.532602310180664,27.60385827599191,27.43836071865845,27.44525623100266,102389200
2017-01-20,27.583175659179688,27.68661186642518,27.521114285570608,27.68661186642518,130391600
2017-01-23,27.601558685302734,27.769355317601576,27.530300971624104,27.58316948476046,88200800
2017-01-24,27.576282501220703,27.606163646074922,27.468248106737498,27.47974179905363,92844000
2017-01-25,28.01530647277832,28.065875899766148,27.647531213354256,27.67971143894819,129510400
2017-01-26,28.029096603393555,28.14402647071442,27.950943381696252,27.96703349297355,105350400
2017-01-27,28.03139305114746,28.12333729283309,27.950942497306496,28.075066960528506,82251600
2017-01-30,27.957841873168945,27.957841873168945,27.73487937990102,27.79694074324554,121510000
2017-01-31,27.89348030090332,27.90267490134263,27.725683665535442,27.847509052397502,196804000
2017-02-01,29.594436645507812,29.994393789820663,29.194481254885314,29.19907767730358,447940000
2017-02-02,29.543869018554688,29.741548514621066,29.371474231544973,29.41744722696184,134841600
2017-02-03,29.670299530029297,29.695584245022474,29.458828962532614,29.493306525077063,98029200
2017-02-06,29.948427200317383,29.996699294153608,29.62892226767109,29.6817925388683,107383600
2017-02-07,30.23345184326172,30.36217273870168,29.98520289889264,30.00588943407806,152735200
2017-02-08,30.350683212280273,30.392059795706793,30.16220002021809,30.192082913393808,92016400
2017-02-09,30.569997787475586,30.576923196246266,30.269883824588764,30.39223740965527,113399600
2017-02-10,30.50074005126953,30.690043950455642,30.484581938400783,30.579233887993837,80262000
2017-02-13,30.770837783813477,30.89319487594774,30.646176919165736,30.722359928568,92141600
2017-02-14,31.170228958129883,31.186387072747426,30.761612185180123,30.812400869844556,132904800
2017-02-15,31.28334617614746,31.45879927598579,31.077884142854206,31.28565699435927,142492400
2017-02-16,31.24640655517578,31.373374722183783,31.128667569101108,31.320278751111992,90338400
2017-02-17,31.331829071044922,31.357223414474387,31.188699238581894,31.188699238581894,88792800
2017-02-21,31.55806541442871,31.56960893757079,31.391848544431117,31.44956263755282,98028800
2017-02-22,31.65272331237793,31.655030608403848,31.421866896569643,31.495739117881833,83347600
2017-02-23,31.518810272216797,31.738123052108,31.46571430968447,31.715039535722788,83152800
2017-02-24,31.548828125,31.548828125,31.230245250034194,31.37568587079479,87106400
2017-02-27,31.61115264892578,31.728891620779727,31.46109745735582,31.65963402367524,81029600
2017-02-28,31.625009536743164,31.72889417948358,31.558059229194278,31.64578576077365,93931600
2017-03-01,32.271419525146484,32.354527982718146,31.76584689105763,31.83279370732303,145658400
2017-03-02,32.07980728149414,32.38453590142922,32.033633182865024,32.31989639045544,104844000
2017-03-03,32.269107818603516,32.28065134330321,31.994388134660955,32.0382514149663,84432400
2017-03-06,32.16751480102539,32.26678483808141,31.996683399830648,32.17444020796099,87000000
2017-03-07,32.20907974243164,32.315271693433274,32.0405520664607,32.10288426884158,69785200
2017-03-08,32.089019775390625,32.27370548580954,32.047467339904514,32.077476258004396,74828800
2017-03-09,32.01515197753906,32.04054631301657,31.638858580574993,32.02900631537136,88623600
2017-03-10,32.1213493347168,32.1721380086802,32.00592117072506,32.1467436716985,78451200
2017-03-13,32.13520812988281,32.18830411217798,32.04748509882751,32.05441050857954,69686800
2017-03-14,32.08671569824219,32.239078166222065,32.052085142611126,32.15828058159084,61236400
2017-03-15,32.42607498168945,32.49302175365911,32.09594866605252,32.18367518060828,102767200
2017-03-16,32.47916793823242,32.555350927106936,32.37989791421278,32.48609334425856,76928000
2017-03-17,32.31757736206055,32.550740976098126,32.294490321127455,32.550740976098126,175540000
2017-03-20,32.65694046020508,32.66617316416422,32.37298461657809,32.412229772933976,86168000
2017-03-21,32.28294372558594,32.966279914613274,32.257549392013594,32.806988506076536,158119600
2017-03-22,32.647708892822266,32.68926487303964,32.26448645594441,32.2852662073475,103440800
2017-03-23,32.53226852416992,32.684634523614065,32.46070363665184,32.61075881870024,81385200
2017-03-24,32.46763610839844,32.72157949606167,32.40068931851718,32.666172705320164,89582400
2017-03-27,32.52303695678711,32.60152725405525,32.001299459750086,32.179059798635386,94300400
2017-03-28,33.19713592529297,33.252539181636585,32.46301107545243,32.529961373650984,133499200
2017-03-29,33.27101135253906,33.35643058537808,33.05631666809547,33.16943400921991,116760000
2017-03-30,33.22715377807617,33.358743592432035,33.12788723539098,33.28717868536346,84829200
2017-03-31,33.164825439453125,33.30564795960182,33.014766692278144,33.178676257404064,78646800
2017-04-03,33.17404556274414,33.271004774217744,33.023990395065574,33.17635637991859,79942800
2017-04-04,33.42107009887695,33.44877172977211,33.0516985815315,33.07016750965756,79565600
2017-04-05,33.247928619384766,33.58036228806485,33.19944724162395,33.29409917945968,110871600
2017-04-06,33.164825439453125,33.3633620494564,33.11634405403635,33.310262550526474,84596000
2017-04-07,33.0909423828125,33.28486083634301,33.07478427297881,33.1809762021365,66688800
2017-04-10,33.05168914794922,33.215598636667686,32.989356973638046,33.150959167969745,75733600
2017-04-11,32.6961784362793,33.09325154850054,32.333732359535915,32.99859962141102,121517600
2017-04-12,32.735416412353516,32.81621398496325,32.553038005225446,32.689245867635556,81400000
2017-04-13,32.56228256225586,32.86932187096987,32.56228256225586,32.76081912568794,71291600
2017-04-17,32.742347717285156,32.753891236191194,32.520724131086446,32.66154660753031,66328400
2017-04-18,32.5969123840332,32.79083085160347,32.57613616020524,32.645393762219754,58790000
2017-04-19,32.47685623168945,32.781588178841524,32.42376027941425,32.75388655549566,69313600
2017-04-20,32.88317108154297,32.993981116340386,32.58767530702486,32.601526121051094,93278400
2017-04-21,32.84392547607422,32.93857387812894,32.746966256655696,32.8831706227969,69283600
2017-04-24,33.160194396972656,33.23175927687544,33.05399896310629,33.12787466015891,68537200
2017-04-25,33.365665435791016,33.451081151540144,33.21329941100493,33.222535636949104,75486000
2017-04-26,33.16944122314453,33.381832181324775,33.10018713089948,33.35181972629284,80164800
2017-04-27,33.19483184814453,33.280251089997954,33.08402179036965,33.224844299816404,56985200
2017-04-28,33.162506103515625,33.31256481214759,33.074783104828754,33.264083439183395,83441600
2017-05-01,33.838932037353516,33.982061880251045,33.46494579102684,33.49726554660336,134411600
2017-05-02,34.053611755371094,34.18750883290929,33.89893845612549,34.0605371626069,181408800
2017-05-03,33.94972610473633,34.04899614311443,33.305638593035376,33.61036707002252,182788000
2017-05-04,33.82737731933594,33.96819981973374,33.66116048206023,33.82507002419722,93487600
2017-05-05,34.38835525512695,34.39296984476421,33.880468588027576,33.880468588027576,109310800
2017-05-08,35.32331848144531,35.48260987982308,34.404511464349625,34.404511464349625,195009600
2017-05-09,35.549564361572266,35.755026336086395,35.424899981815805,35.52185920907765,156521600
2017-05-10,35.38104248046875,35.53802662820742,35.11555909039869,35.466461724236616,103222800
2017-05-11,35.6870231628418,35.714842670163364,35.306856242636485,35.33930938690545,109020400
2017-05-12,36.185428619384766,36.259605746800744,35.853939522534674,35.86089351769465,130108000
2017-05-15,36.09270095825195,36.312919047116495,35.942026354589,36.16456126267978,104038800
2017-05-16,36.03938293457031,36.17614953767241,35.865526004045456,36.14833356066949,80194000
2017-05-17,34.82933044433594,35.830747832802935,34.70415503934131,35.60589263781273,203070800
2017-05-18,35.36017608642578,35.54562416578141,35.03332778161628,35.06578093021892,134272800
2017-05-19,35.4807243347168,35.693988426847056,35.38104805196041,35.55490499482918,107843200
2017-05-22,35.69630432128906,35.833070917006374,35.44594993039589,35.69862114020477,91865600
2017-05-23,35.65224838256836,35.907236328189825,35.53866062441189,35.907236328189825,79675600
2017-05-24,35.545623779296875,35.73802585003768,35.3903120314495,35.661528385492936,76712000
2017-05-25,35.668487548828125,35.779758533636475,35.47376863110609,35.636034395874454,76942400
2017-05-26,35.60821533203125,35.75425627622943,35.53867185683554,35.69862078864725,87710400
2017-05-30,35.622127532958984,35.79830129211459,35.54331323574162,35.56417521962942,80507600
2017-05-31,35.41118240356445,35.73803431940695,35.32309728722757,35.69167317336722,97804800
2017-06-01,35.50853729248047,35.54331080037268,35.286002405334635,35.50622047347229,65616400
2017-06-02,36.034732818603516,36.034732818603516,35.44130194146482,35.60125082604754,111082800
2017-06-05,35.68239212036133,35.80293390712862,35.57344503933726,35.77743475102646,101326800
2017-06-06,35.80293273925781,36.11819341481537,35.647620988839236,35.67543696290587,106499600
2017-06-07,36.01620101928711,36.15760479926238,35.8098909341227,35.93506990636486,84278400
2017-06-08,35.92811584472656,36.055608098669595,35.79134570314363,35.98838497453833,85003200
2017-06-09,34.53493118286133,35.97446776937545,33.84877798018618,35.97446776937545,259530800
2017-06-12,33.70970153808594,33.86501331494328,33.03513575511516,33.78388219772866,289229200
2017-06-13,33.980926513671875,34.18028266533388,33.647120535342054,34.11305952056469,136661600
2017-06-14,33.649444580078125,34.19187758574765,33.34345455403082,34.19187758574765,126124800
2017-06-15,33.447750091552734,33.49179440836366,32.965590036801295,33.22289840705595,128661600
2017-06-16,32.9794921875,33.496425655314404,32.96326384749294,33.329522767002864,201444400
2017-06-19,33.92295837402344,34.015684178746284,33.30171139945538,33.30171139945538,130165600
2017-06-20,33.614654541015625,34.04581984224662,33.59842973452533,34.04581984224662,99600400
2017-06-21,33.81401824951172,33.860382934814176,33.52193983260215,33.73288712449016,85063200
2017-06-22,33.75837326049805,34.00640725294083,33.640148310575654,33.79082640541002,76425200
2017-06-23,33.909053802490234,34.11304705629635,33.637837428477,33.642474603462084,141757600
2017-06-26,33.80241394042969,34.37266250220342,33.70041734248586,34.11535418907318,102769600
2017-06-27,33.317955017089844,33.881253545315374,33.29245584853429,33.6146706854837,99047600
2017-06-28,33.80473709106445,33.869643386073044,33.18580693265038,33.49411360250508,88329600
2017-06-29,33.30635070800781,33.64247694381055,32.981819179038446,33.54511748511974,125997600
2017-06-30,33.385162353515625,33.60306356993053,33.329526871517864,33.48483861282625,92096400
2017-07-03,33.264610290527344,33.68186743365266,33.17188805300022,33.5845080231112,57111200
2017-07-05,33.40139389038086,33.563659657502356,33.08381635064818,33.308671605490986,86278400
2017-07-06,33.08613204956055,33.264626155915046,33.01195493158579,33.153358710388744,96515200
2017-07-07,33.4222526550293,33.55438561225656,33.125537127404115,33.125537127404115,76806800
2017-07-10,33.62623977661133,33.832549809570395,33.23448168841178,33.406021758506526,84362400
2017-07-11,33.735198974609375,33.809379630463184,33.468619759032514,33.54975087210322,79127200
2017-07-12,33.783878326416016,33.88587141604451,33.570614260074045,33.81401112095547,99538000
2017-07-13,34.254451751708984,34.42135468439262,33.71433580804226,33.72824379624453,100797600
2017-07-14,34.548851013183594,34.61607768026899,34.15245915410795,34.30081694099434,80528400
2017-07-17,34.66939163208008,34.9800151850504,34.439902733258485,34.497855047042286,95174000
2017-07-18,34.789920806884766,34.8015119728598,34.46306902687598,34.58592760453138,71475200
2017-07-19,35.00782775878906,35.10055002760471,34.759790207159064,34.882648805047324,83692000
2017-07-20,34.850189208984375,35.174724164046715,34.81541924889388,35.11908869077476,68974800
2017-07-21,34.833980560302734,34.87338771238873,34.511765811243066,34.769074246616526,105010400
2017-07-24,35.255859375,35.336994007540355,34.74819667551784,34.905828766334864,85972800
2017-07-25,35.40653991699219,35.66152792505456,35.188638694216536,35.188638694216536,75415600
2017-07-26,35.57343673706055,35.6823837926581,35.48071094690796,35.54793758690949,63124000
2017-07-27,34.90120315551758,35.69631079161386,34.14550620802876,35.640675293399276,129905200
2017-07-28,34.655479431152344,34.82469917644037,34.58361913673393,34.74588488818327,68854800
2017-07-31,34.476985931396484,34.847882115795706,34.3379025150929,34.74820230717305,79383600
2017-08-01,34.7829704284668,34.82237756717428,34.40280349002849,34.56275240057083,141474400
2017-08-02,36.42649459838867,37.03151670290718,36.199322591170265,36.92256610475473,279747200
2017-08-03,36.06256103515625,36.442728003738814,35.93506526032993,36.40563768067518,108389200
2017-08-04,36.25262451171875,36.48675042615139,36.09035885136315,36.17844744003881,82239600
2017-08-07,36.81362533569336,36.8391244939229,36.31755369687816,36.40795916021411,87481200
2017-08-08,37.108028411865234,37.51369463486603,36.68845419858787,36.76495168223776,144823600
2017-08-09,37.33519744873047,37.38387894784038,36.88317011611761,36.9179400889615,104526000
2017-08-10,36.14600372314453,37.23512955823391,35.98542665876166,37.211856181852546,163217200
2017-08-11,36.6486701965332,36.90233718028284,36.320538361530964,36.4438794270249,105028400
2017-08-14,37.200218200683594,37.28399737332113,36.94422529789718,37.0768771341642,88490800
2017-08-15,37.60747528076172,37.747104860028465,37.267703224278414,37.388718367124,117862000
2017-08-16,37.45621109008789,37.819253022132784,37.270034738751946,37.68660472435571,110686400
2017-08-17,36.73711013793945,37.400362308938035,36.732454752422,37.35614502406897,111762400
2017-08-18,36.65332794189453,37.11876702687097,36.47180698283519,36.73710711923103,109712400
2017-08-21,36.585838317871094,36.74408589137797,36.09712589188919,36.653325418097694,105474000
2017-08-22,37.183929443359375,37.23512802848002,36.77434431341276,36.823213430379774,86418400
2017-08-23,37.2304573059082,37.344491116885266,36.97446803677965,37.018685301260895,77596400
2017-08-24,37.06524658203125,37.40734463100248,36.89768820902417,37.33519858208151,79275600
2017-08-25,37.20254898071289,37.36545196240876,37.065245292642,37.15367631069479,101920400
2017-08-28,37.577232360839844,37.70057345906265,37.218842204818785,37.26771488101043,103864000
2017-08-29,37.91232681274414,37.96119590913995,37.235112354551646,37.25838572018005,118067600
2017-08-30,38.014732360839844,38.1403993304265,37.84251864968543,38.11945542733169,109078400
2017-08-31,38.16600036621094,38.287015507998596,38.044985224423286,38.0822211989761,107140400
2017-09-01,38.17764663696289,38.38476691476252,38.07990484248632,38.35218631660367,66364400
2017-09-05,37.71916961669922,38.22417040691202,37.365435051525516,38.10781067964593,117874000
2017-09-06,37.67961120605469,37.93094866622109,37.35613127650131,37.86578749703174,86606800
2017-09-07,37.52834701538086,37.756414692589225,37.31890087616771,37.721504635375084,87714000
2017-09-08,36.91630554199219,37.50275628603585,36.89303216520465,37.43526917498196,114446000
2017-09-11,37.58420181274414,37.71219825667535,37.20952325015532,37.35148229687576,126323200
2017-09-12,37.43526077270508,38.15669267896989,36.9488778457744,37.84251991794729,286856000
2017-09-13,37.153663635253906,37.225809657051606,36.748734011902265,37.204862205036804,179629600
2017-09-14,36.83485412597656,37.095498914209934,36.790636838468636,37.000086587029514,95042800
2017-09-15,37.20720291137695,37.46086636945778,36.769689019627606,36.87906749256494,196458400
2017-09-18,36.92560958862305,37.35148677989925,36.769687920399264,37.260726299857986,113077600
2017-09-19,36.93956756591797,37.181597849722785,36.87208046911773,37.12108850326259,83242400
2017-09-20,36.3205451965332,36.830198074813886,35.79925207846514,36.746418887106856,211805600
2017-09-21,35.696861267089844,36.257716386209836,35.54792085693137,36.257716386209836,150046800
2017-09-22,35.347774505615234,35.436209076440605,35.038257058745195,35.26632123764253,186581600
2017-09-25,35.035926818847656,35.333807540538785,34.712446806182214,34.90560444698507,177549200
2017-09-26,35.63865661621094,35.82017750407313,35.301214122160296,35.32215802052508,146640000
2017-09-27,35.892337799072266,36.006371665189434,35.73176072979134,35.79227008982112,102016800
2017-09-28,35.6712532043457,35.90397275998524,35.53627543595255,35.81321227532656,88022000
2017-09-29,35.86672592163086,35.86905538913401,35.373361749347154,35.65495388887849,105199200
2017-10-02,35.794593811035156,35.94353418263258,35.540930350989605,35.89931689948328,74795200
2017-10-03,35.950523376464844,36.09248247672777,35.81787504891847,35.841144878671145,64921200
2017-10-04,35.71778869628906,35.80622324467119,35.48041735750207,35.75269875271151,80655200
2017-10-05,36.16229248046875,36.17392916873495,35.85044912063934,35.88070024890902,85135200
2017-10-06,36.1413459777832,36.185563259409385,35.9691322364545,36.06454810196169,69630400
2017-10-09,36.26701736450195,36.4741376422052,36.18556764465215,36.26003606140108,65051600
2017-10-10,36.28096389770508,36.769676204372644,36.094791162800576,36.3181998650929,62468000
2017-10-11,36.43223571777344,36.532303390821,36.246059421456515,36.29725799171911,67622400
2017-10-12,36.30424499511719,36.62306960009468,36.24140973064828,36.38569824724422,64500400
2017-10-13,36.534645080566406,36.602132190661905,36.39966730935674,36.4741357221856,65576800
2017-10-16,37.20720291137695,37.23512812114188,36.68823575645519,36.74641564414448,96486000
2017-10-17,37.344486236572266,37.43757258572378,37.05591287257602,37.1839092659218,75989200
2017-10-18,37.17926025390625,37.40034658530376,37.14202783847575,37.33285595224014,65496800
2017-10-19,36.299591064453125,36.55558396623373,36.07618230564295,36.47878609569955,170336800
2017-10-20,36.3624267578125,36.7115060546875,36.294939656198025,36.44620593110323,95896400
2017-10-23,36.34381866455078,36.69755344264754,36.187896962282544,36.511377056753496,87937200
2017-10-24,36.56024169921875,36.63471010659891,36.35079197948656,36.371735886154255,71028800
2017-10-25,36.399662017822266,36.66496213617895,36.13436189946558,36.516021781154464,84828400
2017-10-26,36.632381439208984,36.73012321400495,36.485767001505955,36.590490078000336,68002000
2017-10-27,37.944915771484375,38.07291220866558,36.9325845104359,37.069888165313095,177816800
2017-10-30,38.79899978637695,39.11317256791725,38.10084120608133,38.140403099509236,178803200
2017-10-31,39.33891677856445,39.48087586634597,38.85020778449457,39.07361659577822,144187200
2017-11-01,38.83856964111328,39.548365053447924,38.5406888698743,39.532072978746015,134551200
2017-11-02,39.122474670410156,39.21323513193892,38.463878069668525,38.77106950931524,165573600
2017-11-03,40.14411544799805,40.5537005069561,39.82296138808833,40.49319471276325,237594400
2017-11-06,40.55137252807617,40.72358623496925,39.9625924821947,40.113858735493494,140105200
2017-11-07,40.681697845458984,40.78409500021298,40.40010922090348,40.47225170238434,97446000
2017-11-08,41.01449203491211,41.01449203491211,40.569996871813196,40.6467947443134,97638000
2017-11-09,40.93071365356445,40.981912236223316,40.293060838370266,40.75151861425842,117930400
2017-11-10,40.79523849487305,40.961064873351376,40.70181749198398,40.89800373632071,100582000
2017-11-13,40.63176345825195,40.75554793191091,40.498634742929674,40.521991783303974,67928400
2017-11-14,40.01750946044922,40.51731947358667,39.98013962153816,40.41455419847325,99130000
2017-11-15,39.48966979980469,39.77928067598578,39.32618122606682,39.69753460722504,116632400
2017-11-16,39.96146011352539,40.14129578950477,39.77461447411509,39.98014147006068,94550000
2017-11-17,39.73957824707031,40.02918916149896,39.62046589128432,39.947443081942396,87598000
2017-11-20,39.69987106323242,39.83533404998422,39.60177791360881,39.77227289530339,65049600
2017-11-21,40.43791198730469,40.56870286213054,39.88671932640713,39.88671932640713,100525200
2017-11-22,40.86297607421875,40.87231674998271,40.41688307609669,40.489284895562776,102355600
2017-11-24,40.86531066894531,40.98909511553058,40.79057100712156,40.895674102034114,56106800
2017-11-27,40.6597900390625,40.891011914737895,40.48462292337074,40.88400551521295,82867200
2017-11-28,40.42156219482422,40.84196038887473,40.13895770201275,40.70883524443442,105715200
2017-11-29,39.58308792114258,40.386521497492396,39.041239607375275,40.31879179469024,166665600
2017-11-30,40.136619567871094,40.20434927278445,39.34019236478628,39.80496675026274,166108800
2017-12-01,39.94977569580078,40.094579352171586,39.35420686724889,39.692862534061966,159037200
2017-12-04,39.65782165527344,40.31644792376654,39.618117550770556,40.28375021630636,130169600
2017-12-05,39.620460510253906,40.05954716131824,39.33084963515859,39.48499753144079,109400800
2017-12-06,39.47332763671875,39.75126005364587,38.87776224477137,39.120659097370506,114240000
2017-12-07,39.545719146728516,39.80730082895225,39.44996029384907,39.477985884435,102693200
2017-12-08,39.55739974975586,39.9380973739062,39.428946732036295,39.81898503312158,93420800
2017-12-11,40.32814025878906,40.37952289723063,39.42194125040226,39.51770012784191,141095200
2017-12-12,40.10158157348633,40.262735852355064,40.04553039042469,40.206681105510164,77636800
2017-12-13,40.234710693359375,40.5313243770046,40.17164954795385,40.28842759896534,95273600
2017-12-14,40.22304153442383,40.435578492024916,40.08991281467893,40.265079931953295,81906000
2017-12-15,40.63176345825195,40.67847397521654,40.279094956817715,40.55235522303376,160677200
2017-12-18,41.2039680480957,41.386141526801474,40.83962109068416,40.84429321069244,117684400
2017-12-19,40.76488494873047,40.963409082730685,40.659785404053046,40.87932873423201,109745600
2017-12-20,40.720516204833984,40.970419432330885,40.463603014151154,40.841962836989474,93902400
2017-12-21,40.874656677246094,41.11055064734147,40.66212330924727,40.678470385039326,83799600
2017-12-22,40.874656677246094,40.97041554503167,40.75554433493134,40.79758272735407,65397600
2017-12-26,39.83766555786133,40.047864621663386,39.62979720830644,39.89138246282705,132742000
2017-12-27,39.84468078613281,39.88671918269649,39.63681595429407,39.727902710632755,85992800
2017-12-28,39.956787109375,40.13662634516373,39.8166519919685,39.93810218946852,65920800
2017-12-29,39.524696350097656,39.84233277695567,39.52236207214556,39.82598570372476,103999600
2018-01-02,40.23236846923828,40.24171270802003,39.53170023948906,39.74190284668357,102223600
2018-01-03,40.225372314453125,40.767224260711025,40.16231472364331,40.29543986802562,118071600
2018-01-04,40.412208557128906,40.51497380334749,40.19033099212951,40.29776479406131,89738400
2018-01-05,40.87232971191406,40.958744354322555,40.41689589359532,40.50798265725906,94640000
2018-01-08,40.720516204833984,41.014795671065556,40.622419485639426,40.720516204833984,82271200
2018-01-09,40.7158317565918,40.88632669672445,40.500960591160094,40.767214379171435,86336000
2018-01-10,40.70649719238281,40.70883503455394,40.405211346362094,40.44258118326222,95839600
2018-01-11,40.93772506713867,40.98677343075358,40.75321726146878,40.77657074012666,74670800
2018-01-12,41.360443115234375,41.42350425128343,41.02412180801642,41.14790623861987,101672400
2018-01-16,41.150245666503906,41.89762439814346,41.13856714992863,41.54962456138467,118263600
2018-01-17,41.82989501953125,41.86492700573836,40.88866430974894,41.140901738006,137547200
2018-01-18,41.86726379394531,42.063453619817594,41.63137342384646,41.89295510663197,124773600
2018-01-19,41.680423736572266,41.942005431691854,41.43518911550599,41.71545572653174,129700400
2018-01-22,41.339439392089844,41.52161290769802,41.24601835570046,41.40950695127393,108434400
2018-01-23,41.34877395629883,41.909310783105305,41.297394888530555,41.40950082837842,130756400
2018-01-24,40.690155029296875,41.40950843945654,40.451926745023115,41.397829918542136,204420400
2018-01-25,39.96379470825195,40.86064950797437,39.828331707702596,40.75788422729664,166116000
2018-01-26,40.05720520019531,40.171648971506336,39.71854956987821,40.171648971506336,156572000
2018-01-29,39.22809600830078,39.74191887120787,39.02023115887901,39.74191887120787,202561600
2018-01-30,38.996864318847656,39.09028533816567,38.466690946570125,38.66054294724928,184192800
2018-01-31,39.10429382324219,39.34018775125438,38.88708837357323,38.97350298510393,129915600
2018-02-01,39.18603515625,39.382221389812926,38.9478069790478,39.04356581820921,188923200
2018-02-02,37.485755920410156,38.95716013658482,37.392334901262075,38.77031453450521,346375200
2018-02-05,36.5491943359375,38.275173723461506,36.43475056721955,37.15877588220961,290954000
2018-02-06,38.076663970947266,38.237818306328975,35.96765193787465,36.16150399610305,272975200
2018-02-07,37.26153564453125,38.163062260948806,37.15176756499472,38.090660445947215,206434400
2018-02-08,36.236228942871094,37.60253360818496,36.20820335015767,37.436707202469265,217562000
2018-02-09,36.67946243286133,37.026533888766004,35.232545926564505,36.834238847176806,282690400
2018-02-12,38.15685272216797,38.43357083958652,36.937406518800216,37.169571058398745,243278000
2018-02-13,38.53910827636719,38.63525757586731,37.90828012945707,37.97863336270872,130196800
2018-02-14,39.24966049194336,39.28952648112908,38.19672031477499,38.234238930394085,162579600
2018-02-15,40.56760025024414,40.591048937964494,39.63191065718639,39.8171706769248,204588800
2018-02-16,40.43627166748047,40.99675003968103,40.28149888137807,40.41985794427395,160704400
2018-02-20,40.30026626586914,40.865428738385795,40.19942580241765,40.347167225893934,135722000
2018-02-21,40.11733627319336,40.83258371974175,40.103262769524854,40.53006958965306,149886400
2018-02-22,40.452701568603516,40.79273805453179,40.26744149529841,40.288546393843085,123967600
2018-02-23,41.156211853027344,41.191386671149125,40.696573952461684,40.727061180375976,135249600
2018-02-26,41.969947814941406,42.06844086468591,41.32270624020072,41.35553725678223,152648800
2018-02-27,41.83394241333008,42.32406398260265,41.780006497336466,42.00044490832769,155712400
2018-02-28,41.770626068115234,42.35689694186854,41.75421234437313,42.03796544341421,151128400
2018-03-01,41.038963317871094,42.15991300108843,40.490214610015975,41.869121344243176,195208000
2018-03-02,41.322723388671875,41.34382828416562,40.4409695860293,40.523048950701295,153816000
2018-03-05,41.46576690673828,41.681514152796034,40.92639700243722,41.088208331558874,113605600
2018-03-06,41.430599212646484,41.801122919535736,41.303966249227905,41.721390921149435,95154000
2018-03-07,41.04599380493164,41.238292358234624,40.86776875758587,41.024888913465674,126814000
2018-03-08,41.49390411376953,41.5361138952039,41.055374685629104,41.1515203805562,95096400
2018-03-09,42.206809997558594,42.21150116628257,41.599434256238936,41.73310572752255,128740800
2018-03-12,42.61487579345703,42.771996025460396,42.260769322373186,42.27952684944421,128828400
2018-03-13,42.20447540283203,43.03228973656736,42.033285279377445,42.81888624202116,126774000
2018-03-14,41.84566879272461,42.333446569678834,41.69792739335634,42.286545617307205,117473600
2018-03-15,41.89491653442383,42.267787541462646,41.75890483631969,41.859741712209576,90975200
2018-03-16,41.74716567993164,42.00512264509902,41.65336021943333,41.894903465458775,157618800
2018-03-19,41.109317779541016,41.61820051060324,40.72472419771771,41.58302568659741,133787200
2018-03-20,41.09526062011719,41.461093216713735,41.024907371929814,41.09526062011719,78597600
2018-03-21,40.164241790771484,41.06006173079245,40.161894417403104,41.048335598889736,148219600
2018-03-22,39.596736907958984,40.494900752679506,39.538109819601516,39.866420083077934,165963200
2018-03-23,38.6797981262207,39.84764841456468,38.6797981262207,39.488851015264345,164115200
2018-03-26,40.51600646972656,40.593394650495185,39.03156826403004,39.41381799919569,150164800
2018-03-27,39.477142333984375,41.07414393053354,39.1441408426636,40.72941630380633,163690400
2018-03-28,39.04095458984375,39.87111626930547,38.7384403503099,39.22152704663509,166674000
2018-03-29,39.3458137512207,40.27681225973409,39.139445242034746,39.35284871600534,153594000
2018-04-02,39.087852478027344,39.61784367192837,38.569590996327946,39.078473717905176,150347200
2018-04-03,39.48885726928711,39.573280410628975,38.66573432493875,39.31297602301765,121112000
2018-04-04,40.24397659301758,40.33777849821083,38.639940397345,38.66573645802015,138422000
2018-04-05,40.52305221557617,40.85839750981913,40.35420588139473,40.47146008133661,107732800
2018-04-06,39.48651885986328,40.448000990287476,39.444305494278204,40.09389465436021,140021200
2018-04-09,39.87814712524414,40.59105096146025,39.83124616915198,39.83828113365013,116070800
2018-04-10,40.628570556640625,40.80445181446158,40.22521591910616,40.5699434707003,113634400
2018-04-11,40.438621520996094,40.78569288629012,40.26508404919231,40.38937319172964,89726400
2018-04-12,40.8372917175293,41.03896908014141,40.57933105198561,40.66610159129438,91557200
2018-04-13,40.975643157958984,41.235947570635815,40.76927824238423,40.98736929116872,100497200
2018-04-16,41.23125076293945,41.31801768833088,40.99908625921456,41.04598720325553,86313600
2018-04-17,41.798770904541016,41.962926039032276,41.36962018116944,41.38838127915609,106421600
2018-04-18,41.7049674987793,41.93478827686572,41.479841468316096,41.69793253397193,83018000
2018-04-19,40.52305221557617,41.1304281124797,40.490221182725016,40.74817827560862,139235200
2018-04-20,38.86272430419922,40.152520237693295,38.79471487839581,40.00712620479609,261964400
2018-04-23,38.75015640258789,39.14412866582664,38.48046968538976,39.12302377564878,146062000
2018-04-24,38.21078872680664,39.0057718403514,37.80743410382036,38.85099548025622,134768000
2018-04-25,38.377288818359375,38.79236958650734,38.08650076378324,38.135745511852214,113528400
2018-04-26,38.510955810546875,38.865062078325884,38.31162231129064,38.487503547700406,111852000
2018-04-27,38.06538772583008,38.53674810518661,37.66906813929116,38.45935993932582,142623200
2018-04-30,38.754852294921875,39.22386903924131,37.9528340915333,38.020843523315335,169709600
2018-05-01,39.65536117553711,39.678809862224035,38.75719381639185,39.02453317715288,214277600
2018-05-02,41.407135009765625,41.683853104628085,40.75754597352116,41.09289114729308,266157600
2018-05-03,41.482181549072266,41.62523178453475,40.907636811934324,41.24532940570239,136272800
2018-05-04,43.109676361083984,43.20816945228311,41.782358058055685,41.80111915804322,224805200
2018-05-07,43.421573638916016,44.01018839996743,43.325424341797856,43.426261230253004,169805600
2018-05-08,43.63027572631836,43.67014171321646,43.072144753118614,43.38169746782833,113611200
2018-05-09,43.937477111816406,43.94685586976027,43.43562947146801,43.747525953215835,92844800
2018-05-10,44.56595993041992,44.643348106063584,44.00548518407308,44.026593652567186,111957200
2018-05-11,44.39646530151367,44.74252214151275,44.12809505744413,44.60833881553374,104848800
2018-05-14,44.29288864135742,44.61775924769171,44.224620553416436,44.4953436639537,83115200
2018-05-15,43.89033889770508,44.0386500297141,43.574886781090854,43.970378343631864,94780800
2018-05-16,44.299949645996094,44.365868491092186,43.786751806031575,43.80323241533357,76732400
2018-05-17,44.01982116699219,44.47181311070607,43.87151001954558,44.2575866959749,69176000
2018-05-18,43.8597297668457,44.21284873798185,43.81735721452309,44.06689404605473,73190800
2018-05-21,44.170475006103516,44.55655159388453,44.00097761711557,44.2575765338486,73603200
2018-05-22,44.05983352661133,44.46474358200202,43.970375567921366,44.34703725408873,60962800
2018-05-23,44.342323303222656,44.37528092786658,43.73024902599362,43.86914520823956,80233600
2018-05-24,44.29288864135742,44.455323944524565,43.836191117930454,44.43884692692997,92936000
2018-05-25,44.39411544799805,44.64600510130118,44.17517982802782,44.311719588330504,69844000
2018-05-29,44.234046936035156,44.43414917712166,43.99157213120586,44.16342599646382,90056400
2018-05-30,44.139862060546875,44.257568359375,43.97036470286548,44.191653119400144,74762000
2018-05-31,43.991554260253906,44.31171556066353,43.81970405692057,44.073950112432165,109931200
2018-06-01,44.784908294677734,44.78961396182632,44.198729444569345,44.25522977936332,93770000
2018-06-04,45.159217834472656,45.53352315842326,45.046220746360014,45.114488847564225,105064800
2018-06-05,45.50761795043945,45.65592906665708,45.28397665552099,45.451121214441805,86264000
2018-06-06,45.66534423828125,45.6888869398152,45.18039476042203,45.58295196713627,83734400
2018-06-07,45.542938232421875,45.71714131505994,45.27927359062222,45.70301712912846,85388800
2018-06-08,45.128597259521484,45.19922176194681,44.67425263998206,45.003828861818356,106627200
2018-06-11,45.01795959472656,45.19216624711074,44.777841280495316,45.046211555074656,73234000
2018-06-12,45.26515197753906,45.34283859669024,44.999134487001314,45.05563482605106,67644400
2018-06-13,44.8931999206543,45.40640146025285,44.83199391352035,45.298110040740724,86553600
2018-06-14,44.9167366027832,45.09800535821275,44.78019682784647,45.093296099183995,86440400
2018-06-15,44.455326080322266,44.766072517330024,44.31878630576844,44.73546772189716,246876800
2018-06-18,44.43178176879883,44.54477882716092,44.06924430139088,44.22932676017291,73939600
2018-06-19,43.713775634765625,43.86443958736214,43.18645000462183,43.58429795860175,134314000
2018-06-20,43.90445327758789,44.069241391842866,43.723184555851674,43.869142821715926,82514800
2018-06-21,43.65963363647461,44.33997608225244,43.53721804711214,44.081020718622625,102847600
2018-06-22,43.532493591308594,43.8220500571134,43.48070253666241,43.81498796712628,108801600
2018-06-25,42.8851203918457,43.532505154775784,42.546125613973516,43.174676934564935,126652400
2018-06-26,43.41716003417969,43.91152811252894,42.972230200510374,43.07816878309416,98276800
2018-06-27,43.35358428955078,44.08807043532732,43.32297950277305,43.60547389790933,101141200
2018-06-28,43.66904830932617,43.836192877993625,43.2688475068545,43.33947202308176,69460800
2018-06-29,43.577247619628906,44.06690649566092,43.05934036740119,43.8550328978544,90950800
2018-07-02,44.06454849243164,44.0928004597291,43.17939801288904,43.2735652503592,70925200
2018-07-03,43.29710388183594,44.24581678705579,43.2076459052671,44.20814989248861,55819200
2018-07-05,43.645503997802734,43.883273073933445,43.381842978525576,43.61254637039309,66416800
2018-07-06,44.250518798828125,44.35880661283061,43.59842471288167,43.650215786400146,69940800
2018-07-09,44.86494827270508,44.88848738506367,44.56362033446113,44.610702151290674,79026400
2018-07-10,44.81081008911133,45.029742181795555,44.77078676797384,44.89555880707909,63756400
2018-07-11,44.22932815551758,44.67661073672415,44.16576573663476,44.375282843511165,75326000
2018-07-12,44.97087478637695,45.060332735978456,44.56596477212301,44.617755838512124,72164400
2018-07-13,45.04149627685547,45.161555417926046,44.94026698401791,44.98264312282081,50055600
2018-07-16,44.942626953125,45.35224263855551,44.82727346896064,45.086228803977875,60172400
2018-07-17,45.06974792480469,45.168620799732764,44.54006949990387,44.669547166635304,62138000
2018-07-18,44.82255554199219,45.1521353221032,44.71191133771126,45.14742606452862,65573600
2018-07-19,45.17097473144531,45.328700755988756,44.6554205182641,44.6554205182641,81147200
2018-07-20,45.06739807128906,45.30045429470257,44.76842300145352,45.14743750979245,82704800
2018-07-23,45.107421875,45.189817746404486,44.62482518272859,44.88848622384331,63957600
2018-07-24,45.43464660644531,45.59001983518572,45.211005281986324,45.305168915828304,74791600
2018-07-25,45.863094329833984,45.87015642198545,45.30045464627953,45.44876576568423,66839600
2018-07-26,45.719482421875,46.13145447003089,45.57823342566279,45.813646024609014,76304000
2018-07-27,44.9591064453125,45.95019527251233,44.751945758003224,45.903113461401674,96096000
2018-07-30,44.707210540771484,45.24630384815853,44.5094648064374,45.17567934529309,84118000
2018-07-31,44.79667663574219,45.23219152416159,44.57303531146427,44.799033061459376,157492000
2018-08-01,47.435638427734375,47.49684440996498,46.4492590688169,46.87771172076464,271742800
2018-08-02,48.822227478027344,49.05528728580015,47.16492406575627,47.21906796740019,249616000
2018-08-03,48.963478088378906,49.140037574875436,48.37259004128553,48.73748036513408,133789600
2018-08-06,49.21772384643555,49.26009639869382,48.74689855230227,48.965830589860516,101701600
2018-08-07,48.756317138671875,49.318953263723905,48.67392126916684,49.27658070828396,102349600
2018-08-08,48.78927230834961,48.9211028192217,48.14659677179215,48.50677784332198,90102000
2018-08-09,49.172996520996094,49.384866473630254,48.77750139273708,49.32601330988609,93970400
2018-08-10,49.026519775390625,49.397415528202615,48.82335475260716,48.98635970869857,98444800
2018-08-13,49.34308624267578,49.83446227625625,49.06668789966988,49.44703165810567,103563600
2018-08-14,49.550987243652344,49.74233970464528,49.19899085182996,49.64784581924725,82992000
2018-08-15,49.66672897338867,49.78484809362196,49.21551306896723,49.425764958794105,115230400
2018-08-16,50.394351959228516,50.51010641019358,49.95730969640134,50.023456126869974,114001600
2018-08-17,51.40072250366211,51.48812950883822,50.35654979736229,50.42269622366473,141708000
2018-08-20,50.89989471435547,51.77869768428093,50.81720988532367,51.523563547511685,121150800
2018-08-21,50.80068588256836,51.30860042475476,50.56208648112297,51.216467625710436,104639200
2018-08-22,50.80304718017578,51.11251877669157,50.51719725085432,50.57862151592245,76072400
2018-08-23,50.906986236572266,51.27551736200739,50.696734319896585,50.708543349660324,75532800
2018-08-24,51.06526565551758,51.24007966949176,50.81721474938912,51.16921107177788,73905600
2018-08-27,51.48577117919922,51.67476252362456,51.105427405250616,51.29914091987179,82100400
2018-08-28,51.90154266357422,52.09998192790679,51.71727711744975,51.738537694761895,91107200
2018-08-29,52.6764030456543,52.79688685804126,51.83303438249338,52.0078483773928,109019200
2018-08-30,53.160701751708984,53.923750413942706,52.53939389969296,52.740197886722456,195175200
2018-08-31,53.77492904663086,54.06786225157614,53.38985943788561,53.510339681399174,173360400
2018-09-04,53.94736862182617,54.141082118508926,53.538677445708245,53.95918125564201,109560400
2018-09-05,53.595375061035156,54.25684293673854,53.177235919309275,54.09620264370011,133332000
2018-09-06,52.70476531982422,53.70877807859269,52.27953566575668,53.44418873566715,137160000
2018-09-07,52.2795295715332,53.24101745045913,52.14014985816449,52.409461340228574,150479200
2018-09-10,51.577911376953125,52.40947124911387,51.13850797001308,52.19685460431092,158066000
2018-09-11,52.881954193115234,52.98826072586101,51.15977466473182,51.50231953900643,142996000
2018-09-12,52.22520446777344,53.15361928773822,51.934628753608905,53.139445566015176,197114800
2018-09-13,53.4867057800293,53.9450085851955,52.57955171881712,52.80397734684011,166825600
2018-09-14,52.87957000732422,53.58828477062552,52.56773738592069,53.33078593842304,127997200
2018-09-17,51.47158432006836,52.66931021620188,51.32747886225964,52.48031892002024,148780400
2018-09-18,51.556644439697266,52.40946478981779,51.292055110199634,51.45033432804287,126286800
2018-09-19,51.58735275268555,51.88265060670735,50.86210309765727,51.61806488301106,108495200
2018-09-20,51.9795036315918,52.51103971221684,51.77161281099577,52.02911525185576,106435200
2018-09-21,51.41962432861328,52.29370523412945,51.332213714764634,52.15668660065999,384986800
2018-09-24,52.15904235839844,52.27007462582272,51.17629396428062,51.22117980915976,110773600
2018-09-25,52.48978805541992,52.638619336797795,51.90155339518817,51.9133660310406,98217600
2018-09-26,52.0716438293457,52.85831777335347,51.915725691677075,52.20866247111113,95938800
2018-09-27,53.14179992675781,53.493796258750265,52.80870308957469,52.87485312376238,120724800
2018-09-28,53.328426361083984,53.35204802436929,52.922096263594824,53.103997129259895,91717600
2018-10-01,53.687496185302734,54.19777160188622,53.472522146260154,53.85050113265933,94403200
2018-10-02,54.164710998535156,54.33480284363987,53.53868101635113,53.685147592248526,99152800
2018-10-03,54.823814392089844,55.15454651217673,54.28282676137159,54.34661210049897,114619200
2018-10-04,53.859954833984375,54.88995365100147,53.56229236005204,54.519057903231584,128168000
2018-10-05,52.98588180541992,53.95918596232943,52.10943981236538,53.85287945813357,134322000
2018-10-08,52.863037109375,53.1063622318355,52.01966478038702,52.49450599592842,118655600
2018-10-09,53.595375061035156,53.689872531684166,52.50395540918603,52.83232645968275,107564000
2018-10-10,51.11250686645508,53.47252823327348,51.03927358720979,53.26227633927173,167962400
2018-10-11,50.66128921508789,51.854293033147755,50.158104221367275,50.67782762194213,212497600
2018-10-12,52.47087478637695,52.652779237568915,51.2258982722889,52.07163159044692,161351600
2018-10-15,51.3487434387207,52.40472864854832,51.32748286247947,52.24644946201455,123164000
2018-10-16,52.4803352355957,52.678778140870236,51.20701098324297,51.7196476453891,116736000
2018-10-17,52.253543853759766,52.59608862651848,51.816501609567986,52.51576847933284,91541600
2018-10-18,51.032188415527344,51.91099500494613,50.318747882244416,51.466865935858664,130325200
2018-10-19,51.80942153930664,52.27008550819319,51.36529237714401,51.514123661211364,132314800
2018-10-22,52.1259765625,52.76618390607024,51.72201111053948,51.92281149157799,115168400
2018-10-23,52.61735153198242,52.74019644792127,50.720358416207795,50.987308828331614,155071200
2018-10-24,50.81248474121094,52.971702219608254,50.682552981710785,52.58663632017464,163702000
2018-10-25,51.9251708984375,52.298427786327714,51.20464347576049,51.431433794182205,119423200
2018-10-26,51.098331451416016,52.01729805036932,50.24078549646831,51.003833993665765,189033600
2018-10-29,50.13920974731445,51.89918406854014,48.68634228122267,51.78106493819332,183742000
2018-10-30,50.389625549316406,50.83375106190796,49.43758557487864,49.88171108747019,146640000
2018-10-31,51.70310592651367,52.07872389622704,51.17393092438422,51.23535517923457,153435600
2018-11-01,52.49687194824219,52.52994516393309,51.21882196206112,51.747997017825796,233292800
2018-11-02,49.01471710205078,50.47230685045314,48.530427909312415,49.50373206968647,365314800
2018-11-05,47.62326431274414,48.28473208313314,46.81532999205597,48.2634715073883,264654800
2018-11-06,48.13827133178711,48.362696958228696,47.64689531758217,47.70122910815629,127531600
2018-11-07,49.598228454589844,49.62421481077782,48.22332347597132,48.6580010661063,133697600
2018-11-08,49.4251708984375,49.81158038382015,49.01268077134279,49.77839177248752,101450400
2018-11-09,48.47218322753906,48.83725798808566,47.945904040896274,48.72821123325348,137463200
2018-11-12,46.03042984008789,47.37694685707779,45.9403449234574,47.17544226481076,204542000
2018-11-13,45.570533752441406,46.74399267153785,45.385625249664386,45.42829839038313,187531600
2018-11-14,44.283287048339844,46.10392577764723,44.0770401608399,45.96642905840981,243204000
2018-11-15,45.37614822387695,45.50890268674513,44.30699369850852,44.660218236508925,185915200
2018-11-16,45.87870788574219,46.22007848348282,44.913865338101395,45.16040876019914,147713200
2018-11-19,44.06045150756836,45.20783353297529,43.854208219357986,45.041890449513616,167701200
2018-11-20,41.9553337097168,43.019745978740524,41.60685143343039,42.28485054583868,271300800
2018-11-21,41.907928466796875,42.73527828898376,41.853405078608546,42.60726245219048,124496800
2018-11-23,40.843509674072266,41.86525241632078,40.798470823102626,41.47172767156233,94496000
2018-11-26,41.39586639404297,41.474097479199976,40.36227340474678,41.30578507376438,179994000
2018-11-27,41.30577850341797,41.43142136093944,40.50924821986047,40.65859516114247,165549600
2018-11-28,42.894100189208984,42.97706991484424,41.46935188841063,41.89606521990837,184250000
2018-11-29,42.564579010009766,43.335032251064035,42.12601187203321,43.30184364075627,167080000
2018-11-30,42.334632873535156,42.74949235818661,41.96718517795777,42.74000782999921,158126000
2018-12-03,43.813899993896484,43.84234634091446,42.95810408732895,43.7285573355553,163210000
2018-12-04,41.88658905029297,43.23784507191264,41.787023197888146,42.8964743680744,165377200
2018-12-06,41.4195671081543,41.43379028172995,40.40019746688139,40.71786040102842,172393600
2018-12-07,39.94266891479492,41.36504416362529,39.89762645314932,41.12798162215356,169126400
2018-12-10,40.205814361572266,40.32197270882044,38.719430996285325,39.115325064377515,248104000
2018-12-11,39.97584915161133,40.72496387659613,39.58943613242779,40.69414821241557,189126800
2018-12-12,40.087276458740234,40.75579093217634,40.06831102170334,40.39545486304984,142510800
2018-12-13,40.525840759277344,40.909884536388844,40.19395464798327,40.41679401583242,127594400
2018-12-14,39.22911071777344,40.08253736549948,39.181698930074774,40.06357192696252,162814800
2018-12-17,38.864036560058594,39.909483314980214,38.57718927162782,39.22199972246695,177151600
2018-12-18,39.36897277832031,39.715082017295266,38.97070588046719,39.20539906762815,135366000
2018-12-19,38.1410026550293,39.69613277653148,37.71428923942484,39.35239272020422,196189200
2018-12-20,37.17850875854492,38.43019834962624,36.815803457566034,38.024819921733545,259092000
2018-12-21,35.73242950439453,37.493805755071484,35.471662925552984,37.18562378254359,382978400
2018-12-24,34.807891845703125,35.92682728092065,34.75099553606444,35.120812505498044,148676800
2018-12-26,37.25911331176758,37.27333648323871,34.78181086894606,35.156370059261675,234330000
2018-12-27,37.01731872558594,37.16429997821352,35.575981488377714,36.94382990791601,212468400
2018-12-28,37.036285400390625,37.57916072752673,36.63802200723716,37.33735588609049,169165600
2018-12-31,37.39424133300781,37.778281438629776,37.095540257713566,37.5815191228161,140014000
2019-01-02,37.43691635131836,37.657386397267345,36.56215498900312,36.718617135510485,148158800
2019-01-03,33.707923889160156,34.54475438454186,33.66288142679495,34.132264253567534,365248800
2019-01-04,35.146881103515625,35.21563124667648,34.089584494840125,34.26263908807165,234428400
2019-01-07,35.06865692138672,35.28201536020964,34.587420294153034,35.2511960750127,219111200
2019-01-08,35.7371711730957,35.99082977941127,35.208522821319015,35.455066224870585,164101200
2019-01-09,36.34405517578125,36.63327174603661,35.47166681895574,35.865187861824275,180396400
2019-01-10,36.460227966308594,36.50052817352975,35.76326335572206,36.15204586823649,143122800
2019-01-11,36.10224533081055,36.43650431282502,35.91733687635287,36.2421149502893,108092800
2019-01-14,35.55937957763672,35.860450004234444,35.37447109321598,35.76088417549152,129756800
2019-01-15,36.28716278076172,36.36302090848889,35.571232935659744,35.62338698103528,114843600
2019-01-16,36.730472564697266,36.95331194342955,36.270570632809374,36.28953607113632,122278800
2019-01-17,36.94856262207031,37.375275859702455,36.3321986546809,36.55503799084918,119284800
2019-01-18,37.1761589050293,37.42744468386333,36.9770235706222,37.33735973775745,135004000
2019-01-22,36.34169006347656,37.15481288318813,36.180485646601795,37.07895474729043,121576000
2019-01-23,36.48865509033203,36.7778715942405,35.962376115500966,36.54317844580408,92522400
2019-01-24,36.19945526123047,36.62142636446528,35.97187720999421,36.53371436735213,101766000
2019-01-25,37.39899826049805,37.48671389113541,36.58350587244994,36.85849576715417,134142000
2019-01-28,37.05287551879883,37.05998710557618,36.4270305613809,36.93197130900929,104768400
2019-01-29,36.66883087158203,37.4866995043385,36.53370710874869,37.0410207847248,166348800
2019-01-30,39.17459487915039,39.387949773483115,37.9845396073485,38.70046967637701,244439200
2019-01-31,39.45669937133789,40.06357904316649,39.01102052977518,39.37846827996008,162958400
2019-02-01,39.47565460205078,40.058826416325836,39.33578495633769,39.579962696906414,130672400
2019-02-04,40.59695053100586,40.69414701794417,39.65581217675817,39.686631457320665,125982000
2019-02-05,41.291561126708984,41.504919632922416,40.8577397603801,40.978640381799345,144406400
2019-02-06,41.30577850341797,41.62107211746024,40.97626171566191,41.40297139622457,112958400
2019-02-07,40.523475646972656,41.23466334560738,40.381236660330636,40.86958496796045,126966800
2019-02-08,40.57109451293945,40.63061433812733,40.09731539663526,40.23302234180851,95280000
2019-02-11,40.3377685546875,40.761552993076776,40.29491603027586,40.723459438398876,83973600
2019-02-12,40.685367584228516,40.71155645006401,40.402052662772235,40.497286553447424,89134000
2019-02-13,40.516326904296875,41.06390993130662,40.454427604228414,40.80440440861806,89960800
2019-02-14,40.6639289855957,40.77344338564878,40.32585695005733,40.40442352373039,87342800
2019-02-15,40.57346725463867,40.87820841832707,40.41395458558312,40.77107347735558,98507200
2019-02-19,40.694881439208984,40.816304172692135,40.35205039619982,40.40442811793749,75891200
2019-02-20,40.95677185058594,41.26389610818391,40.70917103649229,40.756786158494805,104457600
2019-02-21,40.725833892822266,41.037717113521,40.54489497965377,40.902013836844844,68998800
2019-02-22,41.18056869506836,41.18771078203653,40.80202355455081,40.84963867860566,75652800
2019-02-25,41.48055648803711,41.87100640476121,41.41389457294777,41.46389282566573,87493600
2019-02-26,41.50434875488281,41.73528587720178,41.22817600180852,41.35674080846053,68280800
2019-02-27,41.63291549682617,41.66386696049311,41.12342606902132,41.23770671972961,111341600
2019-02-28,41.223426818847656,41.642448686195074,41.16866960038352,41.501982779664566,112861600
2019-03-01,41.65671920776367,41.69957172134979,41.1615140204551,41.49244397341607,103544800
2019-03-04,41.86623764038086,42.3185867630682,41.41864748708526,41.82814408844058,109744800
2019-03-05,41.7900505065918,41.90194804483561,41.554350741031215,41.8876638710685,78949600
2019-03-06,41.54959487915039,41.780532059793444,41.41150846773898,41.58530531623897,83241600
2019-03-07,41.06867980957031,41.53055423911175,40.95440276119777,41.39484729251784,99185600
2019-03-08,41.16629409790039,41.20438765912665,40.35444278417519,40.54966956085832,95997600
2019-03-11,42.59238052368164,42.64475825441138,41.74720201003653,41.78053296297351,128044000
2019-03-12,43.070919036865234,43.48993721924746,42.704274948579794,42.85426604222394,129870400
2019-03-13,43.26139450073242,43.63993974472947,43.07330980501926,43.389955734104255,124130000
2019-03-14,43.742313385009766,43.83040520560543,43.46376101056902,43.78278643434196,94318000
2019-03-15,44.311309814453125,44.59938731167194,43.744683657393075,44.00895177597191,156171600
2019-03-18,44.763668060302734,44.851756233015,44.23274864058947,44.23513175842596,104879200
2019-03-19,44.4089241027832,44.99460068115345,44.263695608787415,44.84223009997764,126585600
2019-03-20,44.797000885009766,45.11364678234836,43.980387016546715,44.337505957977974,124140800
2019-03-21,46.44688415527344,46.74210375942547,45.189825893725065,45.23982413911908,204136800
2019-03-22,45.48504638671875,47.065892633364044,45.420763965042106,46.50640488188507,169630800
2019-03-25,44.93508529663086,45.706459850538906,44.42559577501445,45.594562296617404,175381200
2019-03-26,44.4708137512207,45.920718891716376,43.94466073487566,45.630261966761935,199202000
2019-03-27,44.87080001831055,45.17792067619841,44.413688258793016,44.93746192285677,119393600
2019-03-28,44.93031311035156,45.1302987940568,44.64699824203542,44.9850703167183,83121600
2019-03-29,45.22315979003906,45.254111259812014,44.88746712386078,45.194591438126565,94256000
2019-04-01,45.5302848815918,45.635036717993124,44.84937796457391,45.62551514479362,111448000
2019-04-02,46.192142486572266,46.29689795003126,45.485046741025556,45.49456831370297,91062800
2019-04-03,46.50878143310547,46.78257110861055,45.98500419384211,46.00881357119078,93087200
2019-04-04,46.5897331237793,46.75162528431652,45.98263025616197,46.37545960019598,76457200
2019-04-05,46.90162658691406,46.92543597231255,46.646879967798476,46.770682232826715,74106400
2019-04-08,47.639652252197266,47.67060007976338,46.74447208110534,46.763518854192455,103526800
2019-04-09,47.49680709838867,48.2943739839882,47.432524688138955,47.69203381366528,143072800
2019-04-10,47.76346206665039,47.792034049404215,47.182548065607946,47.30158770081168,86781200
2019-04-11,47.36586380004883,47.85392696581256,47.24444469615284,47.81821653313754,83603200
2019-04-12,47.34682846069336,47.649190183974554,46.71354029389259,47.425395064355484,111042800
2019-04-15,47.432533264160156,47.58014488597061,47.14207625605754,47.27778318747662,70146400
2019-04-16,47.43730163574219,47.94202860106376,47.273026333647394,47.48729988834569,102785600
2019-04-17,48.361045837402344,48.420565658052794,47.28492646285772,47.50633845193266,115627200
2019-04-18,48.534828186035156,48.60386955891566,48.215802914600246,48.35864826177386,96783200
2019-04-22,48.69435501098633,48.79196838798587,48.17296080479051,48.28962096019007,77758000
2019-04-23,49.39668655395508,49.46096897486131,48.5443623205219,48.67054404461103,93292000
2019-04-24,49.320499420166016,49.63476214823507,49.294310556760166,49.36811454468543,70162400
2019-04-25,48.87290954589844,49.46334508558559,48.83481599293768,49.24193312050334,74172800
2019-04-26,48.639591217041016,48.806245964505955,48.12057656602047,48.7824365865248,74596400
2019-04-29,48.713401794433594,49.03718976166445,48.534842333816606,48.66340354702817,88818800
2019-04-30,47.77537155151367,48.42532700777185,47.40396843365186,48.34438091958181,186139600
2019-05-01,50.120445251464844,51.260843272461415,49.813320981383605,49.968074675183026,259309200
2019-05-02,49.79427719116211,50.62755462484601,49.55143895467689,49.95855246647943,127985200
2019-05-03,50.41328048706055,50.4347067473906,50.05139901490421,50.208532189593264,83569600
2019-05-06,49.63475036621094,49.720459023121286,48.44911697295129,48.63719794163775,129772400
2019-05-07,48.29676818847656,49.38240924321776,47.81346748764048,49.015768710198,155054800
2019-05-08,48.30626678466797,48.88718059657249,48.032477165962234,48.06818759177597,105358000
2019-05-09,47.787261962890625,48.015815982753914,46.820660898117396,47.71107486773577,139634400
2019-05-10,47.1252555847168,47.52438233456558,46.071285413545205,47.18261596927513,164834800
2019-05-13,44.386356353759766,45.28498038440615,43.70043870801492,44.861959909569315,229722400
2019-05-14,45.0890007019043,45.33755501706482,44.31226345269041,44.551259529371606,146118800
2019-05-15,45.6291389465332,45.827506164416576,44.458059413303786,44.51780844350511,106178800
2019-05-16,45.42839050292969,45.99959117911242,45.132033951863875,45.38776159336931,132125600
2019-05-17,45.170265197753906,45.624356352136516,44.63491259367641,44.67554149512822,131516400
2019-05-20,43.75780487060547,44.05894235797274,43.08622626273383,43.860575112945824,154449200
2019-05-21,44.59667205810547,44.93126512693006,44.14257729693959,44.26685628541341,113459200
2019-05-22,43.6837158203125,44.383976433179555,43.62874772714694,44.133029747383624,118994400
2019-05-23,42.93804168701172,43.14835578247127,42.4958974279958,42.97150099629786,146118800
2019-05-24,42.77312469482422,43.53074175934809,42.689474615998094,43.06708882439502,94858800
2019-05-28,42.59626770019531,43.16029856021304,42.51979085562523,42.76117556874994,111792800
2019-05-29,42.39311599731445,42.86393845737298,42.063300316496424,42.163678209182365,113924800
2019-05-30,42.613006591796875,42.83527122076542,42.22344177055687,42.52935649566115,84873600
2019-05-31,41.84105682373047,42.538925128983735,41.821936694530024,42.118289580157494,108174400
2019-06-03,41.418025970458984,42.522186815106615,40.693868059775646,41.96771774456351,161584400
2019-06-04,42.93325424194336,42.97866407912439,41.7095955198849,41.92947146858037,123872000
2019-06-05,43.6263427734375,44.21188608599536,43.29174972065366,44.04219726486092,119093600
2019-06-06,44.2668571472168,44.326606171155184,43.5331373827937,43.75540564817583,90105200
2019-06-07,45.445106506347656,45.86813062026095,44.398306078529586,44.575160856832326,122737600
2019-06-10,46.02586364746094,46.692661078886516,45.796425815427575,45.84183565226266,104883600
2019-06-11,46.55881881713867,46.843224693406505,46.26963564567272,46.57076934871442,107731600
2019-06-12,46.4106559753418,46.83606876664861,46.219458354725056,46.353295595119384,73012800
2019-06-13,46.40109634399414,47.03204596994404,46.269651392297824,46.53254494248193,86698400
2019-06-14,46.06412124633789,46.267265794505654,45.48097003175372,45.77971523211102,75046000
2019-06-17,46.338958740234375,46.59468634560239,45.92788511162942,46.10235126256792,58676400
2019-06-18,47.42878723144531,47.86853929069686,46.654442006848456,46.855197906055636,106204000
2019-06-19,47.290157318115234,47.77054181487059,47.156320085097796,47.72273967725771,84496800
2019-06-20,47.67017364501953,47.94501775858043,47.32840725446429,47.88765736978177,86056000
2019-06-21,47.50763702392578,48.00236062388434,47.35706833754004,47.51241796627832,191202400
2019-06-24,47.45985412597656,47.837468466439844,47.36186483291884,47.45029223813148,72881600
2019-06-25,46.7404670715332,47.622359580324556,46.67354481128587,47.4239923880106,84281200
2019-06-26,47.75141906738281,48.03582499532506,47.16587938168513,47.26625730093694,104270000
2019-06-27,47.737083435058594,48.17444674582689,47.69645453473033,47.86852837567722,83598800
2019-06-28,47.30209732055664,47.679711513516615,47.09417192604201,47.48373300395411,124442400
2019-07-01,48.1696662902832,48.87231543119535,47.9545676050374,48.556838818217976,109012000
2019-07-02,48.4516716003418,48.54727221513432,48.124248155805006,48.13619868850289,67740800
2019-07-03,48.853187561035156,48.86035715139442,48.44211402874797,48.58312083486759,45448000
2019-07-05,48.8101806640625,49.013328841833136,48.49231536016307,48.59986654062499,69062000
2019-07-08,47.80400466918945,48.13381683307876,47.419220772325794,47.99280999831783,101354400
2019-07-09,48.095577239990234,48.160103562324515,47.51481481144376,47.60802314605108,82312000
2019-07-10,48.571170806884766,48.690668843168744,48.17204780331115,48.24135870655863,71588400
2019-07-11,48.21747970581055,48.84842948025281,48.207921463121686,48.590313166145656,80767200
2019-07-12,48.587913513183594,48.755210073292474,48.32501631387571,48.38476534582828,70380800
2019-07-15,49.04439926147461,49.20213394156513,48.75521232885727,48.776721106125294,67789600
2019-07-16,48.87471389770508,49.25949785470294,48.635717741726076,48.89622267651312,67467200
2019-07-17,48.599853515625,49.0157043539387,48.58073339192921,48.76715003947481,56430000
2019-07-18,49.151954650878906,49.20453410157708,48.68352053923852,48.755220121717144,74162400
2019-07-19,48.41822814941406,49.352703951769605,48.36326005715543,49.183015084199354,83717200
2019-07-22,49.5247688293457,49.52715747734154,48.661992820040304,48.67155105881449,89111600
2019-07-23,49.91194152832031,49.928673004733994,49.541496867121964,49.821125495815984,73420800
2019-07-24,49.87131881713867,49.98603593109381,49.51282464508648,49.63232270243721,59966400
2019-07-25,49.476966857910156,50.00753841889171,49.40765595621234,49.92388833664692,55638400
2019-07-26,49.649051666259766,50.12465157648066,49.50565254598537,49.58691034563834,70475600
2019-07-29,50.112701416015625,50.34213928080888,49.8163485805303,49.821129523719435,86693600
2019-07-30,49.8975944519043,50.22741016407421,49.54626997071208,49.89281350985814,135742800
2019-07-31,50.91572952270508,52.906567550868054,50.49987862645295,51.72353753914433,277125600
2019-08-01,49.81396484375,52.108329298697655,49.41006442126026,51.1212740510541,216071600
2019-08-02,48.75998306274414,49.33596086524618,48.18878255632911,49.12086584402196,163448400
2019-08-05,46.20750427246094,47.47657295728015,46.02586855255384,47.31883830566207,209572000
2019-08-06,47.08224105834961,47.33796868663929,46.374810857148454,46.917333133084945,143299200
2019-08-07,47.56977462768555,47.6940536011622,46.322218537734486,46.702221401498505,133457600
2019-08-08,48.618980407714844,48.642881479152365,47.65343765837779,47.84702393793063,108038000
2019-08-09,48.21832275390625,48.64295034333632,47.81048288603281,48.292692433615045,98478800
2019-08-12,48.09598159790039,48.472632859788966,47.77690864820563,47.889663888347634,89927600
2019-08-13,50.13276672363281,50.8932623822907,48.095979326471294,48.225529607627415,188874000
2019-08-14,48.640560150146484,49.52580693537661,48.60217461253329,48.738921717537906,146189600
2019-08-15,48.39826965332031,49.21394238525781,47.90166625323127,48.81090512777732,108909600
2019-08-16,49.54021072387695,49.69854835341414,48.90206475803103,49.00762317772249,110481600
2019-08-19,50.463829040527344,51.0347983108864,50.387057971202324,50.528600512043504,97654400
2019-08-20,50.46623611450195,51.18355082625258,50.4566415593816,50.590987294947006,107537200
2019-08-21,51.01321792602539,51.25551979787076,50.76371922258588,51.0971858421528,86141600
2019-08-22,50.970035552978516,51.4450447285328,50.55979786001343,51.14516455142714,89014800
2019-08-23,48.61418151855469,50.87168066728109,48.22073882087,50.24312924415703,187272000
2019-08-26,49.53781509399414,49.70574728667128,49.19475021549554,49.38667429026109,104174400
2019-08-27,48.97883987426758,50.0320191125947,48.82769906450178,49.866484637260236,103493200
2019-08-28,49.3074951171875,49.35307748719448,48.777309044460935,48.96443397138166,63755200
2019-08-29,50.142364501953125,50.21673786254846,49.57859195226925,50.02001470468099,83962000
2019-08-30,50.07759094238281,50.48782496724096,49.708136520945146,50.418254378102155,84573600
2019-09-03,49.34828567504883,49.65536271132292,48.99322853822822,49.52341468933475,80092000
2019-09-04,50.185543060302734,50.255113643880186,49.736923530779784,49.99361903365806,76752400
2019-09-05,51.16676712036133,51.33230160289125,50.74213566439076,50.859690039390394,95654800
2019-09-06,51.16196060180664,51.44025031008519,50.98203247914074,51.35148694097706,77449200
2019-09-09,51.380271911621094,51.92485536288293,50.63657123511484,51.54100725454967,109237600
2019-09-10,51.98722839355469,52.00642116476611,50.790109031997794,51.30590148845998,127111600
2019-09-11,53.64016342163086,53.668954406402584,52.234325076720765,52.31589526281973,177158400
2019-09-12,53.520225524902344,54.31910692667731,53.46504858550695,53.93046330551826,128906800
2019-09-13,52.47903823852539,52.96844114444219,52.0640050410945,52.77891845703125,159053200
2019-09-16,52.754913330078125,52.810093912094956,52.19353858053524,52.23432184073489,84632400
2019-09-17,52.94685745239258,52.97564844630967,52.56780836820528,52.76933068303424,73274800
2019-09-18,53.443443298339844,53.46263606774207,52.64456211762363,53.03320563124097,101360000
2019-09-19,53.00922393798828,53.68095264649306,52.86767770380978,53.26112037335412,88242400
2019-09-20,52.23432922363281,53.393066700070236,52.17195546286078,53.10998156197395,221652400
2019-09-23,52.471824645996094,52.74051606454694,52.215125503837235,52.527001563595775,76662000
2019-09-24,52.222328186035156,53.37627010251863,52.10477750756929,53.02600846924604,124763200
2019-09-25,53.026023864746094,53.138779129113395,52.092796693735195,52.4310624868371,87613600
2019-09-26,52.75251007080078,53.004410096795475,52.49821232174465,52.778899667060145,75334000
2019-09-27,52.49583053588867,53.00922529663117,52.1263760760949,52.90846232712596,101408000
2019-09-30,53.73134231567383,53.87768401960261,52.968445079581116,52.99483468719606,103909600
2019-10-01,53.88007354736328,54.75092680553321,53.78651107289727,53.995230177972914,139223200
2019-10-02,52.52941131591797,53.63776725465984,52.28230668763537,53.51301607875295,138449200
2019-10-03,52.97563552856445,53.00922196273818,51.61058034563439,52.402261102678956,114426000
2019-10-04,54.46064758300781,54.57580422718632,53.712147699084255,54.13198002178577,138478800
2019-10-07,54.472633361816406,55.16115707118716,54.17995001859924,54.28311070218234,122306000
2019-10-08,53.83449935913086,54.712549582666675,53.81770796918431,54.17516653401763,111820000
2019-10-09,54.46543884277344,54.64776467881045,54.13197222093732,54.46543884277344,74770400
2019-10-10,55.19953536987305,55.2835032719904,54.530204518768,54.68134161767458,113013600
2019-10-11,56.66775894165039,57.01082010729211,55.73213059230201,55.88566909661836,166795600
2019-10-14,56.58618927001953,57.128374978236515,56.298305029368485,56.35348195750364,96427600
2019-10-15,56.45424270629883,57.013216118499486,56.34868430138051,56.7109382267624,87360000
2019-10-16,56.22633361816406,56.43505271476371,55.94564620616464,55.986429471773434,73903200
2019-10-17,56.444644927978516,56.65336035527154,56.02241496568268,56.39906255635208,67585200
2019-10-18,56.715736389160156,56.9964237826621,56.20713714308924,56.27910911439278,97433600
2019-10-21,57.6993522644043,57.81450890497435,56.93406101508978,56.98204111833702,87247200
2019-10-22,57.567405700683594,58.104788693598735,57.48583550156147,57.85528996983772,82293600
2019-10-23,58.33989715576172,58.3542944816092,57.869687009535255,58.080803860863966,75828800
2019-10-24,58.43585968017578,58.72854306800209,58.011228263305284,58.65896880693914,69275200
2019-10-25,59.15556335449219,59.19154751127854,58.26791876751091,58.33509163394323,73477200
2019-10-28,59.74813461303711,59.796114715182654,59.18915745445604,59.35708964228901,96572800
2019-10-29,58.36628341674805,59.916065952572374,58.19355578359902,59.72894099440109,142839600
2019-10-30,58.35908508300781,58.84849162305364,57.867284479823844,58.71894132571627,124522000
2019-10-31,59.678550720214844,59.77691229315657,56.91965319473829,59.313899074252156,139162000
2019-11-01,61.372276306152344,61.39866224623704,59.774513921473265,59.865675001652114,151125200
2019-11-04,61.77531814575195,61.859286061859265,61.266722523104576,61.73453121919917,103272000
2019-11-05,61.686561584472656,61.94085942383755,61.49223978875598,61.667365150580366,79897600
2019-11-06,61.71295166015625,61.77292770781891,61.26433199504674,61.60019639769865,75864400
2019-11-07,62.42518615722656,62.646563835655755,62.10756018771795,62.259154734223145,94940400
2019-11-08,62.59604263305664,62.66822702461764,61.804386203655085,62.24713427287051,69986400
2019-11-11,63.09171676635742,63.156682706813456,62.14846594489044,62.153275789018245,81821200
2019-11-12,63.03397750854492,63.23369990997847,62.78373337309186,62.93532060497629,87388800
2019-11-13,63.637935638427734,63.71252861529015,62.819814143525335,62.834251020126196,102734400
2019-11-14,63.197593688964844,63.736589975912096,63.067654461478035,63.464683238676635,89182800
2019-11-15,63.94833755493164,63.953147398951465,63.286620510177045,63.4478347324842,100206400
2019-11-18,64.27076721191406,64.35017001866998,63.58017648237061,63.95795114190618,86703200
2019-11-19,64.07588958740234,64.48735535838527,63.85932904179426,64.46329144370087,76167200
2019-11-20,63.32993698120117,64.02533768482304,62.65859284317202,63.89540579483597,106234400
2019-11-21,63.045997619628906,63.52724639081918,62.84627526735179,63.4502448250431,121395200
2019-11-22,62.990657806396484,63.32753051201079,62.76447027335383,63.18556299119027,65325200
2019-11-25,64.09514617919922,64.11199165639886,63.16874039581855,63.214459637773636,84020400
2019-11-26,63.59463119506836,64.28522211832744,63.16391141917877,64.23228445121657,105207600
2019-11-27,64.44882202148438,64.48251295368617,63.84004273806557,63.9050086659621,65235600
2019-11-29,64.30686950683594,64.48733780292622,63.98202510521868,64.15046511887911,46617600
2019-12-02,63.5633544921875,64.54750759444755,63.39251319176383,64.31169299395302,94487200
2019-12-03,62.43001174926758,62.4492584727649,61.66963766381255,62.155696372325146,114430400
2019-12-04,62.98103332519531,63.358815426886686,62.72597202752109,62.819819076069386,67181600
2019-12-05,63.905025482177734,63.97962580264489,63.21925181077436,63.47431308955241,74424400
2019-12-06,65.13943481445312,65.2092179525118,64.31890465939279,64.36222263596946,106075600
2019-12-09,64.22747039794922,65.161086935307,63.7438129866393,64.96859034566656,128042400
2019-12-10,64.60284423828125,64.98543616897592,63.972402115751365,64.63171799255643,90420400
2019-12-11,65.15386199951172,65.23327215869327,64.60764728983901,64.68224026163169,78756800
2019-12-12,65.31989288330078,65.58458117297278,64.32371175724688,64.43439691719212,137310400
2019-12-13,66.20780944824219,66.2439016435434,65.19237407521152,65.31990472745893,133587600
2019-12-16,67.34115600585938,67.5649423284178,66.64816374839715,66.6529735938861,128186000
2019-12-17,67.47349548339844,67.80074117462817,67.08608634301142,67.27137184882572,114158400
2019-12-18,67.31227111816406,67.83202073279126,67.16308515663923,67.32670799551974,116028400
2019-12-19,67.37965393066406,67.6587791659251,67.12219135736983,67.25453186379887,98369200
2019-12-20,67.24008178710938,68.01248404193913,67.02833114376412,67.91142590788041,275978000
2019-12-23,68.33734130859375,68.39749741890061,67.46387341201411,67.50237420380351,98572000
2019-12-24,68.40229797363281,68.55149127528131,68.07746089671582,68.50336345626253,48478800
2019-12-26,69.7594223022461,69.77626777302233,68.50577120530262,68.53464495904811,93121200
2019-12-27,69.73294830322266,70.73635528399755,69.32870107290967,70.05057427415741,146266000
2019-12-30,70.14683532714844,70.4283691578937,68.63090426605163,69.65114955957583,144114400
2019-12-31,70.65934753417969,70.66656597182994,69.66556767244613,69.76422454918179,100805600
2020-01-02,72.27153778076172,72.3316938789073,71.02991503384398,71.28256770874596,135480400
2020-01-03,71.56892395019531,72.32688945190185,71.34514498799838,71.5015494021164,146322800
2020-01-06,72.13919830322266,72.17769909168206,70.442799076604,70.69305052995288,118387200
2020-01-07,71.79991912841797,72.40388138645835,71.58095004051803,72.148820106767,108872000
2020-01-08,72.95489501953125,73.25567544777785,71.50393052740053,71.50393052740053,132079200
2020-01-09,74.5045394897461,74.69703608624071,73.67919950094557,73.9294436077337,170108400
2020-01-10,74.67298889160156,75.23605661610512,74.17249322271363,74.73796219850064,140644800
2020-01-13,76.26829528808594,76.29476778625667,74.87026834030729,74.98817927043977,121532000
2020-01-14,75.23843383789062,76.41509065064128,75.11572039023919,76.20574860255036,161954400
2020-01-15,74.91600036621094,75.91699875877144,74.48528063092401,75.03872116096186,121923600
2020-01-16,75.85444641113281,75.96513894112196,75.09648089083629,75.4574175522418,108829200
2020-01-17,76.69422149658203,76.69662274727602,75.7966897960532,76.10228015577917,137816400
2020-01-21,76.17446899414062,76.76399437532534,76.0373113220916,76.32365494902595,110843200
2020-01-22,76.44636535644531,76.99738987709428,76.35251832728817,76.65810863389025,101832400
2020-01-23,76.81454467773438,76.89394751401544,75.95310504727735,76.49932724037184,104472000
2020-01-24,76.5931625366211,77.8010945444288,76.40306717879187,77.05997452322455,146537600
2020-01-27,74.34091186523438,75.01946709734743,73.36156878763045,74.60800142643146,161940000
2020-01-28,76.44398498535156,76.61482629516499,75.12055046053683,75.21920736994338,162234000
2020-01-29,78.04409790039062,78.88869168738194,77.3318519069493,78.07057039640947,216229200
2020-01-30,77.9310302734375,77.9839679399373,76.69903440937786,77.12975418029563,126743200
2020-01-31,74.47565460205078,77.64467359137022,74.18209256314945,77.22358092411761,199588400
2020-02-03,74.27112579345703,75.43333837699004,72.72150411989722,73.22199962473935,173788400
2020-02-04,76.72308349609375,76.91317880860565,75.467023963902,75.87127115182567,136616400
2020-02-05,77.3487319946289,78.14519833259766,76.74717087270234,77.8468190226948,118826800
2020-02-06,78.25346374511719,78.2558723391088,77.06237729988993,77.61821910965085,105425600
2020-02-07,77.18980407714844,78.00263182401238,76.70017745261804,77.75420072606255,117684000
2020-02-10,77.55641174316406,77.55641174316406,75.69921076977592,75.77880204777287,109348800
2020-02-11,77.0884780883789,78.12320868151228,76.87140364468625,78.05085298718184,94323200
2020-02-12,78.91917419433594,78.92399545470602,77.53712126556233,77.53712126556233,113730400
2020-02-13,78.35716247558594,78.68277779613301,77.99054805167637,78.19315134073435,94747600
2020-02-14,78.37648010253906,78.62491117131455,77.86996808406116,78.32582374819955,80113600
2020-02-18,76.94136047363281,77.12225708916644,75.88250875090567,76.0634053664393,152531200
2020-02-19,78.05569458007812,78.28483327298406,77.1825679577684,77.1825679577684,93984000
2020-02-20,77.25492095947266,78.30412292796458,76.75082321347557,77.8169106346844,100566000
2020-02-21,75.5062484741211,77.29110106607291,74.891202892234,76.84970917824121,129554000
2020-02-24,71.91964721679688,73.3668197095871,69.76095266480475,71.697751556561,222195200
2020-02-25,69.48358917236328,72.96886672904328,69.01326241271661,72.58778111739974,230673600
2020-02-26,70.58584594726562,71.84730078233405,69.10249542340598,69.10973099237307,198054800
2020-02-27,65.97175598144531,68.98187689584269,65.83668716099466,67.80002103655015,320605600
2020-02-28,65.93318939208984,67.15123091808199,61.835280759075644,62.0499482580576,426510000
2020-03-02,72.07162475585938,72.70597008087806,66.98481268602946,68.08466354649526,341397200
2020-03-03,69.7826919555664,73.32344054146022,68.93367898581513,73.24384925589773,319475600
2020-03-04,73.01952362060547,73.17871353455695,70.70163838902825,71.49999490851802,219178400
2020-03-05,70.65097045898438,72.25009001910128,70.2867629946478,71.27807270497505,187572800
2020-03-06,69.71275329589844,70.14449541476748,67.83143084833664,68.01714878203684,226176800
2020-03-09,64.19900512695312,67.07405117029745,63.43441220501271,63.61530881776465,286744800
2020-03-10,68.8227310180664,69.08804757078283,64.9708381447339,66.84493210656007,285290000
2020-03-11,66.43247985839844,67.82900397076429,65.57141009124467,66.90522837411211,255598800
2020-03-12,59.87195587158203,65.12278275616039,59.816481938991764,61.731574731862445,418474000
2020-03-13,67.04509735107422,67.51543140756253,61.01038635778413,63.89026420635652,370732000
2020-03-16,58.419960021972656,62.4889229945198,57.88691638094368,58.35724684046864,322423600
2020-03-17,60.98868179321289,62.134356503349196,57.50099395776619,59.6982846602086,324056000
2020-03-18,59.49569320678711,60.298874658885616,57.19227545874743,57.83144573834236,300233600
2020-03-19,59.03982925415039,60.98386423258545,58.51643550459872,59.66934960367585,271857200
2020-03-20,55.29165267944336,60.74025764199119,54.99256896191713,59.618696461531016,401693200
2020-03-23,54.11703109741211,55.11316965220814,51.28057345030364,55.011867987706175,336752800
2020-03-24,59.54634094238281,59.74170869121859,56.512101379550025,57.00896347667582,287531200
2020-03-25,59.21831512451172,62.288732546346424,58.92405634525676,60.47976645109919,303602000
2020-03-26,62.33456802368164,62.39245259049927,59.420925829165725,59.45951799394508,252087200
2020-03-27,59.7537727355957,61.71468959022156,59.58734725663957,60.962160830090674,204216800
2020-03-30,61.45902633666992,61.630276765400616,60.154157765040964,60.4773625403671,167976400
2020-03-31,61.33359146118164,63.31139348283063,60.781255481124106,61.649560602994704,197002000
2020-04-01,58.10641098022461,59.99014731742834,57.67708326845724,59.45469299280137,176218400
2020-04-02,59.07600784301758,59.129071143668284,57.13920841031964,57.968921460111474,165934000
2020-04-03,58.22700500488281,59.26173205327884,57.638487411525155,58.56226659383969,129880000
2020-04-06,63.306575775146484,63.46093704952722,60.14932793269973,60.51594239996791,201820400
2020-04-07,62.573341369628906,65.53281460871749,62.46962908019549,65.31573278898928,202887200
2020-04-08,64.17488098144531,64.48843215066613,63.00749578061629,63.371695937944736,168895200
2020-04-09,64.63798522949219,65.13967603448393,63.844457266187234,64.80923934887565,161834800
2020-04-13,65.90667724609375,66.01521817669068,64.11700321080237,64.71517076301717,131022800
2020-04-14,69.23517608642578,69.524613675671,67.06441624919755,67.53475049154513,194994800
2020-04-15,68.60323333740234,69.06150330884216,67.6866933945227,68.11360677368938,131154400
2020-04-16,69.14832305908203,69.51253053826382,68.10153570587103,69.31474850581405,157125200
2020-04-17,68.2100830078125,69.21105020012682,66.77738117936849,68.66594602627303,215250000
2020-04-20,66.79426574707031,67.93994433259655,66.77497334644413,67.04028985944329,130015200
2020-04-21,64.7296371459961,66.87145442951221,64.02052176535352,66.63749449289608,180991600
2020-04-22,66.59406280517578,67.02821165517099,65.65340205638569,65.99348115115153,116862400
2020-04-23,66.33598327636719,67.95681696931808,66.29739112168969,66.53858656789843,124814400
2020-04-24,68.25110626220703,68.2607561453716,66.81116850929337,66.85941056441207,126161200
2020-04-27,68.2993392944336,68.62977598230127,67.52268941813087,67.96889524586273,117087600
2020-04-28,67.19223022460938,68.94089736729391,67.1005821297752,68.76000076632654,112004800
2020-04-29,69.39918518066406,69.86710504839203,68.47299532638776,68.67559866694484,137280800
2020-04-30,70.86323547363281,71.0393108397726,69.54872440544703,69.93704563014794,183064000
2020-05-01,69.72239685058594,72.1174668077666,68.94574691361261,69.0422236579371,240616800
2020-05-04,70.70884704589844,70.83668031834924,69.05907133021842,69.74647971859336,133568000
2020-05-05,71.77013397216797,72.59984709930193,71.02242643355622,71.16714520888473,147751200
2020-05-06,72.51061248779297,73.14012928036907,72.08610600468356,72.46960600947763,142333600
2020-05-07,73.26070404052734,73.60561913010429,72.8337907414733,73.13528505567275,115215200
2020-05-08,75.00442504882812,75.05763197756472,73.59203166310506,73.91852839032389,133838400
2020-05-11,76.18466186523438,76.67802725492889,74.3054951964832,74.5134886448119,145946400
2020-05-12,75.31400299072266,77.31650723109308,75.19307880379056,76.86666541777984,162301200
2020-05-13,74.40465545654297,76.41200151515211,73.33084801811279,75.49297320787404,200622400
2020-05-14,74.86175537109375,74.92221747074527,72.92454733645849,73.6452582213304,158929200
2020-05-15,74.41917419433594,74.46512598393333,72.60531107010586,72.63917339112623,166348400
2020-05-18,76.17256927490234,76.54501787394523,75.0503965474728,75.73966595706034,135178400
2020-05-19,75.73241424560547,77.03355248472863,75.70097277157296,76.18950390013767,101729600
2020-05-20,77.20527648925781,77.2754072194724,76.54986193395195,76.58855856818843,111504800
2020-05-21,76.62965393066406,77.60672336639306,76.39263988211127,77.0673988694635,102688800
2020-05-22,77.12303161621094,77.20525917779025,76.26688630469137,76.3684584887372,81803200
2020-05-26,76.60066223144531,78.41693907225796,76.54503443091458,78.23797358104541,125522000
2020-05-27,76.93438720703125,77.07949771603786,75.7203109556176,76.45795296780663,112945200
2020-05-28,76.96825408935547,78.22344788867842,76.3346124557575,76.61031579665872,133560800
2020-05-29,76.89328002929688,77.66961131806718,76.53776259003484,77.21010083931498,153532400
2020-06-01,77.8388900756836,77.95981424625926,76.71671023004107,76.84731040083797,80791200
2020-06-02,78.19927215576172,78.22345847540862,77.13271967080152,77.57288559423814,87642800
2020-06-03,78.62975311279297,78.89095352620157,77.94773883188212,78.5185049118518,104491200
2020-06-04,77.95257568359375,78.75067242701921,77.58012709236915,78.45320362768672,87560400
2020-06-05,80.17274475097656,80.23320685109042,78.172661136236,78.20168176339025,137250400
2020-06-08,80.64676666259766,80.68062898183005,79.16182130122834,79.87043535299438,95654400
2020-06-09,83.19343566894531,83.5852289286094,80.2960963197302,80.3275377952439,147712400
2020-06-10,85.33378601074219,85.800551637391,83.70130935970825,84.13905436012791,166651600
2020-06-11,81.23686981201172,84.90329215862222,81.13529762500492,84.4800574912979,201662400
2020-06-12,81.93822479248047,84.11486012218111,80.83056250550848,83.36997039015924,200146000
2020-06-15,82.95157623291016,83.60214898703789,80.43393362831908,80.59597529574442,138808800
2020-06-16,85.14998626708984,85.42086269022191,83.36998548456056,85.00004143146272,165428800
2020-06-17,85.03148651123047,85.95292841624997,84.91056229922657,85.89246631024803,114406400
2020-06-18,85.06533813476562,85.48131766696713,84.45829630505166,84.98794487746599,96820400
2020-06-19,84.57920837402344,86.23345026330821,83.4739596024441,85.76910554734732,264476000
2020-06-22,86.79212951660156,86.93481917934642,84.92505967255737,84.97101145656654,135445200
2020-06-23,88.64468383789062,90.05949829570565,87.61440740737248,88.03280774958151,212155600
2020-06-24,87.0799331665039,89.19127232771852,86.70748456883423,88.27466483721669,192623200
2020-06-25,88.23597717285156,88.27467380594872,86.47774180640029,87.23472854623947,137522400
2020-06-26,85.52484130859375,88.35204937887517,85.37730996316603,88.13196647381191,205256800
2020-06-29,87.49591827392578,87.59024269738883,84.9565099457261,85.43295161300391,130646000
2020-06-30,88.226318359375,88.51170516149259,87.06544866278962,87.08479329279324,140223200
2020-07-01,88.05940246582031,88.84540963268662,88.01103722238888,88.30367167024684,110737200
2020-07-02,88.05940246582031,89.59756186721356,87.94574082247463,88.96392034743998,114041600
2020-07-06,90.41503143310547,90.88179710275243,89.45247208428117,89.48391355913485,118655600
2020-07-07,90.13447570800781,91.56863486785247,90.02322751685155,90.79230361416894,112424400
2020-07-08,92.23371887207031,92.26516034352021,91.02205608216732,91.10912534007682,117092000
2020-07-09,92.6303482055664,93.1769205126767,91.58556145720479,93.12371357510385,125642800
2020-07-10,92.79238891601562,92.85043754869993,91.61700927809584,92.22646456657715,90257200
2020-07-13,92.36431121826172,96.69581637996168,92.1514834732687,94.09352557539032,191649200
2020-07-14,93.89281463623047,94.08386957373939,90.81650244245171,91.74761295378508,170989200
2020-07-15,94.53854370117188,96.01139965901083,93.34381194373303,95.76229608743468,153198000
2020-07-16,93.37523651123047,94.22896096414982,92.7778707406749,93.41393313619832,110577600
2020-07-17,93.18661499023438,93.97987752001936,92.71500761457771,93.82509836770011,92186800
2020-07-20,95.15039825439453,95.28825359058399,92.93023208675609,93.2736600045327,90318000
2020-07-21,93.8371810913086,96.01381673517915,93.58807752951296,95.93884432011826,103433200
2020-07-22,94.10078430175781,94.78037765198125,93.45263242150494,93.53969429469112,89001600
2020-07-23,89.81766510009766,93.91215697447913,89.00989228366163,93.83476371071059,197004400
2020-07-24,89.59516143798828,89.93858943355201,86.23830426873995,88.02073328072413,185438800
2020-07-27,91.71857452392578,91.81047808647506,90.43194679011566,90.6544431599045,121214000
2020-07-28,90.21186828613281,91.46706199244389,90.20702659484037,91.29051001469016,103625600
2020-07-29,91.94108581542969,92.12489295560428,90.6568714411887,90.69314722395283,90329200
2020-07-30,93.05358123779297,93.15757426558149,90.71006994116662,91.11637343156816,158130000
2020-07-31,102.79525756835938,102.9452024123297,97.537467741964,99.53030380101023,374336800
2020-08-03,105.38545227050781,107.99741233494379,104.37452761502963,104.67199645721692,308151200
2020-08-04,106.0892105102539,107.17752821259879,104.85336145922079,105.57407228357705,173071600
2020-08-05,106.47377014160156,106.79301183705664,105.34675558446708,105.81110781245884,121776800
2020-08-06,110.18853759765625,110.6819103626939,106.2173913049504,106.8050811008857,202428800
2020-08-07,107.68334197998047,110.16675794348517,106.88864916741639,109.71126193007606,198045600
2020-08-10,109.24849700927734,110.26366958356304,106.6051724150767,109.12492955700957,212403600
2020-08-11,105.99944305419922,109.01103688460056,105.74019692749955,108.51435673757749,187902400
2020-08-12,109.52227020263672,109.77909114067742,106.89348231283336,107.08730692473522,165598000
2020-08-13,111.4605484008789,112.46118443380263,110.41145251692377,110.8984466622293,210082000
2020-08-14,111.36121368408203,111.4508577562041,109.55619139980415,111.28610608884811,165565200
2020-08-17,111.07044219970703,112.50476918474725,110.4453516645563,112.48053926454652,119561600
2020-08-18,111.99600219726562,112.42000004225257,110.48899241818317,110.82334618754544,105633600
2020-08-19,112.13650512695312,113.54660235506186,112.04201803934366,112.40301949215254,145538000
2020-08-20,114.62479400634766,114.73866801271163,112.1607574830829,112.17771917197317,126907200
2020-08-21,120.53167724609375,121.01382096112869,115.56968878487616,115.58180005044522,338054800
2020-08-24,121.97325134277344,124.81040740037858,120.11250865643729,124.72559897540391,345937600
2020-08-25,120.9726333618164,121.31668056382314,119.25483735042155,120.84907330953439,211495600
2020-08-26,122.61774444580078,123.07324042466944,121.22218355631982,122.285815910586,163022400
2020-08-27,121.15191650390625,123.5505310416234,120.01075143908814,123.21860253348014,155552400
2020-08-28,120.95568084716797,122.54021598651187,120.73277587733193,122.1234863946809,187630000
2020-08-31,125.05754089355469,126.9570575746163,122.1113683542111,123.64260792240353,225702700
2020-09-01,130.03887939453125,130.63975477764288,126.50153297923832,128.66270574189053,151948100
2020-09-02,127.3447265625,133.72165634087213,123.0805253018372,133.343693114531,200119000
2020-09-03,117.14938354492188,124.86372013453284,116.78111381462604,122.99329113592864,257599600
2020-09-04,117.22692108154297,119.88235689314044,107.46770259236347,116.36438893039704,332607200
2020-09-08,109.33814239501953,115.31772172668036,109.20246367456214,110.43326560840723,231366600
2020-09-09,113.69925689697266,115.46308756005234,111.70283521072183,113.6411109896637,176940500
2020-09-10,109.98743438720703,116.7810916656073,109.0279901442392,116.64541298049808,182274400
2020-09-11,108.5434341430664,111.6737525060593,106.6051585333688,111.03411800577045,180860300
2020-09-14,111.79973602294922,112.35214426737836,109.31874564711791,111.17948842899139,140150100
2020-09-15,111.97418212890625,115.16264637332723,110.10374588199468,114.6780774740645,184642000
2020-09-16,108.66941833496094,112.41998426492623,108.58219948246469,111.67375141580924,154679000
2020-09-17,106.9346694946289,108.73726653223142,105.35497742143326,106.33380874471821,178011000
2020-09-18,103.54267883300781,107.45799642585531,102.81582548420052,106.99281442322203,287104900
2020-09-21,106.68270111083984,106.78930687065947,99.91811535962182,101.31367629258035,195713800
2020-09-22,108.35929870605469,109.37689638794417,105.79108936459673,109.20245128230411,183055400
2020-09-23,103.81404113769531,108.65003656547653,103.47483700123934,108.17516112594639,150718700
2020-09-24,104.88009643554688,106.8474450340975,101.75947146104525,101.92422311648544,167743300
2020-09-25,108.81478881835938,108.96985441233768,104.34706305845842,105.08360984198643,149981400
2020-09-28,111.41206359863281,111.76095374490502,109.2993432212882,111.46052343881142,137672400
2020-09-29,110.5689468383789,111.75129633828752,110.06499835009019,111.0147568087837,99382200
2020-09-30,112.23583221435547,113.64108628495799,110.11342572568512,110.27817735653495,142675200
2020-10-01,113.18557739257812,114.0868756260864,112.25520621507488,114.00934284614458,116120400
2020-10-02,109.5319595336914,111.80943945830253,108.75665366895876,109.40597427158033,144712000
2020-10-05,112.90454864501953,113.04992078729782,110.04559522059489,110.3944854044891,106243800
2020-10-06,109.66765594482422,112.53630344118018,108.78573684536278,112.12925987546326,161498200
2020-10-07,111.52839660644531,111.98389262412043,110.6077111213325,111.08259403853273,96849000
2020-10-08,111.4217758178711,112.80764318962937,111.05349871590646,112.66227103853464,83477200
2020-10-09,113.36004638671875,113.38911933685253,111.37331099631979,111.72220118579409,100506900
2020-10-12,120.56075286865234,121.31667922649164,115.59876429754219,116.35469065538149,240226800
2020-10-13,117.36260223388672,121.5202048546633,115.9573551882952,121.40390564086033,262330500
2020-10-14,117.44982147216797,119.23303161360833,115.9282753037238,117.26568290980406,150712000
2020-10-15,116.98462677001953,117.45950223722147,114.50363628707971,115.05604455535725,112559200
2020-10-16,115.3467788696289,117.79870373934006,115.14326081684207,117.53703239008934,115393800
2020-10-19,112.40059661865234,116.703563090536,112.09047284235501,116.25776062422946,120639300
2020-10-20,113.88338470458984,115.30801845057066,112.06140091237076,112.6138091614312,124423700
2020-10-21,113.26313781738281,115.04634782768703,112.85609432030498,113.06930582021845,89946000
2020-10-22,112.17768859863281,114.39701481541562,111.05348531931205,113.825219728469,101988000
2020-10-23,111.48963165283203,112.9530320407279,110.75308473393972,112.79796641825128,82572600
2020-10-26,111.49931335449219,112.95302013932815,109.39627858637218,110.49140909640037,111850700
2020-10-27,113.00146484375,113.66047883675716,111.00504336225823,111.92572130525396,92276800
2020-10-28,107.76811218261719,111.86756801727019,107.67119988879593,111.49929834317572,143937800
2020-10-29,111.76097106933594,113.32128352260756,108.7372584642391,108.90201751002611,146129200
2020-10-30,105.5003433227539,108.53374202736012,104.39552680317541,107.63244356202665,190272600
2020-11-02,105.41311645507812,107.26417322328109,104.00786958662283,105.74262715568275,122866900
2020-11-03,107.03157806396484,108.0491682897085,105.37435335866708,106.27565178371685,107624400
2020-11-04,111.40238189697266,112.02262946819745,108.88262521463015,110.6173826820644,138235500
2020-11-05,115.3564682006836,115.92826333290571,113.26313445106743,114.3097976289083,126387100
2020-11-06,115.22542572021484,115.72053342058035,112.74014741905776,114.8662234022807,114457900
2020-11-09,112.92459106445312,118.4290806298261,112.66247568801708,116.98257616030648,154515300
2020-11-10,112.5848159790039,114.15752314668202,110.79852205922379,112.17707763232374,138023400
2020-11-11,116.00205993652344,116.13797271482636,113.0410945158488,113.76920185962483,112295000
2020-11-12,115.7302474975586,117.011716271587,115.10892975298067,116.12828311248381,103162300
2020-11-13,115.77877807617188,116.17680624012897,114.42935305539847,115.95352413531403,81581900
2020-11-16,116.78842163085938,117.45827535475047,114.70117908437909,115.44869936969526,91183000
2020-11-17,115.90496063232422,117.14759576828429,115.48751219696048,116.06029372766406,74271000
2020-11-18,114.58467864990234,116.32242906767756,114.55555554119123,115.1477501072869,76322100
2020-11-19,115.1768569946289,115.58459527254094,113.40027354655376,114.15750389315893,74113000
2020-11-20,113.9148178100586,115.3030761134196,113.86628176431465,115.17687350645622,73604300
2020-11-23,110.52669525146484,114.1866523784184,110.42961575192224,113.75949369240169,127959300
2020-11-24,111.80816650390625,112.46831748552103,109.30347536130687,110.58495144916897,113874200
2020-11-25,112.64305877685547,113.34204301090116,111.80816176471099,112.17707422528561,76499200
2020-11-27,113.18671417236328,114.06044449798334,112.82751927666311,113.1673012347678,46691300
2020-11-30,115.57491302490234,117.43886611768262,113.40029367663415,113.55562680437811,169410200
2020-12-01,119.13776397705078,119.86587123009825,116.5068706581754,117.47768032890535,127728200
2020-12-02,119.48728942871094,119.76882520066982,117.36121328577195,118.45822585372865,89004200
2020-12-03,119.35136413574219,120.16684084637635,118.64266969338425,119.91442821402666,78967600
2020-12-04,118.68148040771484,119.273674890219,117.9727861001199,119.02126230586725,78260400
2020-12-07,120.13770294189453,120.93376661663584,118.68148836078066,118.73973457388429,86712000
2020-12-08,120.74931335449219,121.3318051265446,119.49696789528441,120.7396105898644,82225500
2020-12-09,118.22521209716797,122.27348704305484,117.46798166489454,120.8949389531883,115089200
2020-12-10,119.64259338378906,120.25420827611856,116.64279476467264,116.98257670113864,81312200
2020-12-11,118.83684539794922,119.17662738728284,117.03113836127132,118.85625833732891,86939800
2020-12-14,118.22521209716797,119.7493831332465,117.99221982724323,119.0212758088773,79184500
2020-12-15,124.14715576171875,124.16657610565406,120.50661897640848,120.71048814758292,157243700
2020-12-16,124.07917785644531,124.62282888531004,122.86566580509383,123.69085992536465,98208600
2020-12-17,124.94322967529297,125.79754711737371,124.30249159373241,125.13738869029768,94359800
2020-12-18,122.96273803710938,125.3315156491244,122.43850000461316,125.19560290810932,192541500
2020-12-21,124.4869384765625,124.56460503939759,119.84646874418631,121.3706398580424,121251600
2020-12-22,128.0303955078125,130.48654300822767,125.86547908382497,127.76827272564631,168904800
2020-12-23,127.13723754882812,128.5643140977905,126.96248410987832,128.30220615943512,88223700
2020-12-24,128.1177978515625,129.56431009529325,127.27319788547423,127.48677727215622,54930100
2020-12-28,132.69998168945312,133.33100207588342,129.61279910731304,130.07879843395568,124486200
2020-12-29,130.93309020996094,134.73866218637744,130.41856229053343,134.02027253990548,121047300
2020-12-30,129.8166961669922,132.02043870547348,129.50602990016534,131.6224031061202,96452100
2020-12-31,128.8167724609375,130.80693578751612,127.87508564026446,130.16619767612093,99116600
2021-01-04,125.63249206542969,129.70989001259753,123.05984477192808,129.62252069116946,143301900
2021-01-05,127.18582153320312,127.89452354768616,124.68112978296618,125.12770893163514,97664900
2021-01-06,122.9045181274414,127.22462614380248,122.69093878823239,123.99182776037331,155088000
2021-01-07,127.09842681884766,127.78770834669253,124.1277509770645,124.61315591365346,109578200
2021-01-08,128.19546508789062,128.75853667263522,126.42858375506596,128.56436281946557,105158200
2021-01-11,125.21504974365234,126.37031583011212,124.7490651654895,125.41892632912634,100384500
2021-01-12,125.04032135009766,125.90434159113998,123.15694772474198,124.74907540981043,91951100
2021-01-13,127.06929016113281,127.61294126201366,124.73935263924878,125.00146061142823,88636800
2021-01-14,125.1470718383789,127.17606039170735,125.00144150715477,126.98190143012104,90221800
2021-01-15,123.42874908447266,126.41884484513,123.29283631414191,125.02087645693894,111598500
2021-01-19,124.0986328125,124.95295027523217,123.2346125834672,124.05008935422954,90757300
2021-01-20,128.176025390625,128.62260444676102,124.79761120554318,124.9044008833116,104319500
2021-01-21,132.87477111816406,135.5930423091138,129.69051523583008,129.89439187084045,120150900
2021-01-22,135.01051330566406,135.76774369341513,131.07873102256855,132.3019459227709,114459400
2021-01-25,138.7481231689453,140.85477848015867,132.55435242559187,138.89375351472623,157611700
2021-01-26,138.9811553955078,140.087878141181,137.24339729703607,139.40831414179996,98390600
2021-01-27,137.9132537841797,140.0878733207545,136.31142335408737,139.24325862387312,140843800
2021-01-28,133.08831787109375,137.8452949915903,132.7097026247184,135.44739349341899,142621100
2021-01-29,128.10806274414062,132.7485322226158,126.40914566020653,131.86509178375854,177523800
2021-02-01,130.22445678710938,131.42826655671627,127.10815007398598,129.84584146807433,106239800
2021-02-02,131.04962158203125,132.33108282824628,130.68070911395654,131.76801136085197,83305400
2021-02-03,130.03025817871094,131.80684177003687,129.70988918879502,131.7971241921303,89880900
2021-02-04,133.3795623779297,133.38926514344305,130.66129188255576,132.3213832150557,84183100
2021-02-05,132.96633911132812,133.60803459447885,132.09131060559002,133.53998407473009,75693800
2021-02-08,133.11219787597656,133.1608138714623,131.1773940055882,132.25660382908822,71297200
2021-02-09,132.23715209960938,134.05528941674183,132.0816016865625,132.83023162868662,76774200
2021-02-10,131.63436889648438,133.18999187171354,130.6718255115653,132.69412944515517,73046600
2021-02-11,131.3815155029297,132.60655792024502,130.0592411388619,132.1301451179774,64280000
2021-02-12,131.6149444580078,131.77050975209954,129.98155337661348,130.62324908809967,60145100
2021-02-16,129.49537658691406,132.23714344471992,129.10646349095452,131.731578673249,80576300
2021-02-17,127.21060943603516,128.55233419207937,125.87861678348459,127.60923995566041,97918500
2021-02-18,126.11190795898438,126.393856958418,123.87570598415513,125.61604564080127,96856700
2021-02-19,126.26747131347656,127.08418144033098,125.22716025236211,126.62721780066286,87668800
2021-02-22,122.50482177734375,126.1216319880877,122.11591609767342,124.45906002205308,103916400
2021-02-23,122.36869812011719,123.19511800076138,115.10591153263685,120.32695270389084,158273000
2021-02-24,121.87285614013672,122.07702996162088,118.83940802921852,121.47423317945595,111039900
2021-02-25,117.6337890625,122.95205487892161,117.19627482972935,121.22143247515002,148199500
2021-02-26,117.89633178710938,121.38674405752117,117.8379911024039,119.18943285020929,164560400
2021-03-01,124.24517822265625,124.38129410804099,119.38387540817448,120.31724465842385,116307900
2021-03-02,121.64923858642578,125.14937496490815,121.54228933610958,124.84797657824923,102260900
2021-03-03,118.67411804199219,122.22287046374831,118.46021953832745,121.34783450228308,112966300
2021-03-04,116.79766082763672,120.17140622773192,115.32955269233915,118.37272563793533,178155000
2021-03-05,118.0518569946289,118.55743656088569,114.30865590625393,117.62406745905575,153766600
2021-03-08,113.1322250366211,117.64351287063639,112.98638448752729,117.57545493676041,154376600
2021-03-09,117.73102569580078,118.67411961018901,115.4948308955723,115.72817134912674,129525800
2021-03-10,116.65181732177734,118.7810627593394,116.13651302909358,118.31438187621302,111943300
2021-03-11,118.57688903808594,119.79221465640565,117.89630965893046,119.14080190524842,103026500
2021-03-12,117.67268371582031,117.80879958845243,115.85456138090896,117.06016228897577,88105100
2021-03-15,120.55056762695312,120.56029230814386,117.07959821769512,118.0421413761026,92403800
2021-03-16,122.08675384521484,123.69098519524891,121.26033388239702,122.21314504308985,115227900
2021-03-17,121.29920196533203,122.36868685463394,118.94632630755859,120.608898014803,111932600
2021-03-18,117.18656921386719,119.76306129363483,116.98239537750578,119.47138014582727,121229700
2021-03-19,116.66153717041016,118.0615946863235,116.36013878430732,116.5740372845451,185549500
2021-03-22,119.96723175048828,120.43392009028169,116.92405882126718,116.99211676480378,111912300
2021-03-23,119.14080810546875,120.79364806529563,118.75190240381558,119.90889482634996,95467100
2021-03-24,116.75875091552734,119.49080775473756,116.73930897083474,119.41302514045037,88530500
2021-03-25,117.24488830566406,118.28521414548541,115.6989976953015,116.22401924724316,98844700
2021-03-26,117.84769439697266,118.11020888610055,115.62121696029041,117.0115497729694,94071200
2021-03-29,118.02268981933594,119.17968207349621,117.38100181008681,118.27547960128655,80819200
2021-03-30,116.57403564453125,117.06016589541106,115.56288383257017,116.7782094597697,85671900
2021-03-31,118.76162719726562,120.0936193981419,117.78936665110342,118.27549692418452,118323800
2021-04-01,119.58805084228516,120.73531861862071,119.0921958715762,120.22974638293907,75089100
2021-04-05,122.40760040283203,122.6603902138714,119.65610136330406,120.433912742921,88651200
2021-04-06,122.70897674560547,123.60345447904996,122.16451332833626,122.9909331346221,80171300
2021-04-07,124.35210418701172,124.37154613081405,121.66866345905004,122.33952549547996,83466700
2021-04-08,126.7438735961914,126.77304022302052,124.95491791825974,125.37298279315496,88844600
2021-04-09,129.3106689453125,129.34955284443396,125.87858997142516,126.199437772379,106686700
2021-04-12,127.5994873046875,129.1648274741665,127.00640774145585,128.84397969384253,91420000
2021-04-13,130.7010040283203,130.9246346798754,128.27035218071617,128.76621465236119,91266500
2021-04-14,128.3675537109375,131.25516860713591,128.00782207026887,131.19683535032675,87222800
2021-04-15,130.76904296875,131.2551732400093,129.93289830876327,130.10791292088626,89347100
2021-04-16,130.4384765625,130.9343240931431,129.58288254678484,130.57459244358938,84922400
2021-04-19,131.09957885742188,131.71210761044756,129.64118836775324,129.80647084298718,94264200
2021-04-20,129.41757202148438,131.77044021985614,128.15363063610712,131.2745927965494,94812300
2021-04-21,129.79676818847656,130.03983329744375,127.65779819666872,128.6883918850069,68847100
2021-04-22,128.280029296875,130.4287163012516,127.76473251290152,129.349506750087,84566500
2021-04-23,130.5940399169922,131.37183646308597,128.49395363729542,128.49395363729542,78657500
2021-04-26,130.98291015625,131.31347510114207,129.85508463607295,131.08985938377566,66905100
2021-04-27,130.66209411621094,131.65380402656527,130.38986235031265,131.26489090705445,66015800
2021-04-28,129.87457275390625,131.2746303918658,129.38844245381026,130.58431883810096,107760100
2021-04-29,129.77734375,133.2677706601101,128.775916495569,132.68440835234537,151101000
2021-04-30,127.81330871582031,129.85504585585895,127.43412790156238,128.124424207655,109839500
2021-05-03,128.86337280273438,130.35094470080776,128.17307630207762,128.3772426558717,75135100
2021-05-04,124.30349731445312,127.84253218435018,123.18539631101322,127.55085108162373,137564700
2021-05-05,124.54656219482422,126.83136521554766,124.42016359645294,125.61603972510449,84000900
2021-05-06,126.14107513427734,126.15079239791494,123.60346736850425,124.34238738168023,78128300
2021-05-07,126.81307220458984,127.83566778817108,126.10210583375782,127.43637521223602,78973300
2021-05-10,123.54074096679688,126.16055930554575,123.50178359349738,126.03396084545095,88071200
2021-05-11,122.62525939941406,122.97586087179818,119.5671689854115,120.27812799107281,126142800
2021-05-12,119.56717681884766,121.3883949923918,119.06074583190636,120.18074615402475,112172300
2021-05-13,121.70978546142578,122.85900193405529,121.01830882379365,121.32996037075966,105861300
2021-05-14,124.12507629394531,124.55359993393608,122.56681864446786,122.95638491442686,81918000
2021-05-17,122.9758529663086,123.61863839013512,121.90455135695586,123.51150748616402,74244600
2021-05-18,121.59292602539062,123.67709735626846,121.52475247458096,123.25831484976348,63342900
2021-05-19,121.43707275390625,121.66106832172552,119.65481225870738,119.94698879018051,92612000
2021-05-20,123.98873138427734,124.38803886132331,121.83638680726905,121.96300011967811,76857100
2021-05-21,122.15779113769531,124.66074485833978,121.94352929361253,124.48544038866837,79295400
2021-05-24,123.78421020507812,124.60230012567476,122.65447618088876,122.72264972174192,63092900
2021-05-25,123.58942413330078,124.97238470676444,123.02455343641832,124.4854213164092,72009500
2021-05-26,123.54074096679688,124.06665436080144,123.12195849177618,123.64787188578073,56575900
2021-05-27,122.01168060302734,124.3101132618625,121.81690119683103,123.14142196396851,94625600
2021-05-28,121.35918426513672,122.5181420121491,121.30075191834936,122.29413896553177,71311100
2021-06-01,121.03778839111328,122.07987398745031,120.7066618606694,121.81692100329542,67637100
2021-06-02,121.79741668701172,121.97272112169325,120.81377104330335,121.03776661351102,59278900
2021-06-03,120.31707000732422,121.59289214427336,119.91776258501811,121.42732891420592,76229200
2021-06-04,122.60576629638672,122.86872666566839,120.61898516439692,120.83324696740925,75169300
2021-06-07,122.61552429199219,123.02456555539773,121.5734387321586,122.87847726693603,71057600
2021-06-08,123.43358612060547,125.1087231263275,122.91741402757391,123.29723905566723,74403800
2021-06-09,123.81342315673828,124.41725123885395,123.21933627459374,123.89133789579034,56877900
2021-06-10,122.8200454711914,124.84578425664763,122.65448221103098,123.7063015458541,71186400
2021-06-11,124.02767944335938,124.11533537847384,122.81028956380078,123.22907197958327,53522400
2021-06-14,127.07605743408203,127.13448978732707,123.75502075495677,124.48545489196101,96906500
2021-06-15,126.25794219970703,127.19290419262148,126.01446421684268,126.5501187512876,62746300
2021-06-16,126.754638671875,127.47533888931655,125.10873990323489,126.96890049704093,91815000
2021-06-17,128.35183715820312,129.09201968074376,126.26766637763058,126.41376207268152,96721700
2021-06-18,127.05659484863281,128.07919079176992,126.84233297122552,127.30007290380283,108953300
2021-06-21,128.84854125976562,128.95567215813708,125.83915719739741,126.90071755171388,79663300
2021-06-22,130.48472595214844,130.58212309669915,128.18629303149916,128.68299766370282,74783600
2021-06-23,130.21205139160156,130.81588702946803,129.75431149256474,130.2802323751994,60214200
2021-06-24,129.92959594726562,131.12750347675475,129.46210751467535,130.94245782977737,68711000
2021-06-25,129.63742065429688,130.39707078875628,129.3452440962624,129.97829578212327,70783700
2021-06-28,131.26385498046875,131.72159479819973,129.87116798746578,129.9296003283306,62111300
2021-06-29,132.77342224121094,132.92925172484664,130.84508067855094,131.28333809814853,64556100
2021-06-30,133.38697814941406,133.82523552499876,132.32540290188453,132.61757943917965,63261400
2021-07-01,133.68890380859375,133.74733615062,132.218287184251,133.03638455477136,52485800
2021-07-02,136.30873107910156,136.34768102067733,134.1563790042736,134.30245986108,78852600
2021-07-06,138.31500244140625,139.4155130237445,136.415876793308,136.415876793308,108181800
2021-07-07,140.7984161376953,141.1100601420294,138.93824129631832,139.79527345377156,104911600
2021-07-08,139.50314331054688,140.3017433261173,137.00018264096806,137.88644602005195,105575500
2021-07-09,141.32435607910156,141.8502619651795,138.92852627188464,139.02592340594762,99890800
2021-07-12,140.7303009033203,142.50282808936566,140.2433448448313,142.3956971620693,76299700
2021-07-13,141.84054565429688,143.61307265954179,139.882987848704,140.2725467114718,100827100
2021-07-14,145.25897216796875,145.66802829472786,143.82732030646622,144.23637643322533,127050800
2021-07-15,144.6064453125,146.08679566961968,143.25270826705687,145.3466279214185,106820300
2021-07-16,142.57098388671875,145.85306272785598,142.07429409288326,144.58698895603396,93251400
2021-07-19,138.73374938964844,140.31149679803218,137.97409928442224,139.99983785193092,121434600
2021-07-20,142.33724975585938,143.26247815428886,139.23048258998614,139.71743864780393,96350000
2021-07-21,141.60679626464844,142.31776271135624,140.85689473808662,141.7334095777614,74993500
2021-07-22,142.97027587890625,144.33374665171397,142.00609770767423,142.13271101540525,77338200
2021-07-23,144.68435668945312,144.84018616778306,143.0871416883638,143.7007109713398,71447400
2021-07-26,145.10313415527344,145.92121655552194,143.8467795270844,144.4019164234274,72434100
2021-07-27,142.94110107421875,145.31744927511497,141.75292697377066,145.22978588093153,104818600
2021-07-28,141.19776916503906,143.13585955365372,138.82142131266863,141.03220589476328,118931200
2021-07-29,141.84054565429688,142.72680915691933,140.80820129331602,140.91533220968486,56699500
2021-07-30,142.05477905273438,142.51251879825827,140.35043336301797,140.61339371614585,70440600
2021-08-02,141.72369384765625,143.11638102630255,141.46073341799487,142.5417764502479,62880000
2021-08-03,143.51565551757812,144.17790846415585,141.39251988736964,142.00608912842299,64786600
2021-08-04,143.11636352539062,143.9344460279435,142.4638442773508,143.42802249439222,56368300
2021-08-05,143.22348022460938,143.9831303102646,142.35669923658142,143.1455654900914,46397700
2021-08-06,142.5407257080078,143.48683682415765,142.04329182669468,142.74556017853746,54126800
2021-08-09,142.49195861816406,143.08693557693016,141.93600483737242,142.59925003312128,48908700
2021-08-10,142.01402282714844,144.072056221946,141.72140855204836,142.83333089104445,69023100
2021-08-11,142.26763916015625,143.10645895995768,141.94576488875748,142.45296206335397,48493500
2021-08-12,145.22296142578125,145.3790243295743,142.24807743525358,142.58946317692866,72282600
2021-08-13,145.42782592773438,145.7594485046543,144.61826619020815,145.30102293180235,59375000
2021-08-16,147.3981170654297,147.46640020534528,142.86264613601338,144.88165713815187,103296000
2021-08-17,146.4910125732422,147.94430623200614,145.41809822926902,146.53002087530285,92229700
2021-08-18,142.7553253173828,147.00794422226895,142.55049082276733,146.1106045300614,86326000
2021-08-19,143.08692932128906,144.35491465635323,140.9411159989395,141.45806146213795,86960300
2021-08-20,144.54025268554688,144.84261535990314,143.16497579607238,143.80872432514332,60549600
2021-08-23,146.02284240722656,146.49101645929602,144.24765951519495,144.65731367112883,60131800
2021-08-24,145.93499755859375,147.1444629009486,145.47657201899844,145.76918628216262,48606400
2021-08-25,144.70606994628906,146.61780402195117,144.15986446266652,146.12035519130814,58991300
2021-08-26,143.90628051757812,145.44736901605114,143.87702056810593,144.69634380228402,48597200
2021-08-27,144.94015502929688,145.08645474475415,143.21374397198983,143.84772924961433,55802400
2021-08-30,149.34881591796875,149.70971334019745,144.9498976782118,145.33029180641267,90956700
2021-08-31,148.0906219482422,149.03673327230263,147.56391312712373,148.90018188960238,86453100
2021-09-01,148.7537841796875,151.16295106541293,148.58797294209612,149.06590995607797,80313700
2021-09-02,149.8657684326172,150.90942268736845,148.64655451799135,150.08035127222993,71115500
2021-09-03,150.49977111816406,150.82164538297303,149.3195654805312,149.97306236375573,57808700
2021-09-07,152.8308868408203,153.386840580654,150.5875305279746,151.15324750307346,82278300
2021-09-08,151.289794921875,153.17225378958634,150.18762094012845,153.113733911437,74420200
2021-09-09,150.27545166015625,152.2652024090621,150.15839699282031,151.6604770125975,57305700
2021-09-10,145.30104064941406,151.65070144497142,145.03768627305047,151.1825274626448,140893200
2021-09-13,145.8667755126953,147.69071501388157,145.08647552487224,146.92017826380882,102404300
2021-09-14,144.4719696044922,147.34932639599026,143.2917788504928,146.64705797915482,109296300
2021-09-15,145.35955810546875,145.75946384011283,142.76506733146184,144.9011324843855,83281300
2021-09-16,145.1254425048828,145.30101702156867,143.5941177955223,144.7840715894616,68034100
2021-09-17,142.46270751953125,145.15474141357228,142.17009319848557,145.15474141357228,129868800
2021-09-20,139.4195098876953,141.27270852567665,137.79064237509579,140.25832940322934,123478900
2021-09-21,139.89747619628906,141.03867353306788,139.2634909051742,140.38516176883357,75834000
2021-09-22,142.2578887939453,142.82359096635926,140.16083188261564,140.89236024826914,76404300
2021-09-23,143.21377563476562,143.45761846975984,142.05308135891542,143.0382010544173,64838200
2021-09-24,143.30148315429688,143.83794009711315,141.9749782061412,142.07252124409982,53477900
2021-09-27,141.78970336914062,142.36518367517027,140.2778899497781,141.8872464401241,74150700
2021-09-28,138.41490173339844,141.18495179250712,138.20031892345534,139.72189529724798,108972300
2021-09-29,139.31222534179688,140.89232141352545,138.53192565691387,138.96109122774845,74602000
2021-09-30,138.01502990722656,140.82410382973063,137.80044704464729,140.12183534910463,89056700
2021-10-01,139.13668823242188,139.40004260947205,135.68388091891475,138.40515987182454,94639600
2021-10-04,135.7131805419922,138.70757798402593,134.86461215815257,138.26864893294908,98322000
2021-10-05,137.6346435546875,138.73681787676418,135.9277437943665,136.05454682483122,80861100
2021-10-06,138.50271606445312,138.6490157972431,134.9621137010957,136.03502801816884,83221100
2021-10-07,139.76092529296875,140.66802820004892,139.20497147758243,139.53659409609236,61732700
2021-10-08,139.38050842285156,140.6289820985626,139.04888585839274,140.48268240335435,58773200
2021-10-11,139.29273986816406,141.24348200456123,138.31736879996546,138.76604603984862,64452200
2021-10-12,138.0247802734375,139.72193160685052,137.56635459515326,139.70242001460875,73035900
2021-10-13,137.4395294189453,137.91745167770748,135.7716384818284,137.7614036307742,78762700
2021-10-14,140.2193603515625,140.33641501765865,138.02477512030043,138.61000380183043,69907100
2021-10-15,141.2727508544922,141.3312707409973,139.97550546602724,140.22911148485912,67940300
2021-10-18,142.940673828125,143.22352497013978,139.63416555830162,139.91701670031637,85589200
2021-10-19,145.09617614746094,145.49608180607396,142.9406146975332,143.38927699692093,76378900
2021-10-20,145.58389282226562,146.0618300447265,144.47197030405582,145.03768735830047,58418800
2021-10-21,145.7984619140625,145.9545248556128,144.22811391179323,145.1449650896746,61421000
2021-10-22,145.02792358398438,146.48121692115393,144.97915205496275,146.00329463249273,58883400
2021-10-25,144.97914123535156,145.69115788039105,143.98425867288518,145.0181495258691,50720600
2021-10-26,145.6424560546875,147.12500978003416,145.34007843670338,145.65220441024096,60893400
2021-10-27,145.1840057373047,146.04232225315448,144.83287151805337,145.68143968000115,56094900
2021-10-28,148.8124237060547,149.3976376243805,146.03260922430047,146.1301523188481,100077900
2021-10-29,146.110595703125,146.2471470636249,142.804088225394,143.59413644564216,124953200
2021-11-01,145.29127502441406,146.0130400607468,144.15984105888933,145.32053496464482,74588300
2021-11-02,146.3251953125,147.8370236875447,144.98892661408803,144.99868985144568,69122000
2021-11-03,147.75897216796875,148.22714612515688,146.1301042293714,146.68605801297326,54511500
2021-11-04,147.2420196533203,148.67580139860405,146.92989377476803,147.84674493928904,60394600
2021-11-05,147.76950073242188,148.66815006608644,146.57781000839395,148.36534609443586,65463900
2021-11-08,146.94900512695312,148.0527879681065,146.67550378830177,147.89649723038997,55020900
2021-11-09,147.3103790283203,147.91598686060686,146.57778313905698,146.7145337755314,56787900
2021-11-10,144.48748779296875,146.64621090035791,144.4191199061072,146.53876287411308,65187100
2021-11-11,144.43862915039062,145.96242651484354,144.25303577054234,145.5033467129879,41000000
2021-11-12,146.5094451904297,146.9099196974308,144.0576809080353,144.9856329096499,63804000
2021-11-15,146.51919555664062,148.3555742437889,145.9624154592678,146.88060480284193,59222800
2021-11-16,147.49600219726562,147.97463697406297,145.87451939068316,146.4606021824879,59256200
2021-11-17,149.9281768798828,151.40313104892564,147.48619089522273,147.4959534734695,88807000
2021-11-18,154.20655822753906,154.98799688592075,149.4984160214015,150.1431040324191,137827700
2021-11-19,156.8243865966797,157.28348128204507,152.89766786630707,153.9916731226482,117305600
2021-11-22,157.28347778320312,161.8548695638248,157.26393771700205,157.9281509208038,117467900
2021-11-23,157.66439819335938,158.04534743857107,155.36892523842945,157.38111945184002,96041900
2021-11-24,158.18211364746094,158.37746957878764,155.93548317544833,157.01972573471906,69463600
2021-11-26,153.17112731933594,156.72665833543593,152.73157282073478,155.86708939952914,76959800
2021-11-29,156.52157592773438,157.44952783966656,155.10521179906075,155.67175446958956,88748200
2021-11-30,161.46417236328125,161.67906839694083,156.2090119296681,156.2773947152438,174048100
2021-12-01,160.9464569091797,166.34813007275002,160.71202083002768,163.59356203535145,152052500
2021-12-02,159.9599151611328,160.38970726884503,154.1382263513205,155.0564158714864,136739200
2021-12-03,158.0844268798828,161.1320360204304,156.01362719703414,160.21384675586103,118023100
2021-12-06,161.4836883544922,163.98428011365826,160.46781363689186,160.47757621707362,107497000
2021-12-07,167.20773315429688,167.59846003217984,164.43363939250656,165.15647293806026,120405400
2021-12-08,171.01722717285156,171.8768113251432,166.73886138447926,168.13568563195315,116998900
2021-12-09,170.50927734375,172.6484600825667,169.8841293433167,170.85116144440897,108923700
2021-12-10,175.28578186035156,175.46161263264923,170.63624509261138,171.14418244016858,115402700
2021-12-13,171.66189575195312,177.9036129181879,171.45676231906222,176.91704079075095,153237000
2021-12-14,170.28460693359375,173.6154801461527,168.21380712036787,171.1832561903654,139380400
2021-12-15,175.13929748535156,175.33465344975855,168.31149697974806,171.04652519555987,131063300
2021-12-16,168.2626495361328,176.93659123544322,166.78769490587976,175.11975249855263,150185800
2021-12-17,167.16860961914062,169.44454258569772,165.75226057944147,165.98668171971096,195432700
2021-12-20,165.8108673095703,166.6216085377041,163.57401445003114,164.37497819410103,107499100
2021-12-21,168.97572326660156,169.18084181030284,165.1955175809284,167.57889907243998,91185900
2021-12-22,171.564208984375,171.77910499631244,168.15519034473417,169.02453697313442,92135300
2021-12-23,172.18936157226562,172.74614168304623,171.2028043307869,171.76934702247985,68356600
2021-12-27,176.14540100097656,176.233308952318,172.9610554465104,172.98058061033834,74919600
2021-12-28,175.12950134277344,177.12217071968058,174.38714279522745,175.9793227997058,79144300
2021-12-29,175.2174072265625,176.43840038673264,174.0061766459811,175.16856451921535,62348900
2021-12-30,174.0648193359375,176.379833000267,173.95737131856603,175.30535282655248,59773000
2021-12-31,173.44944763183594,175.07091555859822,173.14662874511,173.9573701608435,64062300
2022-01-03,177.78639221191406,178.6362137085352,173.58618706197944,173.70339765267045,104487900
2022-01-04,175.52999877929688,178.69481886787932,174.96345608354855,178.39201490568885,99310400
2022-01-05,170.8609161376953,175.9890879826122,170.587414831676,175.4420853705736,94537600
2022-01-06,168.0087127685547,171.2321387270322,167.65706602936248,168.69246617678775,96904000
2022-01-07,168.1747589111328,170.09904585932276,167.06121343542898,168.8780523594411,86709100
2022-01-10,168.1942596435547,168.4970635759533,164.26754129298973,165.15642793014217,106765600
2022-01-11,171.01722717285156,171.1148977053451,166.85608689005863,168.3212790198075,76138300
2022-01-12,171.45672607421875,173.0684309309445,170.76321037163262,172.0330312140467,74805200
2022-01-13,168.1942596435547,172.52145244084235,167.80353287215138,171.70094857794888,84505800
2022-01-14,169.0538787841797,169.7473947274692,167.11981439919933,167.36401309283474,80440800
2022-01-18,165.85971069335938,168.5361181103695,165.478761430844,167.53002095796475,90956700
2022-01-19,162.37257385253906,167.1100339648471,162.08930995625335,166.05509393247632,94815000
2022-01-20,160.69247436523438,165.74250066133902,160.3701303584997,163.10515822088573,91420500
2022-01-21,158.64122009277344,162.470253269675,158.5337720868401,160.60457194151562,122848900
2022-01-24,157.8695526123047,158.53378075020058,151.11013516388041,156.30669005524535,162294600
2022-01-25,156.0722198486328,158.98306320756222,153.37627246633923,155.2907812885663,115798400
2022-01-26,155.98435974121094,160.57529219502064,154.15775828454986,159.70594544292626,108275300
2022-01-27,155.52523803710938,160.03802433796415,154.60704872462142,158.68028043462846,121954600
2022-01-28,166.37741088867188,166.39695095221313,159.02214941138433,161.8646250162313,179935700
2022-01-31,170.72415161132812,170.9390476064095,165.57644011866424,166.2113655240236,115541600
2022-02-01,170.55810546875,170.78276405312576,168.31147491088436,169.97202274767105,86213900
2022-02-02,171.75958251953125,171.79866265554188,169.30783310188434,170.69487983616585,84914300
2022-02-03,168.88780212402344,172.15030783567607,168.125903430298,170.4311395793071,89418100
2022-02-04,168.60418701171875,170.27664070855118,166.93173331488632,167.90977257243412,82465400
2022-02-07,167.89016723632812,170.12986983202234,167.19575302575456,169.06381097409727,77251200
2022-02-08,170.99061584472656,171.4992004689829,167.6652732075989,167.95868798788894,74829200
2022-02-09,172.4087371826172,172.77060688626915,171.05903840340724,172.18379236064646,71285000
2022-02-10,168.34007263183594,171.62628436106874,167.78259814649985,170.31571564595043,90865900
2022-02-11,164.9365234375,169.27901969811438,164.34969397169522,168.545490327705,98670700
2022-02-14,165.17123413085938,165.85585845870224,162.90217644579033,163.69438566255786,86185500
2022-02-15,168.99539184570312,169.15188170406051,166.51117876998032,167.21536820889426,62527400
2022-02-16,168.76065063476562,169.53329496166765,166.31555287107355,168.0760262456703,61177400
2022-02-17,165.17123413085938,168.13469116142224,164.77023455180458,167.27401205002488,69589300
2022-02-18,163.6259307861328,166.7947676550334,162.54030687860808,166.0905932914819,82772700
2022-02-22,160.71142578125,163.0293741588099,158.58906735628025,161.3569203806229,91162800
2022-02-23,156.55471801757812,162.5011823133144,156.24173835796486,161.90457789540673,90009200
2022-02-24,159.1660919189453,159.27367681919955,148.66194638721413,149.22921086821898,141147500
2022-02-25,161.22976684570312,161.4938266826065,157.3371601146723,160.24193771015948,91974200
2022-02-28,161.49383544921875,161.7872502076219,158.8629074909049,159.47907699118204,95056600
2022-03-01,159.61593627929688,162.94127730151064,158.4129526803882,161.08299454459132,83474400
2022-03-02,162.90220642089844,163.68464076398826,159.37148431939156,160.77986315221446,79724800
2022-03-03,162.5794677734375,165.20062084345977,161.9144082164394,164.7702811660162,76678400
2022-03-04,159.5866241455078,161.9143617747294,158.54013016070306,160.87764280753723,83737200
2022-03-07,155.80162048339844,161.39600492959968,155.54732078440395,159.7724565579089,96418800
2022-03-08,153.9824981689453,159.30303394754864,152.3785144348394,155.33219707675556,131148300
2022-03-09,159.3714599609375,159.82136448965088,155.9092082958325,157.93374136581392,91454900
2022-03-10,155.03878784179688,156.86771648439594,152.5545597614365,156.68188663700346,105342000
2022-03-11,151.33200073242188,155.78208206231224,151.10705589580672,155.4397623739769,96970100
2022-03-14,147.31224060058594,150.73537736075448,146.80367102699051,148.1240148231261,108732100
2022-03-15,151.68408203125,152.1535515492418,147.0775261791108,147.58609577139651,92964300
2022-03-16,156.08526611328125,156.48626575095446,151.06793536575267,153.60105321090987,102300200
2022-03-17,157.09266662597656,157.46432633327734,154.16833868809496,155.1268130175759,75615400
2022-03-18,160.37884521484375,160.86786475806085,156.25151907619613,156.98504839102176,123511700
2022-03-21,161.7481231689453,162.69682236043158,159.4301601813594,159.9191797677464,95811400
2022-03-22,165.11253356933594,165.69934795266286,161.2883979046786,161.8752122880055,81532000
2022-03-23,166.47203063964844,168.84865833026834,163.9682381752626,164.30078278901993,98062700
2022-03-24,170.24729919433594,170.31575418142768,166.47206709718986,167.30339150441574,90131400
2022-03-25,170.8830108642578,171.43071043053845,168.95627243907444,170.06146151483682,80546200
2022-03-28,171.7436981201172,171.87083307439428,168.22275085370143,168.38901573521346,90371900
2022-03-29,175.02992248535156,175.07881251217484,172.467449330379,172.80976906031557,100589400
2022-03-30,173.8660125732422,175.66560091058673,172.8195035873902,174.628881866762,92633200
2022-03-31,170.77542114257812,174.1203133341303,170.5700263491638,173.93448350287292,103049300
2022-04-01,170.4819793701172,171.03946877548313,168.16403166582776,170.2081296381206,78751300
2022-04-04,174.52133178710938,174.57023673592576,170.60917466091976,170.73632454310336,76468400
2022-04-05,171.21556091308594,174.38441368133695,170.58961634544698,173.60197924086432,73401800
2022-04-06,168.0564727783203,169.81694627331598,166.3938091700385,168.57483234577828,89058800
2022-04-07,168.3596649169922,169.55287391806212,166.11996174699982,167.401190693142,77594700
2022-04-08,166.35467529296875,168.00756384278074,165.48422104719532,168.00756384278074,76575500
2022-04-11,162.11001586914062,165.31798361672782,161.8655060412837,165.00501879739264,72246700
2022-04-12,163.97802734375,166.13948524268093,162.98042335456353,164.33012199148104,79265200
2022-04-13,166.65785217285156,167.28379658301122,163.10758048377514,163.71395993382896,70618900
2022-04-14,161.66009521484375,167.50878046321276,161.4155854111937,166.87304601950618,75329400
2022-04-18,161.44491577148438,162.94131434841603,159.97785717263437,160.3201618914843,69023900
2022-04-19,163.7237091064453,164.13449858536075,160.31036282956023,161.39598662683204,67723800
2022-04-20,163.55746459960938,165.1712379709988,162.45229063171516,165.0538631380032,67929800
2022-04-21,162.7652587890625,167.7630389892028,162.26646424033356,165.200581424204,87227800
2022-04-22,158.23696899414062,164.18344962427105,157.95334416856102,162.8044255775631,84882400
2022-04-25,159.3030242919922,159.58664908398902,154.98009296481885,157.5816658069576,96046400
2022-04-26,153.35653686523438,158.77486701882205,153.2782919448604,158.68684707978605,95623200
2022-04-27,153.13160705566406,156.2808795981602,151.967738002025,152.48609759207858,88063200
2022-04-28,160.04632568359375,160.9070049099631,155.43975472715812,155.7527344180899,130216800
2022-04-29,154.18785095214844,162.55008785176082,153.7966412998766,158.28583697775457,131747600
2022-05-02,154.49107360839844,154.7551334388098,149.9040675207667,153.2685246478865,123055300
2022-05-03,155.97767639160156,157.18067526746918,152.88708408047324,154.67688255687574,88966500
2022-05-04,162.3740997314453,162.82398948256164,155.7625440657332,156.16354378750378,108256500
2022-05-05,153.3271942138672,160.47665766238154,151.5471558846843,160.25171284753384,130525300
2022-05-06,154.052001953125,156.16767394547392,151.0156200226824,152.8080631040653,116124600
2022-05-09,148.9391326904297,152.63176175523802,148.38083908771665,151.75022430191655,131577900
2022-05-10,151.33885192871094,153.52309446613708,149.79127784510368,152.328132388233,115366700
2022-05-11,143.49325561523438,152.25956414663153,142.81741468212965,150.3495886480442,142689800
2022-05-12,139.63412475585938,143.19941752795359,135.95129962230052,139.8398213340432,182602000
2022-05-13,144.09071350097656,145.0604001115948,140.17280954058904,141.62242982115953,113990900
2022-05-16,142.552978515625,144.49235241019304,141.2208901087805,142.56278284412517,86643800
2022-05-17,146.17701721191406,146.69613834453236,143.66954586445135,145.80481151470883,78336300
2022-05-18,137.92984008789062,144.33560760113403,137.0287088681347,143.83608013972986,109742900
2022-05-19,134.53103637695312,138.7525756020971,133.79642936713128,137.00910949443605,136095600
2022-05-20,134.76611328125,137.81228455615957,129.88832647827988,136.2353274341848,137426100
2022-05-23,140.17283630371094,140.31975175202894,134.82488980062982,134.96201586760006,117726300
2022-05-24,137.47927856445312,139.05623582746938,134.51146690573626,137.92003986063096,104132700
2022-05-25,137.63595581054688,138.8798794260536,135.5006906054065,135.58883984827878,92482700
2022-05-26,140.8290557861328,141.37755994588284,134.32533585009304,134.57020484609697,90601500
2022-05-27,146.56878662109375,146.60795908464218,142.27867700009156,142.40601366145458,90978500
2022-05-31,145.7852325439453,147.56788638378129,143.82628016379354,146.01052282850958,103718400
2022-06-01,145.6578826904297,148.62569377792533,144.64900865939228,146.823446577346,74286600
2022-06-02,148.1066131591797,148.16537934399943,143.84588541228797,144.79597858853165,72348100
2022-06-03,142.39625549316406,144.93309527765794,141.49513917786348,143.88504856420633,88570300
2022-06-06,143.1406707763672,145.52080603843785,141.92611474243267,144.01240411533595,71598400
2022-06-07,145.6578826904297,145.94192415465892,141.1424977278199,141.38736672807937,67808200
2022-06-08,144.92330932617188,146.7940975636926,144.43357121198528,145.53057980516448,53950200
2022-06-09,139.71250915527344,144.91352630119295,139.60476615648915,144.06138663984123,69473000
2022-06-10,134.31558227539062,137.87107088214006,134.24701176433422,137.40092646925825,91437900
2022-06-13,129.17337036132812,132.4252246894008,128.74239829415114,130.1430425668505,122207100
2022-06-14,130.0352325439453,131.14204524198857,128.7815044194442,130.39764883857168,84784300
2022-06-15,132.65045166015625,134.52125474775525,129.4475753177957,131.5338494146611,91533000
2022-06-16,127.39065551757812,129.67283655853572,126.39158573948599,129.36920136755154,108123900
2022-06-17,128.85989379882812,130.34870189215334,127.14581035148301,127.40048374314352,134520300
2022-06-21,133.08143615722656,134.24701531100777,130.58378362269173,130.68172228241795,81000500
2022-06-22,132.5720977783203,134.93262385029735,131.16164978530637,132.0235786011109,73409200
2022-06-23,135.4321746826172,135.74559928638683,132.84635818263115,134.0119372202921,72433800
2022-06-24,138.75262451171875,138.99749360130787,136.90141479225005,137.02873655581266,89116800
2022-06-27,138.75262451171875,140.54506804098577,138.07678343315314,139.77127334833523,70207900
2022-06-28,134.61923217773438,140.47649657650823,134.50169979812208,139.2129786588069,67083400
2022-06-29,136.37246704101562,137.7829151592785,133.8650103621575,134.63880492913648,66242400
2022-06-30,133.91403198242188,135.53016227390663,131.0245792165662,134.43315334614127,98964500
2022-07-01,136.07862854003906,136.1863715256026,132.87575195629162,133.24794276909347,71051600
2022-07-05,138.65460205078125,138.70357883350502,134.11962398076668,134.94239507192506,73353800
2022-07-06,139.9867401123047,141.16210859174285,138.1845074474581,138.44897021265854,74064300
2022-07-07,143.34632873535156,143.54222096010838,140.33933002838788,140.34911940865916,66253700
2022-07-08,144.02218627929688,144.52172874952925,142.0240612352335,142.2787196887486,64547800
2022-07-11,141.89669799804688,143.63037488194183,140.82907263468897,142.6802818681296,63141600
2022-07-12,142.86639404296875,145.40323372369386,142.07302074051665,142.76844044820817,77588800
2022-07-13,142.50399780273438,143.44428658574307,139.20315284375937,140.05530730128564,71185600
2022-07-14,145.42282104492188,145.8929653987599,140.30995449187216,141.12292146669557,78140700
2022-07-15,147.0879364013672,147.76377735798872,145.1583671279135,146.7059412883577,76259900
2022-07-18,144.05152893066406,148.4591705156607,143.6891126817675,147.6462037187318,81420900
2022-07-19,147.90093994140625,148.1262153340257,143.8948849564332,144.88415076369606,82982400
2022-07-20,149.89901733398438,150.56506886066487,147.2838179131366,148.01842499581136,64823400
2022-07-21,152.16163635253906,152.37712231601844,148.82161886422966,151.3290755894941,65086600
2022-07-22,150.92747497558594,153.07253011561605,150.2614383736218,152.20079694797485,66675400
2022-07-25,149.8108673095703,151.85796878260385,149.15462011252404,150.84910958984113,53623900
2022-07-26,148.48854064941406,149.94795005955055,147.70495700239573,149.13498333351035,55138700
2022-07-27,153.57203674316406,154.10096215711584,149.0370729884084,149.44845111836102,78620700
2022-07-28,154.12059020996094,154.40463173955777,151.2409277129022,153.75817384315252,81378700
2022-07-29,159.17465209960938,160.2716754702952,156.22643448443253,157.93072824104914,101786900
2022-08-01,158.19517517089844,160.23248719622674,157.58790478823227,157.70543713439505,67829400
2022-08-02,156.7259521484375,159.07670355733856,156.35376142488207,156.81411634866453,59907000
2022-08-03,162.72036743164062,163.1709180629882,157.45078129075776,157.53893055181024,82507500
2022-08-04,162.40692138671875,163.7586031177134,161.0552396557241,162.60281360750764,55474100
2022-08-05,162.18133544921875,162.67175374212067,159.87636348602825,160.08234575425365,56697000
2022-08-08,161.7105255126953,164.59418751238474,161.0533667864172,163.18178041324063,60276900
2022-08-09,161.7595672607422,162.64232916411427,160.12157196524083,160.87682032374863,63135500
2022-08-10,165.99681091308594,166.09488560468589,163.70164162721542,164.46669306704544,70170500
2022-08-11,165.26116943359375,167.713261012407,164.9669154508603,166.80107516257124,57149200
2022-08-12,168.802001953125,168.87065273956517,166.1537308916434,166.56569547580565,68039400
2022-08-15,169.87110900878906,170.06727335382837,168.0663730882192,168.2331135298216,54091700
2022-08-16,169.71417236328125,170.38114909928223,168.3704308785935,169.46896318920653,56377100
2022-08-17,171.20506286621094,172.77439273368478,169.26301023326062,169.45917459589717,79542000
2022-08-18,170.81268310546875,171.5483105348056,169.8024226331564,170.42035446304044,62290100
2022-08-19,168.2331085205078,170.41056710828244,168.02712623620275,169.71416649279175,70346300
2022-08-22,164.3588409423828,166.6049507819939,163.93707330716836,166.43821031061515,69026800
2022-08-23,164.0253143310547,165.47696339789675,163.4564272588674,163.87819481513557,54147100
2022-08-24,164.319580078125,164.88846719098774,163.06411023124903,164.11361274111158,53841500
2022-08-25,166.77163696289062,166.87952958176348,165.12383874706296,165.54559127859812,51218200
2022-08-26,160.48446655273438,167.77208967610682,160.42561875617696,167.30129233726979,78961000
2022-08-29,158.28744506835938,159.77830620497173,156.7573420791942,158.0618418321346,73314000
2022-08-30,155.86477661132812,159.4448248788866,154.69757844618866,159.02307224651202,77906200
2022-08-31,154.20713806152344,157.50274977749038,154.12866933419335,157.23791969354875,87991100
2022-09-01,154.93296813964844,155.38414463005734,151.70600708998924,153.63825654168207,74229900
2022-09-02,152.82418823242188,157.28699892323417,152.00028886480865,156.6886878420521,76957800
2022-09-06,151.5686798095703,154.07961913097643,150.74478065092995,153.47150522336744,73714800
2022-09-07,152.97129821777344,153.6676838931478,150.66632598771957,151.85314497915547,87449600
2022-09-08,151.5000457763672,153.36362955067995,149.75414265238146,151.67658920142858,84923800
2022-09-09,154.35426330566406,154.79565178409123,151.78447599724632,152.49067960307377,68028800
2022-09-12,160.2981414794922,161.11223777090294,156.24729591423596,156.53173198406338,104956000
2022-09-13,150.89190673828125,157.46350930410847,150.43091231518306,156.8357744463717,122656600
2022-09-14,152.33372497558594,154.0894308134101,150.66630580332588,151.82368576965968,87965400
2022-09-15,149.45005798339844,152.26506901475514,148.47903939265456,151.68636408491093,90481100
2022-09-16,147.81207275390625,148.44962552428208,145.5267216779744,148.31230899881908,162278800
2022-09-19,151.51962280273438,151.5980915210163,146.24273245408108,146.44869974399057,81474200
2022-09-20,153.8932647705078,155.05065980282333,150.14647654096675,150.4603364872082,107689800
2022-09-21,150.7742156982422,155.69802002410492,150.6565200858437,154.32483969180942,101696800
2022-09-22,149.81301879882812,151.5098622787984,148.01808565192604,149.45991695080835,86652500
2022-09-23,147.54725646972656,148.5673350111051,145.7130966439831,148.29270193451399,96029900
2022-09-26,147.88076782226562,150.82327820825114,146.77241745430226,146.7920383807957,93339400
2022-09-27,148.85177612304688,151.75505941669135,147.07646404392761,149.81300689014782,84442700
2022-09-28,146.9685821533203,147.7532545846386,142.0643981655583,144.81074419198137,146691400
2022-09-29,139.7495880126953,143.90834038923484,137.9840792223541,143.3002265150421,128138200
2022-09-30,135.55160522460938,140.35771319334796,135.35544091221504,138.5725835278908,124925300
2022-10-03,139.72019958496094,140.32832857992096,135.05142179088293,135.5614611189966,114311700
2022-10-04,143.3002471923828,143.41794280659562,141.49549629829846,142.2507447443845,87830100
2022-10-05,143.59446716308594,144.55569777280346,140.2694318056122,141.30913113651346,79471000
2022-10-06,142.64306640625,144.71263233032042,142.43709909152813,143.0157891213956,68402200
2022-10-07,137.40541076660156,140.3577388347644,136.7776758724346,139.80845770678545,85925600
2022-10-10,137.7290802001953,139.17091126885134,135.91454138275128,137.7290802001953,74899000
2022-10-11,136.31668090820312,138.64127407342733,135.57125040118655,137.21904887976436,77033700
2022-10-12,135.68894958496094,137.67024396939837,135.51240615749046,136.46381898254117,70433700
2022-10-13,140.24984741210938,140.8383404618952,131.7950247428473,132.4031536839207,113224000
2022-10-14,135.7281951904297,141.75053227831364,135.5418338120233,141.5445499741852,88598000
2022-10-17,139.68093872070312,140.1615390587515,137.58194907165392,138.36662131640782,85250900
2022-10-18,140.9952850341797,143.88875049899616,137.91545818930572,142.70194639396894,99136600
2022-10-19,141.1031494140625,142.17225768233465,138.78837451258266,138.97473585531196,61758300
2022-10-20,140.64218139648438,143.0942732786787,139.91635681145763,140.27927658716155,64522000
2022-10-21,144.44781494140625,145.0167019837592,139.916339525803,140.13212478208789,86548600
2022-10-24,146.5860137939453,147.3510650763543,143.2021308192321,144.36932866368048,75981900
2022-10-25,149.42066955566406,149.5678040506047,146.49778017936205,147.2137868289863,74732300
2022-10-26,146.4879608154297,149.07736899312695,145.20305222207165,148.06710843299678,88194300
2022-10-27,142.02516174316406,146.1937178528811,141.36800292889203,145.23250204640354,109180200
2022-10-28,152.7555389404297,154.48180643716302,144.98731275555542,145.36002058759684,164762400
2022-10-31,150.40151977539062,151.28428192484714,149.0087332370563,150.22497632532892,97943200
2022-11-01,147.76304626464844,152.47106552613408,146.27218522217615,152.10816072803473,80379300
2022-11-02,142.250732421875,149.2539052221096,142.22130852087065,146.09561013902547,93604600
2022-11-03,136.21859741210938,140.06347524662803,136.0910838596121,139.3376507448135,97918500
2022-11-04,135.9533233642578,140.16808578570755,132.02346880241154,139.59825507529519,140814800
2022-11-07,136.48385620117188,136.70981865595215,133.29084915754692,134.70559929239224,83374600
2022-11-08,137.0537109375,138.94985902565782,135.07896394018204,137.9477566640864,89908500
2022-11-09,132.50489807128906,136.12037292800636,132.22980938548775,136.07124673599705,74917800
2022-11-10,144.29441833496094,144.29441833496094,137.05366669118547,138.7631586833069,118854000
2022-11-11,147.07484436035156,147.37940577392345,141.83830991998155,143.26289458275522,93979700
2022-11-14,145.67971801757812,147.64464544159856,144.84461786588682,146.3576203774582,73374100
2022-11-15,147.4088897705078,150.8966399168543,145.9548472696822,149.55066905406906,89868300
2022-11-16,146.18075561523438,147.2418181251695,144.70706018330316,146.51480463978803,64218300
2022-11-17,148.0769500732422,148.8236171893066,143.5870831617381,143.8621718356149,80389400
2022-11-18,148.63693237304688,150.02220984195606,147.34008803390304,149.63904958366277,74829600
2022-11-21,145.41444396972656,147.73305885560603,145.12953609848137,147.52674987775407,58724100
2022-11-22,147.54637145996094,147.78216811313607,144.35336486366882,145.53233313834016,51804100
2022-11-23,148.4208221435547,149.16748927839564,146.72114887646376,146.82922050043365,58301400
2022-11-25,145.51271057128906,146.2692118769101,144.54006603549058,145.7092003283938,35195900
2022-11-28,141.6909637451172,144.06852490110793,140.86569755699705,142.5948288546599,69246000
2022-11-29,138.6944122314453,142.27057984792378,137.8887997144492,141.7596944766532,83763800
2022-11-30,145.43409729003906,146.1119996275474,138.08527316426236,138.9203582971881,111380900
2022-12-01,145.70919799804688,146.51482547786148,144.03901260255705,145.61096061666942,71250400
2022-12-02,145.2179718017578,145.40464232225125,143.09584639700262,143.4004227674544,65447400
2022-12-05,144.05868530273438,148.27344880391388,143.2137657558394,145.17869354013385,68826400
2022-12-06,140.40391540527344,144.71693119940028,139.431270776129,144.49096870660432,64727200
2022-12-07,138.46841430664062,140.85579352307042,137.54489617657669,139.69649373678863,69721100
2022-12-08,140.14845275878906,141.0032064446931,138.62564588690643,139.86354485762612,62128300
2022-12-09,139.66705322265625,143.01725827820258,138.42913927736055,139.84388950557997,76097000
2022-12-12,141.95619201660156,141.96601125722427,138.58633357333804,140.19757351667832,70462700
2022-12-13,142.9189910888672,147.34007759813417,141.71056497387187,146.87831847453648,93886200
2022-12-14,140.6986541748047,144.08815144991274,138.68460028950005,142.80112620848055,82291200
2022-12-15,134.10630798339844,139.3133690938159,133.64454880056923,138.63546667684503,98931900
2022-12-16,132.1511688232422,135.23610381983994,131.38484844130548,134.29294719185827,160156900
2022-12-19,130.0487518310547,132.829126684755,129.01717664823065,132.74070852472047,79592600
2022-12-20,129.97996520996094,130.91330283228723,127.6122238272619,129.08591954394805,77432800
2022-12-21,133.07470703125,134.41085828161889,130.42205800232537,130.64802045895354,85928000
2022-12-22,129.91119384765625,132.20033647277774,128.01504576681836,131.99402745433673,77852100
2022-12-23,129.5476531982422,130.09783042542833,127.36658276817921,128.62413499923468,63814900
2022-12-27,127.74974822998047,129.10555287498912,126.46272323679953,129.0760801645503,69007800
2022-12-28,123.82972717285156,128.73221899747332,123.66271014073895,127.39606774936588,85438400
2022-12-29,127.33711242675781,128.19185099265815,125.49008349000029,125.74551863845643,75703700
2022-12-30,127.6515121459961,127.67116561919678,125.19536018378078,126.15817798931155,77034200
2023-01-03,122.8767318725586,128.60448941700523,121.9925130634904,127.99536673400503,112117500
2023-01-04,124.14411926269531,126.40378887161263,122.88656686996354,124.66482384759799,89113600
2023-01-05,122.8276138305664,125.52938912334946,122.57217865426507,124.90061292758642,80962700
2023-01-06,127.34691619873047,128.0051649557748,122.69986796369008,123.800229800476,87754700
2023-01-09,127.86769104003906,131.07053346068483,127.61225578201942,128.18208673410493,70790800
2023-01-10,128.43746948242188,128.958174020526,125.87323874198964,127.9757103650532,63896200
2023-01-11,131.1491241455078,131.1687626317444,128.1722594386808,128.94839939893015,69458900
2023-01-12,131.07052612304688,131.90561153013712,129.13507083953922,131.53228540334834,71379600
2023-01-13,132.39682006835938,132.55401787873402,129.35119119619432,129.71469801537842,57809700
2023-01-17,133.55616760253906,134.88248509762596,131.77791004071557,132.46563188904346,63646600
2023-01-18,132.83892822265625,136.1792989256054,132.6620769549058,134.42069543585905,69672800
2023-01-19,132.89788818359375,133.86069855178562,131.42419241972087,131.7287538123279,58280400
2023-01-20,135.45225524902344,135.59963378756996,131.8662690124696,132.9076780568954,80223600
2023-01-23,138.63543701171875,140.80668812964507,135.4817223092692,135.69786549716068,81760300
2023-01-24,140.03054809570312,140.64950501564115,137.83965827143598,137.84947751147084,66435100
2023-01-25,139.372314453125,139.93231102042415,136.37579688239575,138.41932337339787,65799300
2023-01-26,141.43548583984375,141.72039372676826,139.41159795380088,140.65933109437518,54105100
2023-01-27,143.37091064453125,144.64811636457318,140.57089828761406,140.64949717713105,70555800
2023-01-30,140.49232482910156,142.99761054282715,140.34496125408572,142.41796049282078,64015300
2023-01-31,141.7596893310547,141.80881551729502,139.78494257033407,140.19757555057984,65874500
2023-02-01,142.87969970703125,144.03901475780756,138.84178798038548,141.44531098955775,77663600
2023-02-02,148.17520141601562,148.52887400177488,145.57166328269082,146.28885767804982,118339000
2023-02-03,151.7906494140625,154.62014981197694,145.23761799882098,145.43410775063012,154357300
2023-02-06,149.0692138671875,150.41519933800663,148.1358763450209,149.8944947732861,69858300
2023-02-07,151.93800354003906,152.50783427872634,147.99832954313612,147.99832954313612,83322600
2023-02-08,149.25592041015625,151.86927809622603,148.51907245296283,151.18155633442086,64120100
2023-02-09,148.2242889404297,151.62361983119905,147.78218328763404,151.08326181502397,56007100
2023-02-10,148.58836364746094,148.9130734935689,146.8270751036462,147.0632318137508,57450700
2023-02-13,151.38284301757812,151.78625678187208,148.49982115470684,148.52933886882354,62199000
2023-02-14,150.7432403564453,151.3041068890254,148.4407688328002,149.68055772689488,61707600
2023-02-15,152.83909606933594,153.00636811059493,150.42838780610393,150.6546952720313,65573800
2023-02-16,151.2450714111328,153.82305157694913,150.8908438680814,151.04826665403036,68167900
2023-02-17,150.10366821289062,150.5464488832577,148.4309328947845,149.90687847207133,59144100
2023-02-21,146.09893798828125,148.87372305726493,146.03006833094608,147.79135689260553,58867200
2023-02-22,146.5220489501953,147.54536466728035,144.80011234851025,146.4826819914061,51011300
2023-02-23,147.00421142578125,147.92913996180903,144.87886065676489,147.68314896878456,48394200
2023-02-24,144.3573455810547,144.8296440334222,143.38321594733068,144.75092512234477,55469600
2023-02-27,145.54791259765625,146.77786725557394,145.0854484451516,145.34128862301924,44998500
2023-02-28,145.04611206054688,146.68932985809187,144.47541123636594,144.69188448050687,50547000
2023-03-01,142.97976684570312,144.8689754008769,142.68457472462396,144.47539591550134,55479000
2023-03-02,143.57015991210938,144.3573339453376,141.59238308918532,142.0646965175798,52238100
2023-03-03,148.60801696777344,148.68673585516615,144.96735475689312,145.66596048460295,70732300
2023-03-06,151.36318969726562,153.79358207113017,150.9991278078858,151.323822727868,87558000
2023-03-07,149.1688995361328,151.55992406603715,148.70643540651363,151.23521425072406,56182000
2023-03-08,150.4185028076172,151.00888694216934,149.39518732369797,150.35946739698042,47204800
2023-03-09,148.1750946044922,152.0617483379844,147.8208670608722,151.09746808583355,53833600
2023-03-10,146.11862182617188,148.5194958597798,145.242894659562,147.80120650188752,68572400
2023-03-13,148.0570526123047,150.68423448355665,145.33146834316847,145.43970497520198,84457100
2023-03-14,150.14300537109375,150.94001350209345,147.69294556307145,148.85401542944305,73695900
2023-03-15,150.53663635253906,150.79246155107444,147.51586009545082,148.76549840164833,77167900
2023-03-16,153.35076904296875,153.9509875803486,149.20827470890512,149.71994010489203,76161100
2023-03-17,152.51438903808594,154.22649145558808,151.80593390078133,153.57707174404283,98944600
2023-03-20,154.87588500976562,155.28916298853815,151.6780028890537,152.5832627325511,73641400
2023-03-21,156.7257537841797,156.84382463636302,154.02968755125636,154.7971931327365,73938300
2023-03-22,155.29901123046875,159.53989288471735,155.27932775015748,156.7454392443716,75701800
2023-03-23,156.38136291503906,158.9593583364734,155.15140813839363,156.28297554136526,67622100
2023-03-24,157.68017578125,157.7687289068554,155.31866901387664,156.31246690077828,59196500
2023-03-27,155.74179077148438,158.19186606543823,155.33836200567538,157.37517430078694,52390300
2023-03-28,155.1218719482422,155.9484128704115,153.4786543640599,155.4367475403247,45992200
2023-03-29,158.19187927246094,158.4673879613573,156.79465234617297,156.81432081388166,51305700
2023-03-30,159.75636291503906,159.86459953343115,158.68384597812414,158.93967116064357,49501700
2023-03-31,162.25563049316406,162.35403288236776,159.31358823359025,159.8350878653574,68749800
2023-04-03,163.50526428222656,163.62333513475417,161.58653785817188,161.63573905142377,56976200
2023-04-04,162.9739532470703,164.16454121432164,162.46228779099377,163.92839947620809,46278300
2023-04-05,161.13392639160156,162.40324825832465,159.20536551321473,162.09822184489292,51511700
2023-04-06,162.0194549560547,162.31464704794055,159.4021080962766,159.82520525050802,45390100
2023-04-10,159.43167114257812,159.43167114257812,157.51294452082058,158.8314525568901,47716900
2023-04-11,158.2213897705078,159.75637097122245,157.93603184667685,159.7465367378167,47644200
2023-04-12,157.5326385498047,159.46119953470492,157.21776287074414,158.6346733983191,50133100
2023-04-13,162.90505981445312,163.14121655398105,158.83144989570576,159.0380889195549,68445600
2023-04-14,162.56065368652344,163.6528540223282,161.19294470872245,161.95058596716467,49386500
2023-04-17,162.58035278320312,162.73779061232008,161.39959909302152,162.44259843625022,41516200
2023-04-18,163.80044555664062,164.72537387764507,162.99358808032773,163.4363837761115,49923000
2023-04-19,164.94187927246094,165.4633789570219,162.885383237049,163.14122346923992,47720200
2023-04-20,163.97756958007812,165.17800667808302,162.90505258707114,163.42655222639002,52456400
2023-04-21,162.3737335205078,163.78079474740133,161.85223383363555,162.40325123756864,58337300
2023-04-24,162.67874145507812,162.9444158925364,161.26183114076272,162.35403159020615,41949600
2023-04-25,161.14373779296875,163.64299896057264,161.10437083745688,162.54096443175132,48714100
2023-04-26,161.13392639160156,162.62955575633885,160.18932943478703,160.44515464932056,45498800
2023-04-27,165.70936584472656,165.85695442572842,162.54100085037314,162.54100085037314,64902300
2023-04-28,166.95899963378906,167.12628672150765,165.18787649470852,165.78809511844986,55275900
2023-05-01,166.87042236328125,167.71663185783257,165.9356597273935,166.56539597816914,52472900
2023-05-02,165.83724975585938,167.6182368189597,164.85328597063295,167.3623966257795,48425700
2023-05-03,164.7647247314453,168.17908009941613,164.47938185396285,166.7818533947913,65136000
2023-05-04,163.13136291503906,164.36131774887434,161.67510059572527,162.24580144031648,81235400
2023-05-05,170.78660583496094,171.504895212846,168.02165491497223,168.23812815446027,113453200
2023-05-08,170.71771240234375,171.06210572406735,169.35000337616833,169.7140651629481,55962800
2023-05-09,169.01548767089844,170.75709300871614,168.8482156052712,170.27496029429,45326900
2023-05-10,170.7767791748047,171.23924342814053,169.14339542958015,170.24544525293916,53724500
2023-05-11,170.9636993408203,171.7902252766967,169.4090348343318,171.0621017201797,49514700
2023-05-12,170.03750610351562,171.50563041723674,168.49053896760506,171.07208510437357,45533100
2023-05-15,169.5448455810547,170.66811525184778,168.95364468701064,170.6188460048669,37266700
2023-05-16,169.5448455810547,170.5991352991019,169.27880367524853,169.46601779285794,42110300
2023-05-17,170.15573120117188,170.39219951568867,167.91903983890595,169.19011716888295,57951600
2023-05-18,172.4811248779297,172.66833901247392,170.04737119858373,170.46120584790356,65496700
2023-05-19,172.58950805664062,173.80145343851697,172.37273538217633,173.80145343851697,55809500
2023-05-22,171.6436004638672,172.14612580242743,170.9046067635048,171.42682777563832,43570900
2023-05-23,169.0423126220703,170.83561089353927,168.76642289336164,170.58927970470205,50747300
2023-05-24,169.3182373046875,169.8897275849513,168.01761617725649,168.57924358561866,45143500
2023-05-25,170.45135498046875,171.34798918728478,169.17042964019168,169.87986475065702,56058300
2023-05-26,172.85552978515625,173.19055165787438,170.56958397024448,170.77650880236848,54835000
2023-05-30,174.69808959960938,176.36329091292328,173.978806707213,174.36308277683443,55964400
2023-05-31,174.64881896972656,176.71800704198733,174.16600441023556,174.72764675708407,99625300
2023-06-01,177.4471435546875,177.47670209655325,174.33351350934285,175.09221783191245,68901800
2023-06-02,178.29452514648438,179.11234656032465,176.62932377666553,178.37335293714096,61996900
2023-06-05,176.94464111328125,182.2358308287415,175.4272324012079,179.949884959394,121946500
2023-06-06,176.58006286621094,177.4766970018392,174.82617090162998,177.328904296753,64848400
2023-06-07,175.21046447753906,178.5507149734009,174.71780207381394,175.82136104700194,61944600
2023-06-08,177.92007446289062,178.18610128610723,174.85571428274253,175.28924448775277,50214900
2023-06-09,178.3043975830078,179.5557493602978,177.97923856717878,178.83646640490514,48900000
2023-06-12,181.0928497314453,181.19138823156914,178.31424143935143,178.60984190485868,54274900
2023-06-13,180.61988830566406,181.4475575367352,179.76266053311636,180.11737806569877,54929100
2023-06-14,181.25047302246094,181.6840182899738,179.3488035947976,180.67898290027227,57462900
2023-06-15,183.2802734375,183.78279874291368,181.08300318978328,181.26036948430115,65433200
2023-06-16,182.20626831054688,184.245897953939,181.56581317602513,183.98970387223915,101256200
2023-06-20,182.29495239257812,183.3689679486228,181.70376647980103,181.70376647980103,49799100
2023-06-21,181.26036071777344,182.68907870149724,179.91045548906328,182.1865534203878,49515700
2023-06-22,184.25575256347656,184.30502181445038,180.9746189088309,181.04359886716716,51245300
2023-06-23,183.94044494628906,184.80753566864925,182.29495416898448,182.82703803401998,53117000
2023-06-26,182.55113220214844,185.29033397781694,182.51171079012911,184.0882365039062,48088700
2023-06-27,185.30020141601562,185.6253604426876,182.94527546666254,183.16204815111053,50730800
2023-06-28,186.4727325439453,187.11318769857849,184.84695251457532,185.17209649255778,51216800
2023-06-29,186.80772399902344,187.2806907250245,186.16726889716722,186.3052137668684,46347300
2023-06-30,191.12347412109375,191.6259844129726,188.4532369978983,188.8178174385461,85213200
2023-07-03,189.63563537597656,191.03479491877454,188.94589592351636,190.9362564156046,31458200
2023-07-05,188.522216796875,190.14799688410469,187.82262949557398,188.7587001877792,46920300
2023-07-06,188.9951629638672,189.20208780415717,186.42346442381324,187.05407174607458,45094300
2023-07-07,187.88172912597656,189.84253092683244,187.4481988352347,188.60102706839623,46815000
2023-07-10,185.84213256835938,187.20188576037833,184.29516523716504,186.4825877482977,59922200
2023-07-11,185.3198699951172,186.52196732292174,183.86159365977753,186.38402246734722,46638100
2023-07-12,186.98509216308594,188.88676181703667,185.70416691161034,186.89640150427806,60750200
2023-07-13,187.74380493164062,188.38427515496102,186.994963399846,187.70439854991048,41342300
2023-07-14,187.89161682128906,188.37441642370476,186.847174781534,187.4383607296714,41616200
2023-07-17,191.14321899414062,191.46837807695726,188.99520248686122,189.08387813630185,50520200
2023-07-18,190.886962890625,191.4781637647375,189.5961898515042,190.51254970289233,48288200
2023-07-19,192.2368927001953,195.32094939257118,189.8228346836756,190.26624291356026,80507300
2023-07-20,190.29579162597656,193.58677299126168,189.67503216410122,192.22701989757815,59581200
2023-07-21,189.12322998046875,192.10876269219432,188.42364281090323,191.25153499324207,71951700
2023-07-24,189.9213409423828,192.04964595897565,189.42867857936756,190.57165886992988,45377800
2023-07-25,190.77859497070312,191.58656857428397,190.08887057427083,190.49285737606127,37283200
2023-07-26,191.64566040039062,192.76892999363082,190.4829844332044,190.82783906853456,47471900
2023-07-27,190.38450622558594,194.30609569137815,189.72434025021676,193.14341935606535,47460200
2023-07-28,192.95616149902344,193.74442436278966,191.29096014596897,191.8131810983056,48291400
2023-07-31,193.5670623779297,193.60648379116893,192.39452340931743,193.1827862905988,38824100
2023-08-01,192.73936462402344,193.8429234737508,192.4142056697584,193.36012399442592,35175100
2023-08-02,189.75384521484375,192.3156805851802,189.03456234552243,192.17773571935334,50389300
2023-08-03,188.3645477294922,189.54693452970886,187.8915960163783,188.75868668614032,61235200
2023-08-04,179.31927490234375,184.6301752435833,179.25029494609427,182.79747042079737,115956800
2023-08-07,176.22537231445312,180.4425618735659,174.7473848978987,179.45723692919626,97576100
2023-08-08,177.16139221191406,177.62449604499406,174.97397007455905,177.05300588853657,67823000
2023-08-09,175.5750274658203,178.27480777933516,174.41233639065635,178.2156906972674,60378500
2023-08-10,175.3582763671875,178.097478428752,174.9937109597073,176.84611157664116,54686900
2023-08-11,175.41746520996094,176.23639103718068,174.19402209160106,174.95375100085724,52036700
2023-08-14,177.06520080566406,177.2921273528478,174.94388246971033,175.595078706152,43675600
2023-08-15,175.0819854736328,177.08489459113486,174.68732936330193,176.49291042563854,43622600
2023-08-16,174.21372985839844,176.1574269074876,174.14465676238186,174.766254405872,46964900
2023-08-17,171.67800903320312,175.14116345073805,171.16494410110627,174.77610583538885,66062900
2023-08-18,172.1614990234375,172.76335939467492,169.6652621694116,170.0007213782545,61172200
2023-08-21,173.49346923828125,173.77960771425435,171.4215020828672,172.7337554755455,46311900
2023-08-22,174.8649139404297,175.30890581271296,173.89799596554266,174.69718434668556,42038900
2023-08-23,178.70303344726562,179.1273031269572,175.95027131734813,176.13773826499084,52722800
2023-08-24,174.02627563476562,178.68329009610582,173.6612029173666,178.25902046647073,54945800
2023-08-25,176.2264862060547,176.759273390786,173.473724817143,175.0129045232152,51449600
2023-08-28,177.78543090820312,178.1800870283186,176.1673167274641,177.6867593505913,43820700
2023-08-29,181.66297912597656,182.4325690983829,177.1046362040057,177.30196426395187,53003900
2023-08-30,185.14588928222656,185.34323241647965,182.27473336292013,182.4720614420058,60813900
2023-08-31,185.36293029785156,186.59624944883035,184.9781353249528,185.33333184264131,60794500
2023-09-01,186.93173217773438,187.38558521498553,185.76747101772168,186.961330634287,45766500
2023-09-05,187.16851806640625,187.44478036173828,185.10641198511868,185.76746926717502,45280000
2023-09-06,180.46914672851562,186.32988234003622,179.04836051297525,185.88587535630464,81755800
2023-09-07,175.19052124023438,175.83185624974686,171.22416252451072,172.84227669356144,112488800
2023-09-08,175.80223083496094,177.83475336123297,175.4174358773743,175.96997548136457,65551300
2023-09-11,176.96652221679688,177.8939807491613,174.9734739911946,177.66705421097663,58953100
2023-09-12,173.94732666015625,177.72621814105926,172.48708107979573,177.09475937210624,90370200
2023-09-13,171.88525390625,174.93401565723292,171.65831231126361,174.15454941477398,84267900
2023-09-14,173.3948211669922,173.75001770449512,171.26364194197464,171.67803539320033,60895800
2023-09-15,172.67457580566406,174.1446979390041,171.50046839224674,174.1249606133089,109259500
2023-09-18,175.59507751464844,176.98626535892447,173.81909463420754,174.12495542511192,67257600
2023-09-19,176.68035888671875,177.2328834055171,174.76624533576447,175.15104027243933,51826900
2023-09-20,173.14817810058594,177.3019893003594,173.05936766417838,176.86785847407558,58436200
2023-09-21,171.60897827148438,173.9473619674597,171.53992021743218,172.22071489897561,63149100
2023-09-22,172.45748901367188,174.7169382879251,171.7273736602944,172.33909518451154,56725400
2023-09-25,173.73028564453125,174.60840835340898,171.82603288281885,171.87536866413782,46172700
2023-09-26,169.66526794433594,172.8620217812148,169.3692683155077,172.4871029695211,64588900
2023-09-27,168.15567016601562,170.73084132501634,166.7940959712009,170.3164478696235,66921800
2023-09-28,168.41220092773438,169.73431545858824,165.38316183381656,167.0802102082604,56294400
2023-09-29,168.92527770996094,170.76045735672912,168.06687727418498,169.7244661753788,51861100
2023-10-02,171.43136596679688,171.9740294168616,168.6489906711008,168.93512915166482,52164500
2023-10-03,170.099365234375,171.31296207551728,168.54046313149794,169.96123409658216,49594600
2023-10-04,171.3425750732422,171.88523853747708,168.68846972057472,168.80686354725646,53020300
2023-10-05,172.57589721679688,173.10868450108188,170.3756448658088,171.47083294671847,48527900
2023-10-06,175.1214599609375,175.61478762599208,170.86896284182788,171.48069938400815,57266700
2023-10-09,176.60147094726562,176.66066786762835,173.45403753652568,174.45055415802327,42390800
2023-10-10,176.00946044921875,177.32171396949087,175.57532965392068,175.72333700059065,43698000
2023-10-11,177.400634765625,177.4499705441094,175.22999600880442,175.82198018511957,47551100
2023-10-12,178.29849243164062,179.906730392158,176.6507647716162,177.6670336186698,56743100
2023-10-13,176.4633331298828,179.5022186651883,175.76280113660414,178.99902980590412,51427100
2023-10-16,176.3350372314453,176.6902337432856,174.15452238414363,174.39132507709223,52517000
2023-10-17,174.78599548339844,176.03905203817294,172.467364361049,174.29266779074965,57549400
2023-10-18,173.49346923828125,175.21025492862336,172.77321506438722,173.23694427289632,54764400
2023-10-19,173.11854553222656,175.46677490830675,172.85214438582656,173.69079235758196,59302900
2023-10-20,170.572998046875,173.0790962513972,170.3361953203569,172.97056355030566,64244000
2023-10-23,170.6913604736328,171.6878768692555,167.662321590194,168.62925458750877,55980100
2023-10-24,171.12550354003906,171.35243005141567,169.1620540054936,170.74070856198063,43816600
2023-10-25,168.81674194335938,170.75057806188605,168.3727349771656,169.58633193718455,57157000
2023-10-26,164.6629180908203,169.0930062294273,163.459197305812,168.0964746462511,70625300
2023-10-27,165.9751434326172,166.70527372020223,164.60369326977082,164.68262749452305,58499100
2023-10-30,168.01754760742188,168.88580920893756,166.61649869462795,166.76450604315932,51131000
2023-10-31,168.49114990234375,168.61940486913602,165.65943861592592,167.09010101577766,44846000
2023-11-01,171.64845275878906,171.9049777602895,167.84982318964867,168.71808481806195,56934900
2023-11-02,175.20037841796875,175.40756758774253,173.11853525669227,173.17773216234193,77334800
2023-11-03,174.2926483154297,174.46039296073306,171.03669795189808,171.91482054448556,79829200
2023-11-06,176.83824157714844,177.0355696443862,173.85855313497558,174.02628274488598,63841300
2023-11-07,179.39369201660156,180.00541354681909,176.58171810512866,176.7889073081916,70530000
2023-11-08,180.4494171142578,181.00194176498167,179.16676200069597,179.91662978825056,49340300
2023-11-09,179.97581481933594,181.6629871195562,179.3838155582821,180.51847829944086,53763500
2023-11-10,184.1548309326172,184.32279657138264,181.31940452226758,181.75410719319203,66133400
2023-11-13,182.5741424560547,183.7893232540613,181.9912524470517,183.58186108306094,43627500
2023-11-14,185.1823272705078,185.84425545326624,184.0560589323069,185.4391901985185,60108400
2023-11-15,185.74545288085938,187.21751156501972,185.5182274044454,185.5873915048758,53790500
2023-11-16,187.42501831054688,188.65996251273407,186.37777296409004,187.286705162902,54412900
2023-11-17,187.4052276611328,188.08691917335904,186.29872264128753,187.95848017105547,50922700
2023-11-20,189.14402770996094,189.598493753426,187.59294582194016,187.60281994734135,46505100
2023-11-21,188.3437957763672,189.21320125507725,187.45464204586924,189.10452557023848,38134500
2023-11-22,189.0057373046875,190.60622016215154,188.53152295340232,189.18357710829596,39617700
2023-11-24,187.68186950683594,188.60066069963858,186.97054048498805,188.57102324664504,24048300
2023-11-27,187.50404357910156,188.37344913120532,186.62476390027032,187.63248260157215,40552600
2023-11-28,188.10665893554688,188.77847629228074,187.1187037624085,187.49413155220094,38415400
2023-11-29,187.089111328125,189.77635125162953,186.69393519378744,188.6006819007209,43014200
2023-11-30,187.66212463378906,188.02767838165897,185.92332856217539,187.55344893712552,48794400
2023-12-01,188.93653869628906,189.2526764891983,186.95073929786508,188.03749593754978,45704800
2023-12-04,187.14837646484375,187.76091903857423,185.19222907454912,187.69175492742627,43389500
2023-12-05,191.0902862548828,192.0584780958342,187.88930609245244,187.91895861640964,66628400
2023-12-06,190.0035858154297,192.41418427833113,189.79610855274007,192.10792052269625,41089700
2023-12-07,191.93006896972656,192.6512720749557,191.2582515665674,191.29777821822415,47477700
2023-12-08,193.3527374267578,193.629363703371,191.33730018286,191.86091528323507,53406400
2023-12-11,190.85317993164062,191.15945870925907,189.11438419177532,190.78403090604945,60943700
2023-12-12,192.36476135253906,192.3746354774224,189.41076991243543,190.75438957156285,52696900
2023-12-13,195.57562255859375,195.61513413450965,192.50308121236986,192.74018081786602,70404200
2023-12-14,195.7238006591797,197.2156075489979,193.79729107961322,195.63488831127654,66831600
2023-12-15,195.19029235839844,196.01028180866058,194.6271507268951,195.1507657132062,128538400
2023-12-18,193.53053283691406,194.2616250715381,192.04860011875655,193.72812085100188,55751900
2023-12-19,194.5679168701172,194.5777909959987,193.53056080250687,193.79731295132126,40714100
2023-12-20,192.48333740234375,195.2990010280865,192.48333740234375,194.5283970820936,52242800
2023-12-21,192.3351287841797,194.70623052718972,191.16934877699248,193.73803856316968,46482500
2023-12-22,191.2681121826172,193.05630849032943,190.6456956495467,192.829067964765,37149600
2023-12-26,190.72476196289062,191.55464074590694,190.5074106042434,191.27801448490152,28919300
2023-12-27,190.8235626220703,191.16935301152336,188.7883770898652,190.1715235726757,48087700
2023-12-28,191.24839782714844,192.3153914106068,190.8433325169925,191.80165040931152,34049900
2023-12-29,190.2110137939453,192.05848519728596,189.42064661751613,191.56450759639273,42672100
2024-01-02,183.40402221679688,186.17030008579113,181.6751004330507,184.89582930034302,82488700
2024-01-03,182.03076171875,183.6411336613478,181.22063114701328,182.00112426612563,58414500
2024-01-04,179.71893310546875,180.88471299934187,178.70134046081682,179.95603270422265,71983600
2024-01-05,178.99771118164062,180.5586821654936,177.99988188294327,179.79796753554595,62379700
2024-01-08,183.32496643066406,183.36449308108033,179.3138706884217,179.89676064456035,59144500
2024-01-09,182.91001892089844,182.91989304556353,180.52904335165846,181.7047124117811,42841800
2024-01-10,183.94740295410156,184.15486512874935,181.7047401626592,182.12956878813148,46792900
2024-01-11,183.3546142578125,184.7970355796361,181.4083411771675,184.29316874581366,49128400
2024-01-12,183.68064880371094,184.49077939116623,182.95944565085554,183.81896194364214,40477800
2024-01-16,181.418212890625,182.04061439740983,178.75072186869164,179.9659175831278,65603000
2024-01-17,180.4796600341797,180.72664884969066,178.12833676151584,179.08665457169852,47317400
2024-01-18,186.35800170898438,186.86185345428623,183.59172402252184,183.8485869578717,78005800
2024-01-19,189.25271606445312,189.63801803091337,186.5457281731689,187.04957995238564,68903000
2024-01-22,191.5546417236328,192.97729968749402,189.94426985134535,189.98379650311966,60133900
2024-01-23,192.82911682128906,193.392258603415,191.49538615178406,192.67105542323813,42355600
2024-01-24,192.15728759765625,194.0146482092326,191.999211146671,193.06620457832125,53631300
2024-01-25,191.83126831054688,193.90598035718745,190.78403816176663,192.86862433386716,54822100
2024-01-26,190.10232543945312,192.41413683944202,189.6281111952244,191.93004847085402,44594000
2024-01-29,189.420654296875,189.88499446653958,187.29655655692048,189.69728055859,47145600
2024-01-30,185.77511596679688,189.48983770252025,185.21198926058483,188.64019550498801,55859400
2024-01-31,182.17892456054688,184.84641553917146,182.129538862794,184.78712556686926,55467800
2024-02-01,184.60931396484375,184.6982263171025,181.6059367135455,181.77388729281213,64885400
2024-02-02,183.6114959716797,185.07366557426653,177.0909850527091,177.6936383802958,102551700
2024-02-05,185.41941833496094,186.97051518171523,183.60158444736317,185.88375846902116,69668800
2024-02-06,187.01995849609375,187.02983262300086,184.52043256333454,184.6093449305071,43490800
2024-02-07,187.12860107421875,188.74884702540382,186.33823388644547,188.3437817688575,53439000
2024-02-08,186.0517578125,187.25704946443747,185.0934399218184,187.1088621926835,40962000
2024-02-09,186.8134307861328,187.94113632063826,185.97259122428568,186.61557552858977,45155200
2024-02-12,185.1317596435547,186.63537211912902,184.7756412965565,186.38806813077576,41781900
2024-02-13,183.04452514648438,184.20192116931864,181.5310258479947,183.76666370675508,56529500
2024-02-14,182.1641082763672,183.5292310959524,180.472557481369,183.3215042025078,54630500
2024-02-15,181.8772430419922,182.50045391335385,179.39431647047905,181.57058851615943,65434500
2024-02-16,180.3439483642578,182.8565652037317,179.7108507918506,181.44197861733377,49752500
2024-02-20,179.60203552246094,180.46264852115328,178.0588611409836,179.82955095197704,53665600
2024-02-21,180.35385131835938,180.91769653606136,178.71174929095213,179.9779444437335,41371400
2024-02-22,182.38172912597656,182.9653779737103,180.49233824441416,181.50132758611662,52292200
2024-02-23,180.5516815185547,183.04449459753943,180.26480046872615,183.01481932952075,45119700
2024-02-26,179.2063751220703,180.78911167382452,178.70186529911302,180.27473021897956,40867400
2024-02-27,180.6605224609375,181.93660445629962,177.6236221032545,179.1470231922399,54318900
2024-02-28,179.4635467529297,181.14521076395337,178.1874648834917,180.54178846123017,48953900
2024-02-29,178.80078125,180.6011615069905,177.59393659501978,179.31517776545977,136682600
2024-03-01,177.72254943847656,178.58316252471684,175.46713817545924,177.61373507516265,73563100
2024-03-04,173.2117156982422,174.99229230011673,171.9158301484072,174.25038035125658,81510100
2024-03-05,168.28541564941406,170.18470849670402,167.79080766540406,168.91851326517738,95132400
2024-03-06,167.29617309570312,169.39332087872134,166.8609157238647,169.21525418377138,68587700
2024-03-07,167.17750549316406,168.88884496206234,166.67301076258389,167.32588185679398,71765100
2024-03-08,168.88880920410156,171.82678133583968,167.11811956465033,167.17747009753631,76267000
2024-03-11,170.88705444335938,172.49948126334272,170.1946063009313,171.07500788792643,60139500
2024-03-12,171.3618621826172,172.15323790323208,169.16580172767317,171.28272310113206,59825400
2024-03-13,169.28453063964844,171.3223130850131,168.91851047344855,170.90684419661972,52488700
2024-03-14,171.13433837890625,172.43020869953008,170.1945863604126,171.04531257693264,72913500
2024-03-15,170.7584686279297,170.7584686279297,168.45359343487303,169.3241083834579,121752700
2024-03-18,171.84657287597656,175.79354941833483,171.64873273149365,173.67662817447325,75604200
2024-03-19,174.18113708496094,174.70542030322298,171.16402557801365,172.45989598897214,55215200
2024-03-20,176.7432098388672,176.7432098388672,173.2018149693641,173.82502584048726,53423100
2024-03-21,169.5219268798828,175.57593855649498,168.99764365136926,175.14068113790177,106181300
2024-03-22,170.422119140625,171.18381963278856,168.22605856941686,169.90772263085663,71160100
2024-03-25,169.0075225830078,170.0857641639875,167.62261143010488,168.73054337127422,54288300
2024-03-26,167.8798370361328,169.57138777241732,167.7512341389727,168.16670300567833,57388400
2024-03-27,171.44097900390625,171.72786002382026,168.2754916266955,168.5722593701728,60273300
2024-03-28,169.6307373046875,170.37264922530974,168.67119667981044,169.89782982249778,65672700
2024-04-01,168.19635009765625,169.40319450105653,167.6522784249374,169.34384397207526,46240500
2024-04-02,167.01919555664062,167.51380346702695,166.41577330219988,167.25661278755086,49329500
2024-04-03,167.82046508789062,168.83935621904524,166.76201196368757,166.96973884210524,47691700
2024-04-04,166.9994659423828,170.06602673515292,166.9994659423828,168.45359969390546,53704400
2024-04-05,167.75123596191406,168.5524984345705,167.12802510796487,167.7611226870966,42104800
2024-04-08,166.63343811035156,167.37535013675048,166.4257111957336,167.2071852220754,37425500
2024-04-09,167.8402557373047,168.2458378687617,166.53449863101693,166.88071513080217,42373800
2024-04-10,165.9706268310547,167.26649712267962,165.307854051912,166.97963118021664,49709300
2024-04-11,173.15231323242188,173.56779711833587,166.34651933326788,166.52457091788756,91070300
2024-04-12,174.64608764648438,176.43656618963917,172.33132583138607,172.38077455594663,101670900
2024-04-15,170.82769775390625,174.72521085075485,170.63974431610336,173.46890241983837,73531800
2024-04-16,167.5533905029297,171.88614579113815,166.45536027289515,169.8978273072319,73711200
2024-04-17,166.18826293945312,168.80967890645843,166.18826293945312,167.780901063059,50901200
2024-04-18,165.23863220214844,166.8213838226369,164.7539260277304,166.21796146542746,43122900
2024-04-19,163.2206268310547,164.60552308162337,162.31054999578998,164.41758473594675,68149400
2024-04-22,164.05157470703125,165.4562595890904,162.993121456103,163.73503344203667,48116400
2024-04-23,165.1001434326172,165.24853488832454,163.14149999003314,163.56687071664174,49537800
2024-04-24,167.1973114013672,167.4742907050633,164.41761654297682,164.74404457685867,48251800
2024-04-25,168.05787658691406,168.77011319134087,166.33663561051003,167.70175828470067,50558300
2024-04-26,167.47425842285156,169.49225225997063,167.35554224826544,168.04800546826704,44838400
2024-04-29,171.62896728515625,174.13168243053624,171.2332869429431,171.5003643815301,68169400
2024-04-30,168.49314880371094,173.10289859543835,168.1667057400835,171.46079655206535,65934800
2024-05-01,167.47425842285156,170.84748833564953,167.28630498280754,167.75123767315736,50383100
2024-05-02,171.16400146484375,171.54979500684232,169.04708034568128,170.64960504410078,94214900
2024-05-03,181.4024200439453,184.98337684032407,180.69018337477516,184.637145231003,163224100
2024-05-06,179.7504425048828,182.2135806366563,178.47434543693257,180.383540128798,78569700
2024-05-07,180.43296813964844,182.9060078076493,179.36462828599997,181.47164781905605,77305800
2024-05-08,180.76931762695312,181.09576068278213,179.4932206728727,180.87813197889614,45057100
2024-05-09,182.57958984375,182.66861565405213,180.14611203583203,180.5912561815798,48983000
2024-05-10,181.3215789794922,183.34230991411323,180.4102677646858,183.15410154420678,50759500
2024-05-13,184.5210723876953,185.3333368917867,182.87674310968822,183.68900761377958,72044800
2024-05-14,185.66021728515625,186.52201273815805,184.53098214319476,185.7394637127145,52393600
2024-05-15,187.92861938476562,188.8498308462509,185.60080260352015,186.13571225801192,70400000
2024-05-16,188.04747009277344,189.29558246787192,187.86917696187996,188.6715262803227,52845200
2024-05-17,188.0771942138672,189.00832091255782,187.39370695143634,187.72059282106466,41282900
2024-05-20,189.23611450195312,190.10781001398533,187.22528381236822,187.54226949481966,44361300
2024-05-21,190.5337677001953,190.91016932460286,189.11726241831752,189.28565540299905,42309400
2024-05-22,189.09744262695312,190.99932654838926,188.47340160760692,190.45451683728567,34648500
2024-05-23,185.1154327392578,189.19652573516206,184.86779330766728,189.1767103485156,51005900
2024-05-24,188.18612670898438,188.7804673088457,186.26444256610336,187.0370913918068,36327000
2024-05-28,188.19606018066406,191.17763337385156,187.31446444482384,189.70169698060212,52280100
2024-05-29,188.49322509765625,190.43472491238563,187.7205912720781,187.8196530916493,53068000
2024-05-30,189.48374938964844,190.365345015264,188.82999288588945,188.95875509095092,49889100
2024-05-31,190.4346923828125,190.7516780595243,188.1167913020161,189.6323431713606,75158300
2024-06-03,192.19789123535156,193.14883318833753,190.7021546904014,191.07855630297723,50080500
2024-06-04,192.51487731933594,193.47571940906454,191.2073340206378,192.80213237542046,47471400
2024-06-05,194.02053833007812,195.04081158591265,193.02998059705732,193.55497498638144,54156800
2024-06-06,192.64366149902344,194.64459232913165,192.33659102362645,193.84224299284628,41181800
2024-06-07,195.0308837890625,195.08041469163098,192.30685040959915,192.81202934049514,53103900
2024-06-10,191.29647827148438,195.4370168860641,190.3356361933404,195.04078477848907,97010200
2024-06-11,205.19400024414062,205.20391549352811,191.8016724106265,191.82147267998263,172373300
2024-06-12,211.05812072753906,218.1207863262847,204.94636687125956,205.41193016487838,198134300
2024-06-13,212.217041015625,214.70333486153882,209.60196985996205,212.71231975809684,97862700
2024-06-14,210.4835968017578,213.13828400218216,209.3048308005582,211.83075578674166,70122700
2024-06-17,214.62411499023438,216.88258512602053,210.71141546378874,211.35527186274084,93728300
2024-06-18,212.26657104492188,216.56560230529576,210.9887584540523,215.5354139875743,79943300
2024-06-20,207.7001190185547,212.2170745602359,206.87796947703916,211.90998899500866,86172500
2024-06-21,205.5308074951172,209.88925500861833,205.1543907600995,208.40341856791886,241805100
2024-06-24,206.1746826171875,210.69162338847192,204.63931513285507,205.75865018980198,80727000
2024-06-25,207.0959014892578,209.3840873125504,206.64023830581658,207.1751328027417,55549700
2024-06-26,211.2364044189453,212.8312027309874,208.65104852463386,209.5029286499739,66213200
2024-06-27,212.07838439941406,213.70289822966825,210.3449086305272,212.6628097453943,49772700
2024-06-28,208.63125610351562,214.02980761283354,208.3142855019514,213.73263728250333,82542700
2024-07-01,214.703369140625,215.4561875080808,209.91897391071575,210.0873668962765,60402900
2024-07-02,218.19015502929688,218.2991169839906,213.0689733881142,214.10904691098634,58046200
2024-07-03,219.45803833007812,219.45803833007812,216.96182895702523,217.92267103394255,37369800
2024-07-05,224.2028045654297,224.3117665065084,219.55708698216947,219.55708698216947,60412400
2024-07-08,225.66885375976562,225.69856928044194,221.14199799041046,224.9457357840812,59085900
2024-07-09,226.52072143554688,227.23392416937492,224.23253562897796,225.77780318070188,48076100
2024-07-10,230.78013610839844,230.87919792745691,227.08536000113173,227.13489091066097,62627700
2024-07-11,225.4211883544922,230.19566787410835,223.63818174593294,229.20511032654306,64710600
2024-07-12,228.36314392089844,230.44332094014862,226.5207061684713,226.7584454352943,53046500
2024-07-15,232.18670654296875,234.9899864993383,230.88907844301437,234.24706826366577,62631300
2024-07-16,232.6027374267578,234.03904289009895,230.13624361936286,232.7810305355119,43234300
2024-07-17,226.71884155273438,229.2744821236097,224.49998695797876,227.2834515580279,57345900
2024-07-18,222.063232421875,228.26413370193544,220.1712785785942,228.10564083206222,66034600
2024-07-19,222.19200134277344,224.65849552449666,221.1717280930588,222.6971954569991,49151500
2024-07-22,221.84532165527344,225.6292444230493,220.98352612966187,224.86651071890955,48201800
2024-07-23,222.8853759765625,224.7971601400939,220.57737479075328,222.25141967209163,39960300
2024-07-24,216.47647094726562,222.67737176080064,215.07979609138368,221.88492258576645,61777600
2024-07-25,215.4364013671875,218.76467587085634,212.59349046705276,216.86279177043605,51391200
2024-07-26,215.9019317626953,217.4174836156479,213.97033243488113,216.63493468142264,41601300
2024-07-29,216.1793212890625,217.2293100492215,213.71282713597697,214.91140862229943,36311800
2024-07-30,216.73402404785156,218.24957609355639,214.07932159795172,217.1203409396055,41643800
2024-07-31,219.9830322265625,221.70660788092644,218.5467267386139,219.34907597117163,50036300
2024-08-01,216.29815673828125,222.36036437427163,214.97081319041698,222.2514024343897,62501000
2024-08-02,217.7840118408203,223.46981835778237,215.6543188775265,217.0807092384795,105568600
2024-08-05,207.2940216064453,211.48407659683002,194.14931622004067,197.210135996183,119548600
2024-08-06,205.27325439453125,208.00720313955475,199.17143085232243,203.36148541473497,69660500
2024-08-07,207.8388214111328,211.62274392073394,204.4412006806638,204.94637966039352,63516400
2024-08-08,211.29583740234375,212.1774330540979,206.85814362500793,211.0977289070064,47161100
2024-08-09,214.19821166992188,214.73310620037486,209.9685258775167,210.09730322074367,42201600
2024-08-12,215.7254180908203,217.68898821235913,213.81143620679725,214.27753840147545,38028100
2024-08-13,219.4344024658203,220.04925425523973,217.19314118814535,217.19314118814535,44155300
2024-08-14,219.8806610107422,221.17979111862692,217.8774142480331,218.7402072098891,41960600
2024-08-15,222.8557586669922,223.48053712623224,220.9120118672479,222.7367590108339,46414000
2024-08-16,224.1747283935547,224.94825642777528,221.79462933024135,222.06239369045758,44340200
2024-08-19,224.0160675048828,224.115243980586,221.18970440160442,223.84747960195193,40687800
2024-08-20,224.63092041015625,225.28544883578485,223.57971634413767,223.8970689622142,30299000
2024-08-21,224.5218048095703,226.08869912173634,223.1830133382552,224.64081959285892,34765500
2024-08-22,222.66732788085938,226.44571820828537,222.04254943445835,225.90027790842765,43695300
2024-08-23,224.9581756591797,226.32673228874265,222.46900358067504,223.78797197411373,38677300
2024-08-26,225.29534912109375,225.39452559231563,222.0326490158817,224.87883517993083,30602200
2024-08-27,226.1383056640625,226.95151036486342,223.02435510684418,224.12514736512034,35934600
2024-08-28,224.611083984375,227.95312221094204,223.80779089178384,226.02921369079436,38052200
2024-08-29,227.88369750976562,230.98773644426686,226.98125820388418,228.19113851748892,51906300
2024-08-30,227.10028076171875,228.48866070475935,225.5928860148415,228.28041127940648,52990800
2024-09-03,220.92193603515625,227.10024860517055,219.33520335446548,226.65398476754012,50190600
2024-09-04,219.0178985595703,219.9401762860646,215.6758448114514,219.821176613538,43840200
2024-09-05,220.53518676757812,223.60946073514918,219.6823205428289,219.79140861107143,36615400
2024-09-06,218.9881134033203,223.37144384512357,217.9468210396507,222.0921370424939,48423000
2024-09-09,219.07737731933594,219.4343914347755,214.91222272734436,218.98812757352732,67180000
2024-09-10,218.2840118408203,219.6426417511051,214.9320468059923,217.10388142289187,51591000
2024-09-11,220.81285095214844,221.23927647566495,216.0824178921796,219.62280899168329,44587100
2024-09-12,220.92193603515625,221.69546405563682,217.99641184157417,220.65417167969628,37455600
2024-09-13,220.65420532226562,222.18142327621288,220.06910342078112,221.7252477752003,36766600
2024-09-16,214.5254669189453,215.4179946756504,212.14536768072225,214.74362792854853,59357400
2024-09-17,214.99156188964844,215.10064996456288,212.72056577105593,213.96019610771708,45519300
2024-09-18,218.85919189453125,220.86243852013078,215.7353147340035,215.745241460142,59894900
2024-09-19,226.97134399414062,227.91347512552952,222.76652771175563,223.12354184254357,66781300
2024-09-20,226.30690002441406,231.15633305592988,225.7317097608303,228.06222073119503,318679900
2024-09-23,224.5912322998047,227.54650632766106,223.93670395169437,225.45401003818398,54146000
2024-09-24,225.48377990722656,227.44736512534206,223.85738561877668,226.75316007712865,43556100
2024-09-25,224.49208068847656,225.40444676008957,222.1615848378298,223.06402418257602,42308700
2024-09-26,225.63253784179688,226.60440369502516,223.54004142995942,225.41436171300208,36636700
2024-09-27,225.90028381347656,227.61594290444046,225.41435845997736,226.56473891662026,34026000
2024-09-30,231.0670623779297,231.0670623779297,227.7448474882838,228.1316114938428,54541900
2024-10-01,224.33343505859375,227.74488511973175,221.88392424124012,227.61597385138083,63285000
2024-10-02,224.89869689941406,225.4837987967651,221.16989422947793,224.01608068964856,32880600
2024-10-03,223.7978973388672,224.92843958391967,221.46740141968138,223.2722952944607,34044200
2024-10-04,224.9185028076172,226.1085447535635,222.27065455992025,226.00936828631617,37245100
2024-10-07,219.85092163085938,223.81773870352313,219.4939074890314,222.63760820325265,39505400
2024-10-08,223.8970489501953,224.10529834651464,221.39795026893304,222.4392426471427,31855700
2024-10-09,227.63577270507812,227.84403724277382,222.96485445261254,223.36153007501719,33591100
2024-10-10,227.13992309570312,227.59611368544336,225.28544108575701,225.89038125247495,28183500
2024-10-11,225.6623077392578,227.5068782710055,225.45404318616428,227.39779019694814,31759200
2024-10-14,229.38119506835938,229.80762063057296,226.70359663127624,226.80275797652766,39882100
2024-10-15,231.91001892089844,235.51982138099225,230.44228590022638,231.672004479983,64751400
2024-10-16,229.85720825195312,230.19438406287304,227.9332995992129,229.67870875165642,34082200
2024-10-17,230.22412109375,231.91003031839952,228.60765355789445,231.49350124327563,32993800
2024-10-18,233.0504913330078,234.2206950473064,232.0686987091599,234.2206950473064,46431500
2024-10-21,234.51821899414062,234.8851598599691,232.5050605584077,232.5050605584077,36254500
2024-10-22,233.90335083007812,234.26036494372266,230.67040061866737,231.94969236544068,38846600
2024-10-23,228.84564208984375,233.18931106897517,225.87052966736016,232.1381071008503,52287000
2024-10-24,228.65724182128906,228.90516786821388,226.51515714412935,228.07212485007065,31109500
2024-10-25,229.49026489257812,231.28524701350278,227.665532857223,227.83412074973037,38802300
2024-10-28,231.4637451171875,232.78271346714027,230.62080565968694,231.38442210065006,36087100
2024-10-29,231.7315216064453,232.38605001867157,230.3927299983884,231.1662580738538,35417200
2024-10-30,228.19114685058594,231.53318522639518,227.64570650368097,230.68031899274527,47070900
2024-10-31,224.03590393066406,227.92338265648337,223.50037517792762,227.43744214117888,64370100
2024-11-01,221.06077575683594,223.4805363045207,218.44267740554844,219.1368672842602,65276700
2024-11-04,220.1682586669922,220.94178678396568,217.88735096075072,219.1567312107691,44944500
2024-11-05,221.5963134765625,222.0921656056809,219.30547906118858,219.9600075033543,28111300
2024-11-06,220.87237548828125,224.19459083458287,219.35506917081855,220.76328741365683,54561100
2024-11-07,225.59286499023438,225.9895557457087,222.7070172967094,222.7665171269793,42137700
2024-11-08,225.32484436035156,227.0125934634729,224.7788038758212,225.5333229051735,38328800
2024-11-11,222.61448669433594,224.07389700260043,219.90415975706793,223.3789433198207,42005600
2024-11-12,222.61448669433594,223.96468891324545,221.75075962779928,222.93218846295187,40398300
2024-11-13,223.49806213378906,225.01703765642938,221.15506473467502,222.39605879884869,48566200
2024-11-14,226.57574462890625,227.22105551450989,223.3789425502784,223.398802697962,44923900
2024-11-15,223.3789520263672,225.2851172657963,222.65421566813873,224.76885944610046,47923700
2024-11-18,226.37718200683594,228.08479108540536,223.54770942404784,223.62713486361545,44633700
2024-11-19,226.63528442382812,228.5017442258817,225.02696106605572,225.34464764897942,36211800
2024-11-20,227.3501434326172,228.27343587030344,224.26254917567854,226.41691334580182,35169600
2024-11-21,226.87356567382812,228.50174921258224,224.08381355701644,227.2309725554499,42108300
2024-11-22,228.21383666992188,229.05771868234922,226.4168797117104,226.4168797117104,38168300
2024-11-25,231.19224548339844,231.56951255942457,228.08480637706975,229.79241557012372,90152800
2024-11-26,233.36647033691406,233.87280565588551,231.64893863936055,231.64893863936055,45986200
2024-11-27,233.2373809814453,233.99191506726265,232.12545514826604,232.78070364946953,33498400
2024-11-29,235.62010192871094,236.0966394139658,232.28430923421996,233.11825362062933,28481400
2024-12-02,237.86383056640625,239.0551819380818,235.45134517492735,235.5605532676808,48137100
2024-12-03,240.90174865722656,241.01095673492534,237.17876666593097,238.0822139315433,38861000
2024-12-04,241.25917053222656,242.35125137710352,239.51185632927692,241.12017980186528,44383900
2024-12-05,241.28895568847656,242.77814859306412,240.38552350615552,242.2321233137982,40033900
2024-12-06,241.0904083251953,242.86752040520184,240.33588934668637,241.1599112680226,36870600
2024-12-09,244.97222900390625,245.45870413211114,240.0082527322972,240.08767817050534,44649200
2024-12-10,245.98489379882812,246.42172615122828,243.5723933612922,245.11122909402775,36914800
2024-12-11,244.71409606933594,248.9930409884295,244.48574226451257,246.17350623578653,45205800
2024-12-12,246.1735076904297,246.9478867446912,243.90992066775823,245.11120954102955,32777500
2024-12-13,246.34230041503906,247.4939314395242,244.46591792091505,246.03453629863122,33155300
2024-12-16,249.23130798339844,249.56886987487528,245.86573275817128,246.20329464964811,51694800
2024-12-17,251.65374755859375,252.00123197197036,247.98040799068028,248.27824960945253,51356400
2024-12-18,246.2628936767578,252.44800456803839,245.9551295369763,250.343283238806,56774100
2024-12-19,247.9903106689453,250.18439476471843,245.30976661195103,245.71681628677703,60882300
2024-12-20,252.65647888183594,253.16279902630112,243.919877297432,246.2529371403228,147495300
2024-12-23,253.43084716796875,253.80809906094288,251.62395254537785,252.93444954402884,40858800
2024-12-24,256.3397521972656,256.34965954757746,253.45069916161225,253.64927033575188,23234700
2024-12-26,257.1538391113281,258.2260750496306,255.77386933789322,256.32983230675023,27237100
2024-12-27,253.74853515625,256.836144148833,251.2367643772991,255.97238682838486,42355300
2024-12-30,250.38294982910156,251.67358663649517,248.94339979921563,250.41273247360002,35557500
2024-12-31,248.6157989501953,251.4551941340452,247.63292614272083,250.6212497119267,39480700
2025-01-02,242.0931396484375,247.3053149666319,240.07776640397734,247.1365264348607,55740700
2025-01-03,241.60665893554688,242.42074318433572,240.14724866814672,241.60665893554688,40244100
2025-01-06,243.23483276367188,245.54804748087855,241.4477983095151,242.54980162717402,45045600
2025-01-07,240.46493530273438,243.78086767976055,239.6111308132576,241.22937670987722,40856000
2025-01-08,240.95140075683594,241.95413364050106,238.32049944087447,240.17702168463396,37628900
2025-01-10,235.14353942871094,238.4296889806259,231.32127200767005,238.2807606174901,61710900
2025-01-13,232.71121215820312,232.9792711307645,228.06493742769467,231.84748509521594,49630700
2025-01-14,231.5992889404297,234.41882398797216,230.79512716232853,233.05869925952226,39435300
2025-01-15,236.15621948242188,237.2383779015073,232.74100113522098,232.94949481929564,39832000
2025-01-16,226.61544799804688,236.29520209930612,226.3871093224655,235.6399687194268,71759100
2025-01-17,228.32305908203125,230.6164138035219,226.833866130533,230.44764042021458,68488300
2025-01-21,221.03594970703125,222.80312416686704,217.79944241349193,222.38615194982364,98070400
2025-01-22,222.2173614501953,222.5052654056773,218.2064601780486,218.2064601780486,64126500
2025-01-23,222.04861450195312,225.3943300272927,220.69841220245485,223.12083531174778,60234800
2025-01-24,221.1749267578125,224.00439930767484,219.81480209957203,223.160517277336,54697900
2025-01-27,228.20391845703125,230.47741293083342,222.36627749626697,222.4059977899183,94863400
2025-01-28,236.54339599609375,238.4594987479956,229.147074251248,229.18679454547646,75707600
2025-01-29,237.63546752929688,238.1318651456976,232.3240069742682,232.43321505583046,45486100
2025-01-30,235.8782196044922,239.05516137192973,235.50096771104396,236.95044029141235,55658300
2025-01-31,234.29966735839844,245.40904807772534,231.7581140684966,245.40904807772534,100959800
2025-02-03,226.36724853515625,230.15973381299622,224.0738938399255,228.33299411580026,73063300
2025-02-04,231.12274169921875,231.45036595591674,225.01704170433482,225.61272492539547,45067300
2025-02-05,230.79510498046875,230.99366099381652,226.62536810475493,226.88348940722173,39620300
2025-02-06,231.53970336914062,232.11552641696264,228.76979621063217,229.62360070928509,29925300
2025-02-07,225.99000549316406,232.31410688860944,225.622660920367,230.92419948813392,39707200
2025-02-10,226.25831604003906,229.18034555631772,225.81107002878403,228.16659197494192,33115600
2025-02-11,231.19793701171875,233.7919821040532,226.7353950927951,226.8049592810601,53718400
2025-02-12,235.42196655273438,235.51142789245534,229.26980470124647,229.78663009476247,45243300
2025-02-13,240.05348205566406,240.85852795215618,234.1299251101732,235.4617298072221,53614100
2025-02-14,243.10472106933594,244.04891051069433,239.51678905976664,239.77519417214083,40896200
2025-02-18,242.97552490234375,243.6811760890431,240.3615975750387,242.65747382373942,48822500
2025-02-19,243.373046875,244.50607717853558,241.67350900245088,243.16433914739287,32204200
2025-02-20,244.32720947265625,245.2713989598738,242.7966152101895,243.44265077076676,32316900
2025-02-21,244.0489044189453,247.1697083342209,243.72091995824803,244.44645306890683,53197400
2025-02-24,245.5894317626953,247.33866705271078,242.92580728065096,243.43268408373555,51326400
2025-02-25,245.52981567382812,248.47172760145406,243.41284686721102,246.48395378064242,48013300
2025-02-26,238.89064025878906,243.48239258336395,237.66816369812489,242.83637220684057,44433600
2025-02-27,235.84934997558594,240.9778097055873,235.61081167459415,237.94645181292123,41153600
2025-02-28,240.36160278320312,240.61007450668035,228.79275994472408,235.50149647860906,56833400
2025-03-03,236.57489013671875,242.53821134874983,234.66662916873,240.31189930334125,47184000
2025-03-04,234.4877166748047,238.60242278275774,233.24535811530478,236.25684921580154,53798100
2025-03-05,234.2988739013672,235.1039197629907,227.82866128733946,233.98082285378285,47227600
2025-03-06,233.89138793945312,236.4059203890797,231.73465535282332,233.00682927336524,45170400
2025-03-07,237.60853576660156,239.89446338205195,233.32487071745646,233.67273718007357,46273600
2025-03-10,226.08937072753906,234.71631625547707,222.84930513729455,234.10009611136832,72071200
2025-03-11,219.48997497558594,224.45940937640347,216.12069905845206,222.44182022291236,76137400
2025-03-12,215.653564453125,220.39440897367027,213.5962265598192,218.7942505386503,62547500
2025-03-13,208.39817810058594,215.5144112677834,207.14588618522245,214.6298526174969,61368300
2025-03-14,212.1848907470703,212.64207016591416,208.29878985935505,209.95857893569573,60107600
2025-03-17,212.69178771972656,213.9043309003415,208.68642489319868,212.00600336087763,48073400
2025-03-18,211.38978576660156,213.83473880015984,210.19712464056028,212.85080057479257,42432400
2025-03-19,213.92420959472656,217.4226803637017,212.443312738742,212.91044076829724,54385400
2025-03-20,212.7911834716797,216.16045933121794,210.92267131595005,212.6818553101102,48862900
2025-03-21,216.93568420410156,217.5021918152461,209.9884097524224,210.26669685360034,94127800
2025-03-24,219.38064575195312,220.1260609084734,217.24379503613238,219.64899945464327,44299500
2025-03-25,222.38217163085938,222.7300380772677,218.73460889257407,219.42039321145907,34493600
2025-03-26,220.17576599121094,223.6444367672013,219.12224829293882,222.14365782695532,34466100
2025-03-27,222.48158264160156,223.61461307047793,219.21168633594712,220.03661426059983,37094800
2025-03-28,216.5679473876953,222.44182255065115,216.34929105853038,220.31490521146458,39818600
2025-03-31,220.77207946777344,224.24073468961828,214.90813825561798,215.683368745432,65299300
2025-04-01,221.82559204101562,222.31258685550372,217.56180927777046,218.46624988397502,36412700
2025-04-02,222.5213165283203,223.8133724100327,219.66886624627372,219.9670353213626,35905900
2025-04-03,201.94786071777344,206.22157697816277,200.0197179050274,204.28348559152053,103419000
2025-04-04,187.22840881347656,198.65810753704542,186.19475800144227,192.70471987275084,125910900
2025-04-07,180.3507080078125,192.96311894309866,173.55251067175698,176.11674047268428,160466300
2025-04-08,171.36598205566406,189.1764339595553,168.1756135141289,185.5586861535385,120859500
2025-04-09,197.6343994140625,199.38363475051753,170.83920418374143,170.89883496621582,184395900
2025-04-10,189.2559356689453,193.5892830219747,181.88129692496375,187.9141974958541,121880000
2025-04-11,196.93869018554688,198.32019241914816,184.9226007761468,184.96236474624945,87435900
2025-04-14,201.28196716308594,211.63826622013798,199.9302804535287,210.14743595954587,101352900
2025-04-15,200.90428161621094,202.26590170954893,198.57859009217825,200.6259945192588,51343900
2025-04-16,193.0823974609375,199.47308245703653,191.19400339685228,197.1473909296092,59732400
2025-04-17,195.7758331298828,197.61452992177487,193.2314851467638,195.9944894564487,52164700
2025-04-21,191.9791717529297,192.6152586778503,188.64964501381652,192.08849990403363,46742500
2025-04-22,198.51895141601562,200.35763286451953,194.7719939992729,194.92107095045932,52976400
2025-04-23,203.3492431640625,206.7284521815966,201.56024391015845,204.74067860292737,52929200
2025-04-24,207.09619140625,207.55338601533765,201.69939326414854,203.63746952607698,47311000
2025-04-25,208.00064086914062,208.46776890662989,204.9394675201618,205.10842646651815,38222300
2025-04-28,208.85536193847656,210.2070485309222,206.19175271644127,208.71621839949725,38743100
2025-04-29,209.91885375976562,210.94255602883885,207.096203506044,207.41425458581946,36827600
2025-04-30,211.20095825195312,212.2743578831654,205.4065960245207,208.0205233254963,52286500
2025-05-01,212.01596069335938,213.2483707428857,207.62296725165953,207.80187477964563,57365700
2025-05-02,204.0946807861328,205.72465469395448,200.92417915168144,204.8301473855031,101010600
2025-05-05,197.6741485595703,202.85230555244996,196.99831280299983,201.85841873478097,69018500
2025-05-06,197.2964630126953,199.42338015596502,195.81558138809015,196.9983091053983,51216500
2025-05-07,195.05027770996094,198.22077891807172,192.0686174137577,197.95242524507105,68536700
2025-05-08,196.28271484375,198.82706269335065,193.48988012199126,196.51130456752412,50478900
2025-05-09,197.3163604736328,199.3140676367793,196.33240700583877,197.78348851905432,36453900
2025-05-12,209.776123046875,210.2538252478288,205.75556156059073,209.95526516858178,63775800
2025-05-13,211.9058380126953,212.3735786127325,207.99474788922345,209.4178625594749,51909300
2025-05-14,211.30873107910156,212.91098786371114,209.56714827780408,211.40824098508043,49325800
2025-05-15,210.43296813964844,211.93571508448807,208.53215118256114,209.9353730316401,45029500
2025-05-16,210.243896484375,211.5476085279826,208.76107266186216,211.33861188422907,54737900
2025-05-19,207.7758026123047,208.47243269467637,203.2775387890809,206.90999202317107,46140500
2025-05-20,205.86505126953125,207.4673081447902,204.04385132917625,206.6711529249315,42496600
2025-05-21,201.1179962158203,206.0441849710538,199.7446439816099,204.18318404217405,59211800
2025-05-22,200.39149475097656,201.77480849030061,198.7394754118135,199.7446272097534,46742400
2025-05-23,194.3307647705078,196.74906929623725,192.52947321472183,192.73845462081462,78432900
2025-05-27,199.24703979492188,199.77448939448533,196.4803970243206,197.34622283817185,56288500
2025-05-28,199.45602416992188,201.75491117265972,198.93852099816252,199.6252046868552,45339700
2025-05-29,198.98826599121094,202.8297005493605,197.55518975609246,202.60081106845576,51396800
2025-05-30,199.8839569091797,200.98861863398105,195.8335255231089,198.41106448584634,70819900
2025-06-02,200.7298583984375,201.15779807678393,199.15745607510846,199.31669015009302,35423300
2025-06-03,202.29232788085938,202.78992300957722,199.9934408158467,200.38156440883068,46381600
2025-06-04,201.844482421875,205.24803106286797,201.12794426741362,201.93404589483336,43604000
2025-06-05,199.6649932861328,203.765171611367,199.1872911078447,202.521183994692,55126100
2025-06-06,202.93917846679688,204.7106157617459,201.07817770068002,202.0236053289331,46607700
2025-06-09,200.48104858398438,205.0091667110405,199.05793398755327,203.4069099948636,72862600
2025-06-10,201.6951904296875,203.36711781582227,199.60530017876516,199.63515466910712,54672600
2025-06-11,197.82388305664062,203.51637153393742,197.4556675860525,202.52118145308685,60989900
2025-06-12,198.24188232421875,198.71956936233477,196.4107360236097,198.12246436103902,43904600
2025-06-13,195.50511169433594,199.40625545491926,194.7587190445596,198.769334334526,51447300
2025-06-16,197.46563720703125,197.73434281232372,195.61458283187793,196.3510290449251,43020700
2025-06-17,194.69900512695312,197.4357781067605,194.27108064091922,196.25149936947125,38856200
2025-06-18,195.6344757080078,196.6197193940347,194.13174409281177,194.9975546383106,45394700
2025-06-20,200.03323364257812,200.72986375748766,195.9131467510872,197.28651411005004,96813500
2025-06-23,200.5308074951172,201.32696262150702,198.00303129313016,200.6601870689569,55814300
2025-06-24,199.33657836914062,202.4614746491071,199.23705328583006,201.61555699715424,54064000
2025-06-25,200.59051513671875,202.6903668657116,199.65503400834336,200.4810436177515,39525700
2025-06-26,200.03323364257812,201.66534499125092,198.5006473897771,200.461158146952,50799100
2025-06-27,200.11285400390625,202.24256049649406,199.03804672932017,200.91895566349635,73188600
2025-06-30,204.1831512451172,206.39247448465787,198.30157410241034,201.03834688076608,91912800
2025-07-01,206.82041931152344,209.17901505124104,205.1484920031366,205.6759415551798,78788900
2025-07-02,211.41819763183594,212.3138626915596,207.13887695509675,207.90517762155153,67941800
2025-07-03,212.52285766601562,213.61755770997246,210.7912213537831,211.12958235725722,34955800
2025-07-07,208.940185546875,215.18997897032483,207.7957228576545,211.65705062020388,50229000
2025-07-08,208.9998779296875,210.41304612040562,207.4473837253886,209.08945658408672,42848900
2025-07-09,210.1244659423828,210.31355451699514,206.22332203726856,208.52220905408606,48749400
2025-07-10,211.38833618164062,212.45318170934252,209.01977884626095,209.49746585002458,44443600
2025-07-11,210.1443634033203,211.10969909895366,208.8506131239295,209.55720483784353,39765800
2025-07-14,207.61654663085938,209.8955403849565,206.54173953773955,208.92024318716173,38840100
2025-07-15,208.10421752929688,210.87084499335577,207.9151289669034,208.21368905566166,42296300
2025-07-16,209.149169921875,211.37838618562168,207.63647661047767,209.28849593835915,47490500
2025-07-17,209.0098419189453,210.78127919114968,208.58190225319882,209.5571995447156,48068100
2025-07-18,210.16424560546875,210.77131219576944,208.69136845628208,209.85573909301036,48974600
2025-07-21,211.45799255371094,214.74212298846783,210.61209006251647,211.07983063398711,51377400
2025-07-22,213.36875915527344,213.91611676733493,211.20919838168209,212.1148250502387,46404100
2025-07-23,213.11996459960938,214.11515474984876,211.38834345684663,213.96588230147148,46989300
2025-07-24,212.73184204101562,214.65256693634578,212.50295255730364,212.87116805528336,46022600
2025-07-25,212.85125732421875,214.20471642869953,212.37355515647585,213.6673052863376,40268800
2025-07-28,213.02047729492188,213.8166325366559,212.03523347491873,213.000569237894,37858000
2025-07-29,210.2538299560547,213.7767964509494,209.80599741985404,213.14982178903043,51411700
2025-07-30,208.0445098876953,211.36844143995228,206.72090512781878,210.88079278566187,45512500
2025-07-31,206.57162475585938,208.83069544134486,206.16359315375274,207.48719786288635,80698400
2025-08-01,201.40658569335938,212.5527122409286,200.53081350952442,209.85574027592583,104434500
2025-08-04,202.37193298339844,206.88014336875773,200.70995198839026,203.52634207300898,75109300
2025-08-05,201.94398498535156,204.35234334482283,201.18764593221573,202.42167200915333,44155100
2025-08-06,212.22430419921875,214.3440641251077,204.60114383647723,204.6409599471833,108483100
2025-08-07,218.97169494628906,219.78775818606874,215.53829184895108,217.82723230897543,90224800
2025-08-08,228.24685668945312,229.8889142887861,218.19543055331755,219.76783274169614,113854000
2025-08-11,226.3438720703125,228.71511750604432,223.9327805410339,227.08115402328403,61806100
2025-08-12,228.80479431152344,229.95057099439725,226.23430307406312,227.17083074525974,55626200
2025-08-13,232.47125244140625,234.1351043372746,229.58191650034667,230.2195756343437,69878500
2025-08-14,231.92327880859375,234.25466305951576,230.0003892485326,233.1985666998313,51916300
2025-08-15,230.73764038085938,233.41774239633352,228.49592139875156,233.13877413921495,56038700
2025-08-18,230.0402374267578,232.26202593201924,229.26310933608104,230.8472538899505,37476200
2025-08-19,229.71144104003906,232.01293684851592,228.50590285589897,230.4287923573085,39402600
2025-08-20,225.17819213867188,229.6217843388592,224.93908515924198,229.13358225147155,42263900
2025-08-21,224.07228088378906,225.68632903786573,222.9564077521854,225.43724912794482,30621200
2025-08-22,226.9217529296875,228.2468598588307,224.58041092619504,225.33760837029214,42477800
2025-08-25,226.32395935058594,228.45608264282492,225.3973742361901,225.64645413109014,30983100
2025-08-26,228.46604919433594,228.6453946309622,223.86305742355088,226.03502689374838,54575100
2025-08-27,229.64170837402344,230.05018785299507,227.41990473660533,227.76862267507164,31259500
2025-08-28,231.7041015625,232.55097936868034,228.49595098757067,229.97051505486425,38074700
2025-08-29,231.28562927246094,232.52107103838586,230.51845893056873,231.65426265633033,39418400
2025-09-02,228.8745574951172,230.00040359535532,226.13467838242784,228.4062860305561,44075600
2025-09-03,237.59234619140625,237.9709525201245,233.49747185558658,236.33698891571112,66427800
2025-09-04,238.8975067138672,239.0170601981439,235.8687018920251,237.57239985348932,47549400
2025-09-05,238.80784606933594,240.43185187342493,237.61226559630578,239.1167027112504,54870400
2025-09-08,237.0045166015625,239.2661511981365,235.47017586985078,238.41928864081726,48999500
2025-09-09,233.4875030517578,237.90119155812317,232.5011411802574,236.12774389612645,66313900
2025-09-10,225.955322265625,231.56460664903227,225.118417424808,231.33545739080094,83440800
2025-09-11,229.1833953857422,229.60184779162614,225.81583028738913,226.04499474029723,50208600
2025-09-12,233.2085418701172,233.6469097348115,228.17712472443904,228.37638560886936,55824200
2025-09-15,235.82884216308594,237.31336381412066,234.16499028444412,236.1277410783948,42699500
2025-09-16,237.2735137939453,240.33222235518573,235.45026224943368,236.30708253667353,63421100
2025-09-17,238.1104278564453,239.21634322602875,236.85505542454314,238.09049720761,46508000
2025-09-18,237.0045166015625,240.31228984200703,235.77903252032195,239.08682096339746,44249600
2025-09-19,244.59645080566406,245.3935094903633,239.32592704772566,240.342162048153,163741300
2025-09-22,255.13751220703125,255.69547916115815,247.2068166293636,247.38616206443075,105517400
2025-09-23,253.49359130859375,256.3928850249964,252.64672876089196,254.9382669065294,60275200
2025-09-24,251.3813934326172,254.7987775332095,250.11606329601622,254.28068708944184,42303700
2025-09-25,255.9246063232422,256.22352044118514,250.7836088309123,252.27808820484515,55202100
2025-09-26,254.51980590820312,256.6519291955366,252.84598111295833,253.16481067495934,46076300
2025-09-29,253.49359130859375,254.06150078407975,252.07881928540593,253.62311772285494,40127700
2025-09-30,253.69287109375,254.97811672142575,252.17846100632588,253.92202035086734,37704300
2025-10-01,254.50985717773438,257.8375764362911,253.99176669154556,254.10136246357334,48713900
2025-10-02,256.18365478515625,257.229778167004,253.21461153357077,255.63566078088252,42630200
2025-10-03,257.07037353515625,258.2858846694617,253.01536064819075,253.73271197999827,49155600
2025-10-06,255.74526977539062,258.11651518827176,254.11130630837613,257.0404730386864,44664100
2025-10-07,255.53607177734375,256.45266881763376,254.48991791397023,255.86484387966763,31955800
2025-10-08,257.1102600097656,257.5685585594684,255.16742442767125,255.57591915435188,36496900
2025-10-09,253.1050262451172,257.0504585775582,252.2083446799687,256.8611554198282,38322000
2025-10-10,244.3673095703125,255.436420799504,243.10197943699816,254.00171816056968,61999100
2025-10-13,246.74851989746094,248.7710475029622,244.6562426215344,248.46219085423505,38142900
2025-10-14,246.8581085205078,247.93413549962378,243.79940008876653,245.69241642712313,35478000
2025-10-15,248.42233276367188,250.89321639065437,246.559219921403,248.57178982967116,33893600
2025-10-16,246.53929138183594,248.1234359576197,244.22783772705108,247.33635013275978,39777000
2025-10-17,251.36146545410156,252.44746537322095,246.35995200283696,247.10719170360767,49147000
2025-10-20,261.27484130859375,263.4069798400544,254.68918336894043,254.94822099113512,90483000
2025-10-21,261.8028564453125,264.313600971564,260.8663137101643,260.916147926868,46695900
2025-10-22,257.4988098144531,261.882609922878,254.4899051977633,261.6833338430701,45015300
2025-10-23,258.6246032714844,259.66078406832133,257.06040475940137,258.98329410338334,32754900
2025-10-24,261.8527526855469,263.1579290692685,258.2261343576155,260.2287466983284,38253700
2025-10-27,267.8206787109375,268.1295353654346,263.67598537979285,263.90514984178776,44888200
2025-10-28,268.0099792480469,268.89671830922975,267.1631014853557,268.00000632210845,41534800
2025-10-29,268.7073974609375,270.4110953948544,266.1269030442272,268.28892986747474,51086700
2025-10-30,270.401123046875,273.1310593223432,267.49188695276854,270.98894793982623,69886500
2025-10-31,269.37493896484375,276.29937269597025,268.16940070155243,275.9705701844509,86167100
2025-11-03,268.05975341796875,269.8531467885877,265.2700709373508,269.424736694289,50194600
2025-11-04,269.0461730957031,270.49081837885313,266.6350661079627,267.3424445625432,49274800
2025-11-05,269.14581298828125,270.7000692568828,265.94760492323326,267.6214146886098,43683100
2025-11-06,268.7771301269531,272.3937751745226,266.90407480138714,266.90407480138714,51204000
2025-11-07,267.48193359375,271.2878818962731,265.7881780523408,268.80702532983145,48227400
2025-11-10,268.6986083984375,272.9869540449525,266.7339548671466,268.22988302493957,41312400
2025-11-11,274.5028076171875,275.16101963639426,269.0675899882029,269.07757258136417,46208300
2025-11-12,272.7276306152344,274.9815052844664,270.9624464716027,274.25347600982695,48398000
2025-11-13,272.2090759277344,275.9488963676571,271.3513946141157,273.36590026791555,49602800
2025-11-14,271.6705017089844,275.21085247368256,268.8681323529343,270.31417782757546,47431300
2025-11-17,266.73394775390625,269.7557213346742,265.00866346949266,268.09027174019775,45018300
2025-11-18,266.71405029296875,269.9751630894399,264.59980979362433,269.25711627506445,45677300
2025-11-19,267.8309631347656,271.47104873805114,264.77927226211665,264.80918960656476,40424500
2025-11-20,265.5272521972656,274.68232536305425,265.1981613886433,270.09480618650156,45823600
2025-11-21,270.75299072265625,272.5879921198442,264.9488130991126,265.2280517805383,59030800
2025-11-24,275.1710205078125,276.24807542504453,270.164627965921,270.164627965921,65585800
2025-11-25,276.2181701660156,279.6189174225992,274.50283786370125,274.52277261748515,46914200
2025-11-26,276.79656982421875,278.7712060098946,275.8790842359358,276.2081750495132,33431400
2025-11-28,278.0930480957031,278.242634823177,275.2407959413455,276.50736791500816,20135600
2025-12-01,282.3315124511719,282.65065109438723,275.3904143522869,277.2553332443013,46587700
2025-12-02,285.4131164550781,286.619823290159,281.86278279875575,282.231773534172,53669500
2025-12-03,283.378662109375,287.8365294074879,282.5309633672564,285.4231155973949,43538700
2025-12-04,279.9380187988281,283.95707766942763,277.83373081751637,283.3287830094401,43989100
2025-12-05,278.02325439453125,280.37686403379615,277.29522501275557,279.77848663840757,47265800
2025-12-08,277.1356506347656,278.9108174051644,275.4003533668138,277.374989388386,38211800
2025-12-09,276.4275817871094,279.2698514894354,276.16830825817004,277.40493251311347,32193300
2025-12-10,278.02325439453125,278.9906225605669,275.6896099437804,276.99605153243056,33038300
2025-12-11,277.2752685546875,278.8310314000742,273.0667227973629,278.34237127554803,33248000
2025-12-12,277.5246276855469,278.46207855775873,276.06859927253834,277.1456542987284,39532900
2025-12-15,273.3658752441406,279.3894873363706,272.0993337942639,279.3894873363706,50409100
2025-12-16,273.8645324707031,274.752131096348,271.0522107383373,272.07941349564567,37648600
2025-12-17,271.10205078125,275.41033087528734,270.9026119684932,274.2634587890498,50138700
2025-12-18,271.4511413574219,272.88723490520505,266.22537510199504,272.8672697170699,51630700
2025-12-19,272.9271240234375,273.8545921928022,269.1673383776201,271.4112306527045,144632000
2025-12-22,270.23443603515625,273.13654030849926,269.7756932559407,272.1192896847017,36571800
2025-12-23,271.62066650390625,271.7603010837797,268.8282792538215,270.1048034873943,29642000
2025-12-24,273.06671142578125,274.6823088952694,271.46109654935304,271.60070067851706,17910600
2025-12-26,272.6578063964844,274.6224597374741,272.11926379011726,273.4157529954652,21521800
2025-12-29,273.0168762207031,273.61522314661676,271.6107000753325,271.9497734782625,23715200
2025-12-30,272.33868408203125,273.3359694836473,271.54086793463244,272.06942798009953,22139600
2025-12-31,271.12200927734375,272.9370761103812,271.0123224859311,272.3187639976345,27293600
2026-01-02,270.2743225097656,277.0857683126949,268.2697691424855,271.52092924369913,37838100
2026-01-05,266.5345153808594,270.7729784841199,265.41756056202854,269.9053450243044,45647200
2026-01-06,261.6477966308594,266.82371056256306,261.40845786144683,266.27521573774703,52352100
2026-01-07,259.623291015625,262.964203143993,259.1047135716701,262.48552563718374,48309800
2026-01-08,258.3368225097656,258.58614386359903,255.00587765735156,256.3222864925608,50419300
2026-01-09,258.6659240722656,259.5036402038468,255.52448097015204,258.3767027680543,39997000
2026-01-12,259.54351806640625,260.5906555331263,256.1028713590674,258.45648066308013,45263800
2026-01-13,260.3413391113281,261.0992857475004,257.6885867541948,258.0176775418968,45730800
2026-01-14,259.25433349609375,261.10930037675524,256.0131555781144,258.78560808748875,40019400
2026-01-15,257.5090637207031,260.3313985459844,256.35220896361545,259.9424426175537,39388600
2026-01-16,254.8363494873047,258.1971965798445,254.23797213114116,257.1999111311508,72142800
2026-01-20,246.0303192138672,254.09835490933511,242.75922413209136,252.04394930256512,80267500
2026-01-21,246.97775268554688,250.8771427168815,244.51445623630568,248.02490552393743,54641700
2026-01-22,247.67584228515625,250.31864258405668,247.47637302553753,248.52352576906395,39708300
2026-01-23,247.36668395996094,248.7329754164565,244.01580413580567,246.6486524137701,41689000
2026-01-26,254.7166748046875,255.86354695988197,249.12190294519746,250.7973351598156,55969200
2026-01-27,257.5688781738281,261.23891141767155,257.50904348719195,258.4664593428383,49648300
2026-01-28,255.743896484375,258.15731035497566,253.8191275531099,256.95060341967536,41288000
2026-01-29,257.5788879394531,258.94516415300217,253.7193980705993,257.29964922744847,67253000
2026-01-30,258.775634765625,261.1890484668085,251.49543285360957,254.47732177254832,92443400
2026-02-02,269.2770690917969,269.7557466562268,258.50636737104884,259.3241487899344,73913400
2026-02-03,268.7485046386719,271.1419837262723,266.88355520832346,268.4692659190308,64394700
2026-02-04,275.7394104003906,278.19275421850585,271.55083028665655,271.55083028665655,90545700
2026-02-05,275.1610412597656,278.7412924914769,272.48832346973,277.37501624935936,52977400
2026-02-06,277.364990234375,280.1474248180158,276.1782182606431,276.3677049075235,50453400
2026-02-09,274.13079833984375,277.70443813431814,271.2160169672847,277.41494619870406,44623400
2026-02-10,273.19244384765625,274.87943562430115,272.4537718732244,274.40031021957236,34376900
2026-02-11,275.00921630859375,279.6808719096702,273.9610989943363,274.2106536370846,51931300
2026-02-12,261.2637634277344,275.22883180172755,259.71650632997444,275.0990585104662,81077200
2026-02-13,255.32435607910156,261.7628783299504,254.9949421084194,261.5432690161623,56290700
2026-02-17,263.4099426269531,265.8156532326085,255.08478749757862,257.5903108294174,58469100
2026-02-18,263.8791198730469,266.3447212846438,261.9825104325609,263.13045584681157,34203300
2026-02-19,260.11578369140625,264.00886051677537,259.5867290635135,262.13220471573277,30845300
2026-02-20,264.1086730957031,264.2783836675007,257.7001265171608,258.50868117461044,42070500
2026-02-23,265.705810546875,268.95002088588865,262.91081074777924,263.0206001676805,37308200
2026-02-24,271.6552429199219,274.4003442568012,267.233111068832,267.38283777638213,47014600
2026-02-25,273.74151611328125,274.45024283739696,270.567157599074,271.29586819299504,33714300
2026-02-26,272.4637756347656,275.61811956353745,270.31758130113775,274.4602128097023,32345100
2026-02-27,263.70941162109375,272.3240439665745,262.4217314181026,272.3240439665745,72366500
2026-03-02,264.2484130859375,266.05518620599753,259.73647625260065,261.94253069595567,41827900
2026-03-03,263.2801818847656,265.08695529305965,259.6666350681776,263.0106738027697,38568900
2026-03-04,262.0523376464844,265.67587606267574,260.95432154975975,264.17854815272653,39803100
2026-03-05,259.8263244628906,261.09405110124777,256.79173142961054,260.3254337562426,49658600
2026-03-06,257.0013427734375,258.3090066542827,253.916851068475,258.16927189629365,41120000
2026-03-09,259.41705322265625,260.68477987096253,253.22808575123491,255.2345148744848,38218500
2026-03-10,260.3653564453125,262.01244158439727,256.4922936817907,257.19102845716964,30590800
2026-03-11,260.34539794921875,261.6630538494394,259.08763272962494,260.624897946549,26218900
2026-03-12,255.3043975830078,258.48873275942157,253.7272102811576,258.1992408199258,40794000
2026-03-13,249.6744384765625,255.87336762960538,249.07551643845036,255.024890934378,36930000
2026-03-16,252.36964416503906,253.43773019062647,249.4348789230203,251.66090222791988,32074200
2026-03-17,253.77711486816406,254.67552076289968,251.7307636559193,252.5093881906664,32361600
2026-03-18,249.49476623535156,254.48585937367065,248.55643828829037,252.1799767808244,35757900
2026-03-19,248.5165252685547,251.38140795985734,246.85947863088072,248.95572868612365,34864100
2026-03-20,247.54823303222656,248.75606899357115,245.56177255944445,247.53824109812177,88331100
2026-03-23,251.04200744628906,254.14646797882926,249.83415620831627,253.51758537106093,40546100
2026-03-24,251.1917266845703,254.37604644028636,249.10545347620703,249.90403139868116,45152300
2026-03-25,252.16998291015625,254.5457480998694,251.15181088451408,253.6473574345128,28476700
2026-03-26,252.43951416015625,256.5421934269488,250.32329549316128,251.67088153367666,41796700
2026-03-27,248.35679626464844,255.03488128462607,247.6281009352486,253.4477020992108,47900000
2026-03-30,246.19065856933594,250.4230956915925,245.07264337813007,249.62453299565456,39446200
2026-03-31,253.33790588378906,255.02489784868362,246.65983587287727,247.4683905467953,49598100
2026-04-01,255.1746368408203,255.72364490973627,252.8787309132899,253.6273948962928,40059400
2026-04-02,255.464111328125,255.6737439434535,250.20349485503914,253.74717405681358,31289400
2026-04-06,258.39886474609375,261.6930045642991,256.0031460821725,256.0530752925303,29329900
2026-04-07,253.0484161376953,255.7436185540334,245.2623079794448,255.70368128016966,62148000
2026-04-08,258.4388122558594,259.28730423338584,256.07303883918246,257.9896321241455,41032800
2026-04-09,260.0259704589844,260.6548530924392,255.61386101634736,258.5386343954405,28121600
2026-04-10,260.0159912109375,261.7229364827484,258.5585701252562,259.5168819122501,31291500
2026-04-13,258.73828125,259.71651601158027,256.2027973984465,259.2673359057164,36234700
2026-04-14,258.3689270019531,261.4634109961452,256.7318642110386,258.7881922504944,48370700
2026-04-15,265.95538330078125,266.08515659729386,257.35074355126085,257.7001261657452,49913500
2026-04-16,262.9307861328125,266.68409800240715,260.80457553569033,266.3247234477873,43323100
2026-04-17,269.7486267089844,271.8149160854778,266.24486962975914,266.4844323486072,61436200
2026-04-20,272.5635681152344,273.7913879220191,269.80850557942483,269.84841238867654,36590200
2026-04-21,265.69586181640625,272.3140256362382,264.9272139873882,271.0163536236942,50209800
2026-04-22,272.68341064453125,273.2523721409737,266.39461467279705,267.3429346055621,43249200
2026-04-23,272.9429016113281,275.2787294551341,271.1660737405759,274.56001085217736,33399600
2026-04-24,270.5771179199219,272.5735550213531,269.16962610782736,272.2741016414235,38157100
2026-04-27,267.1332702636719,267.88193422863776,264.59781690250213,265.6159889280984,41466800
2026-04-28,270.2277526855469,272.7432830913257,268.181416710472,271.8548539018017,40018900
2026-04-29,269.688720703125,270.55716597281076,266.56429174844374,267.07336249706583,30047900
2026-04-30,270.86663818359375,275.50834883767226,267.6623648300734,270.018146234023,91848200
2026-05-01,279.6409912109375,286.70836594964845,277.8741246788477,278.3632420760759,79915400
2026-05-04,276.3368225097656,280.13007120517506,274.3703307853319,279.16179801165765,46668400
2026-05-05,283.67376708984375,284.0630869835518,276.00745521106614,276.43668191704,49311700
2026-05-06,286.99786376953125,287.5169265187869,280.5693330033821,281.4178249779708,58336100
2026-05-07,286.927978515625,291.6096265406606,285.2709318587503,288.75470528792926,45224300
2026-05-08,292.7974853515625,294.2349225642168,289.48339230776435,289.49338424193445,52692800
2026-05-11,292.42779541015625,293.6267735875138,289.979924827367,291.72841688276577,42247300
2026-05-12,294.54595947265625,295.0155556946294,292.3078994315659,292.3078994315659,45748100
2026-05-13,298.6124572753906,300.6607090744109,293.24708951115105,293.24708951115105,52684300
2026-05-14,297.9530334472656,300.1911240450107,295.12548538387824,299.5616620172475,35324900
2026-05-15,299.9713134765625,302.93875555297063,296.26448829773227,297.643304079477,54862800
2026-05-18,297.5833435058594,300.4009207908792,294.6558756451712,299.98126929450746,34483000
2026-05-19,298.7123718261719,300.2510533099592,296.09463441963413,296.7140952726279,42243600
2026-05-20,301.98956298828125,302.5390768782648,297.82314269813475,297.9230626302997,38229800
2026-05-21,304.7271728515625,305.27671719779084,300.1411318265125,300.80056674721834,42965100
2026-05-22,308.55389404296875,311.13165741506583,305.57645096183757,305.85620846339293,43670200
2026-05-26,308.0643005371094,311.5513139598484,307.4048960873393,309.29325163060713,48000500
2026-05-27,310.5821533203125,312.9900803339556,308.0343323058515,308.0643052358437,50430900
2026-05-28,312.24072265625,312.5304508120942,309.30325358892543,310.412282475935,48220400
2026-05-29,311.7911071777344,314.7285763294451,309.2632884033746,311.5113496628706,70026800
2026-06-01,306.0460510253906,310.67206624496237,304.7571540774977,309.363197507879,48849900
2026-06-02,314.92840576171875,315.1781903378333,306.42572903356995,307.1950545511415,44534700
2026-06-03,309.9926452636719,316.6668815001487,308.5838566628498,313.9092501546009,50836700
2026-06-04,310.9618225097656,313.26982953176514,309.38316692864953,312.96009909963743,44869100
2026-06-05,307.0751647949219,314.8984348439246,306.8853260765596,312.5903972939029,65310500
2026-06-08,301.2801818847656,317.1265012321255,300.9105055796523,308.4739595974908,77949100
2026-06-09,290.29962158203125,300.4908444635933,287.5320194610898,300.0212482417878,70108800
2026-06-10,291.3287353515625,294.4960172141002,287.1323727394638,290.4894628291428,52793300
2026-06-11,295.375244140625,296.7440586571729,289.3404406054596,293.4668864344149,42572500
2026-06-12,290.879150390625,296.88398158337014,289.3704417369658,295.7749221682621,38742100
2026-06-15,296.1645812988281,297.5233947188816,291.4486474146935,293.8665449684006,45732600
2026-06-16,298.9821472167969,300.2210994929347,293.71669913987887,294.99559499590845,39874400
2026-06-17,295.6949768066406,301.8096980081642,294.10632015937927,300.59074812548096,42745100
2026-06-18,297.7532043457031,300.31099586682666,295.3652492546472,297.8530937792582,85962200
2026-06-22,296.75408935546875,302.1594314563154,296.5043047694293,297.05381866220307,44879900
2026-06-23,294.04638671875,301.3800886038737,293.9264950024863,297.2836155142734,52010900
2026-06-24,292.8274230957031,299.4417438827621,292.68755959702736,295.1054570720635,53081900
2026-06-25,274.91290283203125,288.55113481081804,273.5141152813601,287.1523472601469,107013700
2026-06-26,283.53546142578125,285.70360492137456,273.9737007161028,274.7630284991681,261775500
2026-06-29,281.4972229003906,288.12151489662153,279.6088673150861,286.4829438934296,66427000
2026-06-30,289.11065673828125,289.69017405322865,280.45814550695326,280.9277417485351,65100200
2026-07-01,294.1263427734375,296.33442991747245,288.95081360688545,293.1871503157195,50164200
2026-07-02,308.3640441894531,309.15337194761725,293.4269150966668,293.866538367699,75352800
2026-07-06,312.3905944824219,313.9292760509671,306.7354678654279,307.0951430290638,53590000
2026-07-07,310.3923034667969,315.20815732134815,309.88273318392555,315.0183186077797,42490000
2026-07-08,313.1199645996094,314.5487250421545,306.7854009831778,311.6412289475945,41323500
2026-07-09,315.947509765625,316.2572401947346,307.8944576262147,310.24243869469103,48124500
2026-07-10,315.0483093261719,316.6369356310425,311.9010296470402,314.4488202226986,34132300
2026-07-13,317.03656005859375,323.171283634363,315.5078797345754,316.7468014245228,43257800
2026-07-14,314.58868408203125,315.91755515351207,311.64124426456783,313.48965629761443,36336800
2026-07-15,327.2178039550781,328.44675508114506,317.0465830462295,317.34631234952286,60957600
2026-07-16,332.97283935546875,334.3915986652446,326.50841333986017,327.72736328456057,62970600
2026-07-17,333.452392578125,334.7013154010385,328.71648699084636,331.693929977533,63407100
2026-07-20,326.3085632324219,333.4224228207836,323.4010672140761,333.2226134619852,53468000
2026-07-21,327.45758056640625,329.3159936819017,321.94234806189104,322.85156758462244,41338900
2026-07-22,325.60919189453125,328.7164973399543,323.0613709608057,327.58746619388995,38755900
2026-07-23,321.3828430175781,323.0214140443725,319.0748358849152,321.4527900194849,40840800
2026-07-24,332.7330322265625,334.0818750563203,321.3428614810286,321.5127284115298,47489400
2026-07-27,336.61968994140625,339.277401491225,333.73216560461384,334.2517370375488,49604300
2026-07-28,339.78692626953125,342.59453283396704,335.31080637618777,339.73698155301014,51859000
2026-07-29,337.8985900878906,344.2730974331505,337.0593175600121,339.43727163464206,56090800
2026-07-30,333.1426696777344,334.4615395264105,329.30598233808786,332.8129674612056,74817800
2026-07-31,308.6438293457031,310.4222943774597,299.7415030462749,304.54735603914753,132489100
2026-08-03,303.1585693359375,311.5313230344714,302.29929450581176,309.313234694189,75052000
2026-08-04,309.1134033203125,310.1525156602479,301.0603512911937,302.46913991298527,68001000
2026-08-05,310.7320251464844,311.4414048335362,305.40663118634393,309.09342362565195,49438800
2026-08-06,312.14080810546875,316.0174696892129,308.96355554648414,314.06913775686996,46139900
2026-08-07,313.05999755859375,314.53873325457766,310.47223295908327,311.1816431226555,34437200
2026-08-10,308.260009765625,308.260009765625,304.6099853515625,306.8299865722656,44812500
2026-08-11,304.9100036621094,309.9700012207031,302.7900085449219,307.75,37476700
2026-08-12,302.25,305.6600036621094,300.57000732421875,305.1000061035156,41657800
2026-08-13,305.260009765625,306.0,302.04998779296875,304.2099914550781,40349300
2026-08-14,305.92999267578125,307.489990234375,304.29998779296875,306.0,28229400
2026-08-17,305.5899963378906,307.6600036621094,302.94000244140625,306.2099914550781,38169300
2026-08-18,310.0299987792969,311.489990234375,305.739990234375,307.5799865722656,53424500
2026-08-19,316.8299865722656,319.2799987792969,309.6000061035156,310.1400146484375,50505600
2026-08-20,311.29998779296875,320.2799987792969,310.6499938964844,317.4599914550781,40959200
2026-08-21,309.3500061035156,312.3800048828125,307.010009765625,312.04998779296875,46876800
2026-08-24,310.3399963378906,313.3599853515625,309.9700012207031,311.4700012207031,34673600
2026-08-25,309.8999938964844,313.5899963378906,308.2099914550781,310.7900085449219,25869800
2026-08-26,313.45001220703125,315.42999267578125,308.79998779296875,310.29998779296875,34024500
2026-08-27,314.5799865722656,315.3999938964844,309.3999938964844,310.54998779296875,32419200
2026-08-28,319.70001220703125,322.3699951171875,315.45001220703125,316.8500061035156,38649400
2026-08-31,316.8500061035156,321.239990234375,312.79998779296875,319.6000061035156,41242700
2026-09-01,325.1300048828125,327.29998779296875,314.7300109863281,316.9800109863281,53167400
2026-09-02,324.9599914550781,328.3999938964844,323.5299987792969,326.8699951171875,33776400
2026-09-03,328.2099914550781,330.80999755859375,324.1099853515625,324.8699951171875,37203500
2026-09-04,321.3500061035156,328.92999267578125,317.8599853515625,328.30499267578125,20899600
